Datetime,100035541 (Neutor),101035541 (Neutor stadteinwärts),102035541 (Neutor stadtauswärts),100035541-status,101035541-status,102035541-status
2026-06-01 00:00,7,5,2,validated,validated,validated
2026-06-01 00:15,5,3,2,validated,validated,validated
2026-06-01 00:30,8,3,5,validated,validated,validated
2026-06-01 00:45,5,1,4,validated,validated,validated
2026-06-01 01:00,5,0,5,validated,validated,validated
2026-06-01 01:15,17,7,10,validated,validated,validated
2026-06-01 01:30,2,1,1,validated,validated,validated
2026-06-01 01:45,1,0,1,validated,validated,validated
2026-06-01 02:00,4,3,1,validated,validated,validated
2026-06-01 02:15,3,0,3,validated,validated,validated
2026-06-01 02:30,0,0,0,validated,validated,validated
2026-06-01 02:45,2,0,2,validated,validated,validated
2026-06-01 03:00,4,1,3,validated,validated,validated
2026-06-01 03:15,1,0,1,validated,validated,validated
2026-06-01 03:30,3,2,1,validated,validated,validated
2026-06-01 03:45,1,0,1,validated,validated,validated
2026-06-01 04:00,2,1,1,validated,validated,validated
2026-06-01 04:15,2,2,0,validated,validated,validated
2026-06-01 04:30,4,3,1,validated,validated,validated
2026-06-01 04:45,4,3,1,validated,validated,validated
2026-06-01 05:00,7,6,1,validated,validated,validated
2026-06-01 05:15,10,10,0,validated,validated,validated
2026-06-01 05:30,21,15,6,validated,validated,validated
2026-06-01 05:45,29,20,9,validated,validated,validated
2026-06-01 06:00,36,28,8,validated,validated,validated
2026-06-01 06:15,46,31,15,validated,validated,validated
2026-06-01 06:30,75,43,32,validated,validated,validated
2026-06-01 06:45,77,45,32,validated,validated,validated
2026-06-01 07:00,92,56,36,validated,validated,validated
2026-06-01 07:15,173,109,64,validated,validated,validated
2026-06-01 07:30,304,218,86,validated,validated,validated
2026-06-01 07:45,313,171,142,validated,validated,validated
2026-06-01 08:00,311,132,179,validated,validated,validated
2026-06-01 08:15,237,147,90,validated,validated,validated
2026-06-01 08:30,214,110,104,validated,validated,validated
2026-06-01 08:45,218,119,99,validated,validated,validated
2026-06-01 09:00,141,87,54,validated,validated,validated
2026-06-01 09:15,141,87,54,validated,validated,validated
2026-06-01 09:30,161,96,65,validated,validated,validated
2026-06-01 09:45,286,153,133,validated,validated,validated
2026-06-01 10:00,307,193,114,validated,validated,validated
2026-06-01 10:15,105,52,53,validated,validated,validated
2026-06-01 10:30,126,60,66,validated,validated,validated
2026-06-01 10:45,144,81,63,validated,validated,validated
2026-06-01 11:00,125,59,66,validated,validated,validated
2026-06-01 11:15,120,74,46,validated,validated,validated
2026-06-01 11:30,182,83,99,validated,validated,validated
2026-06-01 11:45,341,166,175,validated,validated,validated
2026-06-01 12:00,287,151,136,validated,validated,validated
2026-06-01 12:15,210,104,106,validated,validated,validated
2026-06-01 12:30,157,81,76,validated,validated,validated
2026-06-01 12:45,185,104,81,validated,validated,validated
2026-06-01 13:00,215,87,128,validated,validated,validated
2026-06-01 13:15,202,91,111,validated,validated,validated
2026-06-01 13:30,198,97,101,validated,validated,validated
2026-06-01 13:45,329,158,171,validated,validated,validated
2026-06-01 14:00,338,159,179,validated,validated,validated
2026-06-01 14:15,219,112,107,validated,validated,validated
2026-06-01 14:30,203,88,115,validated,validated,validated
2026-06-01 14:45,210,99,111,validated,validated,validated
2026-06-01 15:00,204,87,117,validated,validated,validated
2026-06-01 15:15,203,85,118,validated,validated,validated
2026-06-01 15:30,300,120,180,validated,validated,validated
2026-06-01 15:45,376,168,208,validated,validated,validated
2026-06-01 16:00,395,196,199,validated,validated,validated
2026-06-01 16:15,272,122,150,validated,validated,validated
2026-06-01 16:30,282,136,146,validated,validated,validated
2026-06-01 16:45,290,114,176,validated,validated,validated
2026-06-01 17:00,293,127,166,validated,validated,validated
2026-06-01 17:15,336,127,209,validated,validated,validated
2026-06-01 17:30,311,136,175,validated,validated,validated
2026-06-01 17:45,467,160,307,validated,validated,validated
2026-06-01 18:00,351,160,191,validated,validated,validated
2026-06-01 18:15,297,110,187,validated,validated,validated
2026-06-01 18:30,267,118,149,validated,validated,validated
2026-06-01 18:45,264,130,134,validated,validated,validated
2026-06-01 19:00,225,92,133,validated,validated,validated
2026-06-01 19:15,238,100,138,validated,validated,validated
2026-06-01 19:30,200,88,112,validated,validated,validated
2026-06-01 19:45,239,109,130,validated,validated,validated
2026-06-01 20:00,176,91,85,validated,validated,validated
2026-06-01 20:15,165,76,89,validated,validated,validated
2026-06-01 20:30,169,82,87,validated,validated,validated
2026-06-01 20:45,151,76,75,validated,validated,validated
2026-06-01 21:00,128,69,59,validated,validated,validated
2026-06-01 21:15,168,104,64,validated,validated,validated
2026-06-01 21:30,141,64,77,validated,validated,validated
2026-06-01 21:45,118,58,60,validated,validated,validated
2026-06-01 22:00,145,65,80,validated,validated,validated
2026-06-01 22:15,92,38,54,validated,validated,validated
2026-06-01 22:30,59,33,26,validated,validated,validated
2026-06-01 22:45,76,28,48,validated,validated,validated
2026-06-01 23:00,55,25,30,validated,validated,validated
2026-06-01 23:15,48,18,30,validated,validated,validated
2026-06-01 23:30,41,11,30,validated,validated,validated
2026-06-01 23:45,28,16,12,validated,validated,validated
2026-06-02 00:00,26,9,17,validated,validated,validated
2026-06-02 00:15,23,7,16,validated,validated,validated
2026-06-02 00:30,14,2,12,validated,validated,validated
2026-06-02 00:45,8,4,4,validated,validated,validated
2026-06-02 01:00,10,4,6,validated,validated,validated
2026-06-02 01:15,9,3,6,validated,validated,validated
2026-06-02 01:30,3,3,0,validated,validated,validated
2026-06-02 01:45,12,1,11,validated,validated,validated
2026-06-02 02:00,2,2,0,validated,validated,validated
2026-06-02 02:15,1,0,1,validated,validated,validated
2026-06-02 02:30,2,0,2,validated,validated,validated
2026-06-02 02:45,4,1,3,validated,validated,validated
2026-06-02 03:00,5,1,4,validated,validated,validated
2026-06-02 03:15,1,0,1,validated,validated,validated
2026-06-02 03:30,2,1,1,validated,validated,validated
2026-06-02 03:45,1,1,0,validated,validated,validated
2026-06-02 04:00,3,1,2,validated,validated,validated
2026-06-02 04:15,5,2,3,validated,validated,validated
2026-06-02 04:30,3,2,1,validated,validated,validated
2026-06-02 04:45,5,4,1,validated,validated,validated
2026-06-02 05:00,7,5,2,validated,validated,validated
2026-06-02 05:15,13,10,3,validated,validated,validated
2026-06-02 05:30,20,12,8,validated,validated,validated
2026-06-02 05:45,32,22,10,validated,validated,validated
2026-06-02 06:00,29,22,7,validated,validated,validated
2026-06-02 06:15,54,41,13,validated,validated,validated
2026-06-02 06:30,63,34,29,validated,validated,validated
2026-06-02 06:45,90,55,35,validated,validated,validated
2026-06-02 07:00,109,71,38,validated,validated,validated
2026-06-02 07:15,169,113,56,validated,validated,validated
2026-06-02 07:30,259,184,75,validated,validated,validated
2026-06-02 07:45,343,187,156,validated,validated,validated
2026-06-02 08:00,352,174,178,validated,validated,validated
2026-06-02 08:15,245,137,108,validated,validated,validated
2026-06-02 08:30,198,103,95,validated,validated,validated
2026-06-02 08:45,243,133,110,validated,validated,validated
2026-06-02 09:00,157,86,71,validated,validated,validated
2026-06-02 09:15,137,79,58,validated,validated,validated
2026-06-02 09:30,184,95,89,validated,validated,validated
2026-06-02 09:45,363,159,204,validated,validated,validated
2026-06-02 10:00,348,203,145,validated,validated,validated
2026-06-02 10:15,140,87,53,validated,validated,validated
2026-06-02 10:30,137,70,67,validated,validated,validated
2026-06-02 10:45,151,80,71,validated,validated,validated
2026-06-02 11:00,131,68,63,validated,validated,validated
2026-06-02 11:15,147,74,73,validated,validated,validated
2026-06-02 11:30,163,85,78,validated,validated,validated
2026-06-02 11:45,400,188,212,validated,validated,validated
2026-06-02 12:00,302,179,123,validated,validated,validated
2026-06-02 12:15,194,89,105,validated,validated,validated
2026-06-02 12:30,197,92,105,validated,validated,validated
2026-06-02 12:45,220,95,125,validated,validated,validated
2026-06-02 13:00,248,88,160,validated,validated,validated
2026-06-02 13:15,211,92,119,validated,validated,validated
2026-06-02 13:30,183,70,113,validated,validated,validated
2026-06-02 13:45,344,166,178,validated,validated,validated
2026-06-02 14:00,250,123,127,validated,validated,validated
2026-06-02 14:15,186,95,91,validated,validated,validated
2026-06-02 14:30,170,72,98,validated,validated,validated
2026-06-02 14:45,214,101,113,validated,validated,validated
2026-06-02 15:00,153,72,81,validated,validated,validated
2026-06-02 15:15,209,93,116,validated,validated,validated
2026-06-02 15:30,242,111,131,validated,validated,validated
2026-06-02 15:45,383,193,190,validated,validated,validated
2026-06-02 16:00,365,182,183,validated,validated,validated
2026-06-02 16:15,255,140,115,validated,validated,validated
2026-06-02 16:30,240,114,126,validated,validated,validated
2026-06-02 16:45,266,129,137,validated,validated,validated
2026-06-02 17:00,264,113,151,validated,validated,validated
2026-06-02 17:15,295,138,157,validated,validated,validated
2026-06-02 17:30,356,160,196,validated,validated,validated
2026-06-02 17:45,411,166,245,validated,validated,validated
2026-06-02 18:00,218,71,147,validated,validated,validated
2026-06-02 18:15,117,46,71,validated,validated,validated
2026-06-02 18:30,157,52,105,validated,validated,validated
2026-06-02 18:45,151,67,84,validated,validated,validated
2026-06-02 19:00,111,53,58,validated,validated,validated
2026-06-02 19:15,146,67,79,validated,validated,validated
2026-06-02 19:30,174,78,96,validated,validated,validated
2026-06-02 19:45,164,68,96,validated,validated,validated
2026-06-02 20:00,144,65,79,validated,validated,validated
2026-06-02 20:15,95,29,66,validated,validated,validated
2026-06-02 20:30,78,37,41,validated,validated,validated
2026-06-02 20:45,86,41,45,validated,validated,validated
2026-06-02 21:00,82,38,44,validated,validated,validated
2026-06-02 21:15,59,27,32,validated,validated,validated
2026-06-02 21:30,91,39,52,validated,validated,validated
2026-06-02 21:45,81,37,44,validated,validated,validated
2026-06-02 22:00,64,20,44,validated,validated,validated
2026-06-02 22:15,90,48,42,validated,validated,validated
2026-06-02 22:30,53,18,35,validated,validated,validated
2026-06-02 22:45,60,26,34,validated,validated,validated
2026-06-02 23:00,40,7,33,validated,validated,validated
2026-06-02 23:15,28,10,18,validated,validated,validated
2026-06-02 23:30,32,10,22,validated,validated,validated
2026-06-02 23:45,32,17,15,validated,validated,validated
2026-06-03 00:00,31,8,23,validated,validated,validated
2026-06-03 00:15,16,5,11,validated,validated,validated
2026-06-03 00:30,9,2,7,validated,validated,validated
2026-06-03 00:45,8,4,4,validated,validated,validated
2026-06-03 01:00,8,1,7,validated,validated,validated
2026-06-03 01:15,2,1,1,validated,validated,validated
2026-06-03 01:30,5,2,3,validated,validated,validated
2026-06-03 01:45,7,4,3,validated,validated,validated
2026-06-03 02:00,2,2,0,validated,validated,validated
2026-06-03 02:15,2,0,2,validated,validated,validated
2026-06-03 02:30,3,3,0,validated,validated,validated
2026-06-03 02:45,0,0,0,validated,validated,validated
2026-06-03 03:00,0,0,0,validated,validated,validated
2026-06-03 03:15,1,1,0,validated,validated,validated
2026-06-03 03:30,0,0,0,validated,validated,validated
2026-06-03 03:45,3,2,1,validated,validated,validated
2026-06-03 04:00,3,1,2,validated,validated,validated
2026-06-03 04:15,4,3,1,validated,validated,validated
2026-06-03 04:30,3,2,1,validated,validated,validated
2026-06-03 04:45,2,2,0,validated,validated,validated
2026-06-03 05:00,11,7,4,validated,validated,validated
2026-06-03 05:15,8,6,2,validated,validated,validated
2026-06-03 05:30,19,10,9,validated,validated,validated
2026-06-03 05:45,25,19,6,validated,validated,validated
2026-06-03 06:00,26,21,5,validated,validated,validated
2026-06-03 06:15,51,41,10,validated,validated,validated
2026-06-03 06:30,61,43,18,validated,validated,validated
2026-06-03 06:45,87,52,35,validated,validated,validated
2026-06-03 07:00,97,61,36,validated,validated,validated
2026-06-03 07:15,168,121,47,validated,validated,validated
2026-06-03 07:30,238,172,66,validated,validated,validated
2026-06-03 07:45,317,159,158,validated,validated,validated
2026-06-03 08:00,340,173,167,validated,validated,validated
2026-06-03 08:15,260,124,136,validated,validated,validated
2026-06-03 08:30,213,113,100,validated,validated,validated
2026-06-03 08:45,247,133,114,validated,validated,validated
2026-06-03 09:00,166,92,74,validated,validated,validated
2026-06-03 09:15,136,73,63,validated,validated,validated
2026-06-03 09:30,203,102,101,validated,validated,validated
2026-06-03 09:45,295,136,159,validated,validated,validated
2026-06-03 10:00,326,195,131,validated,validated,validated
2026-06-03 10:15,156,78,78,validated,validated,validated
2026-06-03 10:30,140,71,69,validated,validated,validated
2026-06-03 10:45,145,86,59,validated,validated,validated
2026-06-03 11:00,135,72,63,validated,validated,validated
2026-06-03 11:15,146,70,76,validated,validated,validated
2026-06-03 11:30,199,84,115,validated,validated,validated
2026-06-03 11:45,289,138,151,validated,validated,validated
2026-06-03 12:00,299,176,123,validated,validated,validated
2026-06-03 12:15,213,100,113,validated,validated,validated
2026-06-03 12:30,208,93,115,validated,validated,validated
2026-06-03 12:45,241,118,123,validated,validated,validated
2026-06-03 13:00,206,93,113,validated,validated,validated
2026-06-03 13:15,215,101,114,validated,validated,validated
2026-06-03 13:30,204,106,98,validated,validated,validated
2026-06-03 13:45,313,144,169,validated,validated,validated
2026-06-03 14:00,303,159,144,validated,validated,validated
2026-06-03 14:15,239,118,121,validated,validated,validated
2026-06-03 14:30,234,97,137,validated,validated,validated
2026-06-03 14:45,231,105,126,validated,validated,validated
2026-06-03 15:00,159,72,87,validated,validated,validated
2026-06-03 15:15,198,79,119,validated,validated,validated
2026-06-03 15:30,243,117,126,validated,validated,validated
2026-06-03 15:45,380,193,187,validated,validated,validated
2026-06-03 16:00,340,161,179,validated,validated,validated
2026-06-03 16:15,243,126,117,validated,validated,validated
2026-06-03 16:30,239,119,120,validated,validated,validated
2026-06-03 16:45,238,107,131,validated,validated,validated
2026-06-03 17:00,293,166,127,validated,validated,validated
2026-06-03 17:15,289,132,157,validated,validated,validated
2026-06-03 17:30,256,128,128,validated,validated,validated
2026-06-03 17:45,385,162,223,validated,validated,validated
2026-06-03 18:00,328,149,179,validated,validated,validated
2026-06-03 18:15,246,116,130,validated,validated,validated
2026-06-03 18:30,212,100,112,validated,validated,validated
2026-06-03 18:45,234,129,105,validated,validated,validated
2026-06-03 19:00,241,117,124,validated,validated,validated
2026-06-03 19:15,269,156,113,validated,validated,validated
2026-06-03 19:30,204,101,103,validated,validated,validated
2026-06-03 19:45,224,102,122,validated,validated,validated
2026-06-03 20:00,210,111,99,validated,validated,validated
2026-06-03 20:15,186,90,96,validated,validated,validated
2026-06-03 20:30,119,66,53,validated,validated,validated
2026-06-03 20:45,114,62,52,validated,validated,validated
2026-06-03 21:00,126,65,61,validated,validated,validated
2026-06-03 21:15,122,65,57,validated,validated,validated
2026-06-03 21:30,93,47,46,validated,validated,validated
2026-06-03 21:45,85,33,52,validated,validated,validated
2026-06-03 22:00,98,52,46,validated,validated,validated
2026-06-03 22:15,91,37,54,validated,validated,validated
2026-06-03 22:30,134,53,81,validated,validated,validated
2026-06-03 22:45,102,54,48,validated,validated,validated
2026-06-03 23:00,86,41,45,validated,validated,validated
2026-06-03 23:15,113,65,48,validated,validated,validated
2026-06-03 23:30,77,38,39,validated,validated,validated
2026-06-03 23:45,65,27,38,validated,validated,validated
2026-06-04 00:00,94,44,50,validated,validated,validated
2026-06-04 00:15,93,20,73,validated,validated,validated
2026-06-04 00:30,50,7,43,validated,validated,validated
2026-06-04 00:45,109,55,54,validated,validated,validated
2026-06-04 01:00,90,30,60,validated,validated,validated
2026-06-04 01:15,97,26,71,validated,validated,validated
2026-06-04 01:30,81,19,62,validated,validated,validated
2026-06-04 01:45,84,14,70,validated,validated,validated
2026-06-04 02:00,61,8,53,validated,validated,validated
2026-06-04 02:15,62,12,50,validated,validated,validated
2026-06-04 02:30,28,3,25,validated,validated,validated
2026-06-04 02:45,38,7,31,validated,validated,validated
2026-06-04 03:00,67,10,57,validated,validated,validated
2026-06-04 03:15,44,4,40,validated,validated,validated
2026-06-04 03:30,28,5,23,validated,validated,validated
2026-06-04 03:45,32,4,28,validated,validated,validated
2026-06-04 04:00,18,2,16,validated,validated,validated
2026-06-04 04:15,13,0,13,validated,validated,validated
2026-06-04 04:30,8,1,7,validated,validated,validated
2026-06-04 04:45,19,3,16,validated,validated,validated
2026-06-04 05:00,16,3,13,validated,validated,validated
2026-06-04 05:15,6,2,4,validated,validated,validated
2026-06-04 05:30,11,5,6,validated,validated,validated
2026-06-04 05:45,11,2,9,validated,validated,validated
2026-06-04 06:00,7,4,3,validated,validated,validated
2026-06-04 06:15,9,6,3,validated,validated,validated
2026-06-04 06:30,12,6,6,validated,validated,validated
2026-06-04 06:45,11,5,6,validated,validated,validated
2026-06-04 07:00,10,5,5,validated,validated,validated
2026-06-04 07:15,11,7,4,validated,validated,validated
2026-06-04 07:30,9,7,2,validated,validated,validated
2026-06-04 07:45,28,24,4,validated,validated,validated
2026-06-04 08:00,11,7,4,validated,validated,validated
2026-06-04 08:15,18,9,9,validated,validated,validated
2026-06-04 08:30,41,26,15,validated,validated,validated
2026-06-04 08:45,38,21,17,validated,validated,validated
2026-06-04 09:00,40,25,15,validated,validated,validated
2026-06-04 09:15,44,29,15,validated,validated,validated
2026-06-04 09:30,48,17,31,validated,validated,validated
2026-06-04 09:45,87,44,43,validated,validated,validated
2026-06-04 10:00,58,35,23,validated,validated,validated
2026-06-04 10:15,69,32,37,validated,validated,validated
2026-06-04 10:30,66,35,31,validated,validated,validated
2026-06-04 10:45,88,54,34,validated,validated,validated
2026-06-04 11:00,65,33,32,validated,validated,validated
2026-06-04 11:15,57,30,27,validated,validated,validated
2026-06-04 11:30,67,37,30,validated,validated,validated
2026-06-04 11:45,94,54,40,validated,validated,validated
2026-06-04 12:00,85,52,33,validated,validated,validated
2026-06-04 12:15,85,48,37,validated,validated,validated
2026-06-04 12:30,98,58,40,validated,validated,validated
2026-06-04 12:45,80,49,31,validated,validated,validated
2026-06-04 13:00,94,61,33,validated,validated,validated
2026-06-04 13:15,85,45,40,validated,validated,validated
2026-06-04 13:30,82,39,43,validated,validated,validated
2026-06-04 13:45,113,59,54,validated,validated,validated
2026-06-04 14:00,104,52,52,validated,validated,validated
2026-06-04 14:15,95,45,50,validated,validated,validated
2026-06-04 14:30,92,34,58,validated,validated,validated
2026-06-04 14:45,74,42,32,validated,validated,validated
2026-06-04 15:00,77,36,41,validated,validated,validated
2026-06-04 15:15,53,25,28,validated,validated,validated
2026-06-04 15:30,48,18,30,validated,validated,validated
2026-06-04 15:45,80,37,43,validated,validated,validated
2026-06-04 16:00,44,18,26,validated,validated,validated
2026-06-04 16:15,71,34,37,validated,validated,validated
2026-06-04 16:30,62,31,31,validated,validated,validated
2026-06-04 16:45,71,34,37,validated,validated,validated
2026-06-04 17:00,74,25,49,validated,validated,validated
2026-06-04 17:15,62,29,33,validated,validated,validated
2026-06-04 17:30,74,29,45,validated,validated,validated
2026-06-04 17:45,125,54,71,validated,validated,validated
2026-06-04 18:00,117,48,69,validated,validated,validated
2026-06-04 18:15,108,50,58,validated,validated,validated
2026-06-04 18:30,99,47,52,validated,validated,validated
2026-06-04 18:45,113,62,51,validated,validated,validated
2026-06-04 19:00,118,61,57,validated,validated,validated
2026-06-04 19:15,94,41,53,validated,validated,validated
2026-06-04 19:30,95,47,48,validated,validated,validated
2026-06-04 19:45,92,58,34,validated,validated,validated
2026-06-04 20:00,100,45,55,validated,validated,validated
2026-06-04 20:15,66,28,38,validated,validated,validated
2026-06-04 20:30,51,20,31,validated,validated,validated
2026-06-04 20:45,73,30,43,validated,validated,validated
2026-06-04 21:00,89,32,57,validated,validated,validated
2026-06-04 21:15,63,27,36,validated,validated,validated
2026-06-04 21:30,49,21,28,validated,validated,validated
2026-06-04 21:45,54,21,33,validated,validated,validated
2026-06-04 22:00,55,28,27,validated,validated,validated
2026-06-04 22:15,73,26,47,validated,validated,validated
2026-06-04 22:30,49,18,31,validated,validated,validated
2026-06-04 22:45,51,15,36,validated,validated,validated
2026-06-04 23:00,45,10,35,validated,validated,validated
2026-06-04 23:15,31,6,25,validated,validated,validated
2026-06-04 23:30,41,10,31,validated,validated,validated
2026-06-04 23:45,25,11,14,validated,validated,validated
2026-06-05 00:00,28,4,24,validated,validated,validated
2026-06-05 00:15,14,9,5,validated,validated,validated
2026-06-05 00:30,16,3,13,validated,validated,validated
2026-06-05 00:45,16,4,12,validated,validated,validated
2026-06-05 01:00,19,4,15,validated,validated,validated
2026-06-05 01:15,21,6,15,validated,validated,validated
2026-06-05 01:30,16,3,13,validated,validated,validated
2026-06-05 01:45,8,1,7,validated,validated,validated
2026-06-05 02:00,8,4,4,validated,validated,validated
2026-06-05 02:15,5,0,5,validated,validated,validated
2026-06-05 02:30,4,1,3,validated,validated,validated
2026-06-05 02:45,0,0,0,validated,validated,validated
2026-06-05 03:00,0,0,0,validated,validated,validated
2026-06-05 03:15,1,0,1,validated,validated,validated
2026-06-05 03:30,3,2,1,validated,validated,validated
2026-06-05 03:45,3,2,1,validated,validated,validated
2026-06-05 04:00,3,1,2,validated,validated,validated
2026-06-05 04:15,4,2,2,validated,validated,validated
2026-06-05 04:30,3,2,1,validated,validated,validated
2026-06-05 04:45,2,2,0,validated,validated,validated
2026-06-05 05:00,4,3,1,validated,validated,validated
2026-06-05 05:15,6,2,4,validated,validated,validated
2026-06-05 05:30,9,8,1,validated,validated,validated
2026-06-05 05:45,17,10,7,validated,validated,validated
2026-06-05 06:00,19,11,8,validated,validated,validated
2026-06-05 06:15,32,24,8,validated,validated,validated
2026-06-05 06:30,42,20,22,validated,validated,validated
2026-06-05 06:45,61,44,17,validated,validated,validated
2026-06-05 07:00,60,37,23,validated,validated,validated
2026-06-05 07:15,76,52,24,validated,validated,validated
2026-06-05 07:30,155,112,43,validated,validated,validated
2026-06-05 07:45,195,106,89,validated,validated,validated
2026-06-05 08:00,162,87,75,validated,validated,validated
2026-06-05 08:15,123,66,57,validated,validated,validated
2026-06-05 08:30,110,71,39,validated,validated,validated
2026-06-05 08:45,143,82,61,validated,validated,validated
2026-06-05 09:00,101,64,37,validated,validated,validated
2026-06-05 09:15,98,53,45,validated,validated,validated
2026-06-05 09:30,109,61,48,validated,validated,validated
2026-06-05 09:45,197,117,80,validated,validated,validated
2026-06-05 10:00,169,99,70,validated,validated,validated
2026-06-05 10:15,126,79,47,validated,validated,validated
2026-06-05 10:30,103,53,50,validated,validated,validated
2026-06-05 10:45,130,69,61,validated,validated,validated
2026-06-05 11:00,125,72,53,validated,validated,validated
2026-06-05 11:15,104,51,53,validated,validated,validated
2026-06-05 11:30,113,50,63,validated,validated,validated
2026-06-05 11:45,151,63,88,validated,validated,validated
2026-06-05 12:00,205,97,108,validated,validated,validated
2026-06-05 12:15,174,88,86,validated,validated,validated
2026-06-05 12:30,136,63,73,validated,validated,validated
2026-06-05 12:45,164,81,83,validated,validated,validated
2026-06-05 13:00,222,87,135,validated,validated,validated
2026-06-05 13:15,183,89,94,validated,validated,validated
2026-06-05 13:30,171,94,77,validated,validated,validated
2026-06-05 13:45,170,78,92,validated,validated,validated
2026-06-05 14:00,176,86,90,validated,validated,validated
2026-06-05 14:15,118,47,71,validated,validated,validated
2026-06-05 14:30,116,50,66,validated,validated,validated
2026-06-05 14:45,157,83,74,validated,validated,validated
2026-06-05 15:00,149,72,77,validated,validated,validated
2026-06-05 15:15,138,62,76,validated,validated,validated
2026-06-05 15:30,166,82,84,validated,validated,validated
2026-06-05 15:45,182,84,98,validated,validated,validated
2026-06-05 16:00,182,90,92,validated,validated,validated
2026-06-05 16:15,139,68,71,validated,validated,validated
2026-06-05 16:30,166,78,88,validated,validated,validated
2026-06-05 16:45,155,73,82,validated,validated,validated
2026-06-05 17:00,171,91,80,validated,validated,validated
2026-06-05 17:15,161,74,87,validated,validated,validated
2026-06-05 17:30,172,94,78,validated,validated,validated
2026-06-05 17:45,214,121,93,validated,validated,validated
2026-06-05 18:00,202,82,120,validated,validated,validated
2026-06-05 18:15,208,110,98,validated,validated,validated
2026-06-05 18:30,186,101,85,validated,validated,validated
2026-06-05 18:45,181,90,91,validated,validated,validated
2026-06-05 19:00,149,69,80,validated,validated,validated
2026-06-05 19:15,161,91,70,validated,validated,validated
2026-06-05 19:30,156,75,81,validated,validated,validated
2026-06-05 19:45,146,73,73,validated,validated,validated
2026-06-05 20:00,135,64,71,validated,validated,validated
2026-06-05 20:15,123,65,58,validated,validated,validated
2026-06-05 20:30,132,56,76,validated,validated,validated
2026-06-05 20:45,106,42,64,validated,validated,validated
2026-06-05 21:00,92,52,40,validated,validated,validated
2026-06-05 21:15,92,39,53,validated,validated,validated
2026-06-05 21:30,112,40,72,validated,validated,validated
2026-06-05 21:45,94,29,65,validated,validated,validated
2026-06-05 22:00,79,31,48,validated,validated,validated
2026-06-05 22:15,120,34,86,validated,validated,validated
2026-06-05 22:30,86,32,54,validated,validated,validated
2026-06-05 22:45,73,27,46,validated,validated,validated
2026-06-05 23:00,63,25,38,validated,validated,validated
2026-06-05 23:15,70,26,44,validated,validated,validated
2026-06-05 23:30,52,13,39,validated,validated,validated
2026-06-05 23:45,56,28,28,validated,validated,validated
2026-06-06 00:00,56,20,36,validated,validated,validated
2026-06-06 00:15,52,12,40,validated,validated,validated
2026-06-06 00:30,48,20,28,validated,validated,validated
2026-06-06 00:45,47,12,35,validated,validated,validated
2026-06-06 01:00,44,6,38,validated,validated,validated
2026-06-06 01:15,46,7,39,validated,validated,validated
2026-06-06 01:30,42,3,39,validated,validated,validated
2026-06-06 01:45,28,5,23,validated,validated,validated
2026-06-06 02:00,28,9,19,validated,validated,validated
2026-06-06 02:15,29,3,26,validated,validated,validated
2026-06-06 02:30,16,1,15,validated,validated,validated
2026-06-06 02:45,20,4,16,validated,validated,validated
2026-06-06 03:00,20,0,20,validated,validated,validated
2026-06-06 03:15,24,1,23,validated,validated,validated
2026-06-06 03:30,18,3,15,validated,validated,validated
2026-06-06 03:45,12,0,12,validated,validated,validated
2026-06-06 04:00,10,3,7,validated,validated,validated
2026-06-06 04:15,9,2,7,validated,validated,validated
2026-06-06 04:30,5,3,2,validated,validated,validated
2026-06-06 04:45,8,6,2,validated,validated,validated
2026-06-06 05:00,6,1,5,validated,validated,validated
2026-06-06 05:15,3,2,1,validated,validated,validated
2026-06-06 05:30,11,5,6,validated,validated,validated
2026-06-06 05:45,9,5,4,validated,validated,validated
2026-06-06 06:00,5,3,2,validated,validated,validated
2026-06-06 06:15,14,8,6,validated,validated,validated
2026-06-06 06:30,10,4,6,validated,validated,validated
2026-06-06 06:45,13,4,9,validated,validated,validated
2026-06-06 07:00,13,9,4,validated,validated,validated
2026-06-06 07:15,13,9,4,validated,validated,validated
2026-06-06 07:30,24,16,8,validated,validated,validated
2026-06-06 07:45,26,18,8,validated,validated,validated
2026-06-06 08:00,32,20,12,validated,validated,validated
2026-06-06 08:15,33,16,17,validated,validated,validated
2026-06-06 08:30,52,25,27,validated,validated,validated
2026-06-06 08:45,57,32,25,validated,validated,validated
2026-06-06 09:00,66,42,24,validated,validated,validated
2026-06-06 09:15,71,45,26,validated,validated,validated
2026-06-06 09:30,100,60,40,validated,validated,validated
2026-06-06 09:45,172,109,63,validated,validated,validated
2026-06-06 10:00,91,65,26,validated,validated,validated
2026-06-06 10:15,119,76,43,validated,validated,validated
2026-06-06 10:30,129,87,42,validated,validated,validated
2026-06-06 10:45,169,110,59,validated,validated,validated
2026-06-06 11:00,166,106,60,validated,validated,validated
2026-06-06 11:15,176,101,75,validated,validated,validated
2026-06-06 11:30,151,92,59,validated,validated,validated
2026-06-06 11:45,173,106,67,validated,validated,validated
2026-06-06 12:00,133,79,54,validated,validated,validated
2026-06-06 12:15,149,99,50,validated,validated,validated
2026-06-06 12:30,193,108,85,validated,validated,validated
2026-06-06 12:45,166,110,56,validated,validated,validated
2026-06-06 13:00,202,113,89,validated,validated,validated
2026-06-06 13:15,169,105,64,validated,validated,validated
2026-06-06 13:30,166,86,80,validated,validated,validated
2026-06-06 13:45,160,89,71,validated,validated,validated
2026-06-06 14:00,138,71,67,validated,validated,validated
2026-06-06 14:15,156,62,94,validated,validated,validated
2026-06-06 14:30,141,63,78,validated,validated,validated
2026-06-06 14:45,165,79,86,validated,validated,validated
2026-06-06 15:00,152,75,77,validated,validated,validated
2026-06-06 15:15,161,90,71,validated,validated,validated
2026-06-06 15:30,162,70,92,validated,validated,validated
2026-06-06 15:45,159,75,84,validated,validated,validated
2026-06-06 16:00,202,93,109,validated,validated,validated
2026-06-06 16:15,156,71,85,validated,validated,validated
2026-06-06 16:30,149,71,78,validated,validated,validated
2026-06-06 16:45,141,58,83,validated,validated,validated
2026-06-06 17:00,127,62,65,validated,validated,validated
2026-06-06 17:15,133,62,71,validated,validated,validated
2026-06-06 17:30,115,51,64,validated,validated,validated
2026-06-06 17:45,156,72,84,validated,validated,validated
2026-06-06 18:00,104,55,49,validated,validated,validated
2026-06-06 18:15,135,54,81,validated,validated,validated
2026-06-06 18:30,113,53,60,validated,validated,validated
2026-06-06 18:45,122,78,44,validated,validated,validated
2026-06-06 19:00,135,63,72,validated,validated,validated
2026-06-06 19:15,115,60,55,validated,validated,validated
2026-06-06 19:30,106,47,59,validated,validated,validated
2026-06-06 19:45,65,27,38,validated,validated,validated
2026-06-06 20:00,63,22,41,validated,validated,validated
2026-06-06 20:15,73,23,50,validated,validated,validated
2026-06-06 20:30,85,42,43,validated,validated,validated
2026-06-06 20:45,75,30,45,validated,validated,validated
2026-06-06 21:00,79,31,48,validated,validated,validated
2026-06-06 21:15,53,18,35,validated,validated,validated
2026-06-06 21:30,69,26,43,validated,validated,validated
2026-06-06 21:45,77,22,55,validated,validated,validated
2026-06-06 22:00,71,19,52,validated,validated,validated
2026-06-06 22:15,52,7,45,validated,validated,validated
2026-06-06 22:30,68,19,49,validated,validated,validated
2026-06-06 22:45,67,15,52,validated,validated,validated
2026-06-06 23:00,73,20,53,validated,validated,validated
2026-06-06 23:15,54,14,40,validated,validated,validated
2026-06-06 23:30,75,32,43,validated,validated,validated
2026-06-06 23:45,54,10,44,validated,validated,validated
2026-06-07 00:00,40,7,33,validated,validated,validated
2026-06-07 00:15,44,15,29,validated,validated,validated
2026-06-07 00:30,48,7,41,validated,validated,validated
2026-06-07 00:45,42,25,17,validated,validated,validated
2026-06-07 01:00,56,9,47,validated,validated,validated
2026-06-07 01:15,39,9,30,validated,validated,validated
2026-06-07 01:30,31,3,28,validated,validated,validated
2026-06-07 01:45,38,7,31,validated,validated,validated
2026-06-07 02:00,40,5,35,validated,validated,validated
2026-06-07 02:15,27,5,22,validated,validated,validated
2026-06-07 02:30,17,1,16,validated,validated,validated
2026-06-07 02:45,23,4,19,validated,validated,validated
2026-06-07 03:00,29,4,25,validated,validated,validated
2026-06-07 03:15,17,1,16,validated,validated,validated
2026-06-07 03:30,8,1,7,validated,validated,validated
2026-06-07 03:45,17,5,12,validated,validated,validated
2026-06-07 04:00,15,5,10,validated,validated,validated
2026-06-07 04:15,21,3,18,validated,validated,validated
2026-06-07 04:30,5,3,2,validated,validated,validated
2026-06-07 04:45,11,5,6,validated,validated,validated
2026-06-07 05:00,3,0,3,validated,validated,validated
2026-06-07 05:15,13,1,12,validated,validated,validated
2026-06-07 05:30,9,1,8,validated,validated,validated
2026-06-07 05:45,4,2,2,validated,validated,validated
2026-06-07 06:00,6,3,3,validated,validated,validated
2026-06-07 06:15,5,2,3,validated,validated,validated
2026-06-07 06:30,17,3,14,validated,validated,validated
2026-06-07 06:45,4,2,2,validated,validated,validated
2026-06-07 07:00,13,6,7,validated,validated,validated
2026-06-07 07:15,10,7,3,validated,validated,validated
2026-06-07 07:30,12,9,3,validated,validated,validated
2026-06-07 07:45,14,11,3,validated,validated,validated
2026-06-07 08:00,10,7,3,validated,validated,validated
2026-06-07 08:15,18,9,9,validated,validated,validated
2026-06-07 08:30,27,19,8,validated,validated,validated
2026-06-07 08:45,35,25,10,validated,validated,validated
2026-06-07 09:00,18,11,7,validated,validated,validated
2026-06-07 09:15,34,18,16,validated,validated,validated
2026-06-07 09:30,52,28,24,validated,validated,validated
2026-06-07 09:45,67,48,19,validated,validated,validated
2026-06-07 10:00,47,33,14,validated,validated,validated
2026-06-07 10:15,56,43,13,validated,validated,validated
2026-06-07 10:30,61,33,28,validated,validated,validated
2026-06-07 10:45,71,40,31,validated,validated,validated
2026-06-07 11:00,73,46,27,validated,validated,validated
2026-06-07 11:15,87,34,53,validated,validated,validated
2026-06-07 11:30,89,46,43,validated,validated,validated
2026-06-07 11:45,65,31,34,validated,validated,validated
2026-06-07 12:00,91,37,54,validated,validated,validated
2026-06-07 12:15,79,49,30,validated,validated,validated
2026-06-07 12:30,76,33,43,validated,validated,validated
2026-06-07 12:45,103,49,54,validated,validated,validated
2026-06-07 13:00,106,60,46,validated,validated,validated
2026-06-07 13:15,78,39,39,validated,validated,validated
2026-06-07 13:30,106,59,47,validated,validated,validated
2026-06-07 13:45,117,69,48,validated,validated,validated
2026-06-07 14:00,125,50,75,validated,validated,validated
2026-06-07 14:15,111,58,53,validated,validated,validated
2026-06-07 14:30,99,54,45,validated,validated,validated
2026-06-07 14:45,134,61,73,validated,validated,validated
2026-06-07 15:00,123,64,59,validated,validated,validated
2026-06-07 15:15,134,68,66,validated,validated,validated
2026-06-07 15:30,121,65,56,validated,validated,validated
2026-06-07 15:45,133,65,68,validated,validated,validated
2026-06-07 16:00,136,72,64,validated,validated,validated
2026-06-07 16:15,90,43,47,validated,validated,validated
2026-06-07 16:30,116,49,67,validated,validated,validated
2026-06-07 16:45,131,61,70,validated,validated,validated
2026-06-07 17:00,100,57,43,validated,validated,validated
2026-06-07 17:15,110,44,66,validated,validated,validated
2026-06-07 17:30,125,49,76,validated,validated,validated
2026-06-07 17:45,157,74,83,validated,validated,validated
2026-06-07 18:00,127,44,83,validated,validated,validated
2026-06-07 18:15,115,61,54,validated,validated,validated
2026-06-07 18:30,92,40,52,validated,validated,validated
2026-06-07 18:45,112,42,70,validated,validated,validated
2026-06-07 19:00,109,48,61,validated,validated,validated
2026-06-07 19:15,86,35,51,validated,validated,validated
2026-06-07 19:30,75,34,41,validated,validated,validated
2026-06-07 19:45,101,49,52,validated,validated,validated
2026-06-07 20:00,117,45,72,validated,validated,validated
2026-06-07 20:15,74,22,52,validated,validated,validated
2026-06-07 20:30,68,31,37,validated,validated,validated
2026-06-07 20:45,67,36,31,validated,validated,validated
2026-06-07 21:00,62,27,35,validated,validated,validated
2026-06-07 21:15,70,32,38,validated,validated,validated
2026-06-07 21:30,65,15,50,validated,validated,validated
2026-06-07 21:45,37,8,29,validated,validated,validated
2026-06-07 22:00,37,12,25,validated,validated,validated
2026-06-07 22:15,46,22,24,validated,validated,validated
2026-06-07 22:30,38,10,28,validated,validated,validated
2026-06-07 22:45,37,8,29,validated,validated,validated
2026-06-07 23:00,34,10,24,validated,validated,validated
2026-06-07 23:15,16,6,10,validated,validated,validated
2026-06-07 23:30,42,8,34,validated,validated,validated
2026-06-07 23:45,14,3,11,validated,validated,validated
2026-06-08 00:00,14,5,9,validated,validated,validated
2026-06-08 00:15,6,2,4,validated,validated,validated
2026-06-08 00:30,1,1,0,validated,validated,validated
2026-06-08 00:45,10,4,6,validated,validated,validated
2026-06-08 01:00,2,0,2,validated,validated,validated
2026-06-08 01:15,6,2,4,validated,validated,validated
2026-06-08 01:30,6,3,3,validated,validated,validated
2026-06-08 01:45,4,3,1,validated,validated,validated
2026-06-08 02:00,1,0,1,validated,validated,validated
2026-06-08 02:15,5,2,3,validated,validated,validated
2026-06-08 02:30,0,0,0,validated,validated,validated
2026-06-08 02:45,2,2,0,validated,validated,validated
2026-06-08 03:00,1,1,0,validated,validated,validated
2026-06-08 03:15,0,0,0,validated,validated,validated
2026-06-08 03:30,2,1,1,validated,validated,validated
2026-06-08 03:45,0,0,0,validated,validated,validated
2026-06-08 04:00,2,1,1,validated,validated,validated
2026-06-08 04:15,1,0,1,validated,validated,validated
2026-06-08 04:30,3,2,1,validated,validated,validated
2026-06-08 04:45,4,4,0,validated,validated,validated
2026-06-08 05:00,14,9,5,validated,validated,validated
2026-06-08 05:15,11,11,0,validated,validated,validated
2026-06-08 05:30,11,8,3,validated,validated,validated
2026-06-08 05:45,26,18,8,validated,validated,validated
2026-06-08 06:00,29,21,8,validated,validated,validated
2026-06-08 06:15,54,39,15,validated,validated,validated
2026-06-08 06:30,66,39,27,validated,validated,validated
2026-06-08 06:45,81,49,32,validated,validated,validated
2026-06-08 07:00,86,54,32,validated,validated,validated
2026-06-08 07:15,176,113,63,validated,validated,validated
2026-06-08 07:30,249,170,79,validated,validated,validated
2026-06-08 07:45,323,182,141,validated,validated,validated
2026-06-08 08:00,288,136,152,validated,validated,validated
2026-06-08 08:15,206,103,103,validated,validated,validated
2026-06-08 08:30,208,97,111,validated,validated,validated
2026-06-08 08:45,228,121,107,validated,validated,validated
2026-06-08 09:00,142,83,59,validated,validated,validated
2026-06-08 09:15,164,96,68,validated,validated,validated
2026-06-08 09:30,177,83,94,validated,validated,validated
2026-06-08 09:45,272,146,126,validated,validated,validated
2026-06-08 10:00,309,170,139,validated,validated,validated
2026-06-08 10:15,147,75,72,validated,validated,validated
2026-06-08 10:30,140,75,65,validated,validated,validated
2026-06-08 10:45,150,72,78,validated,validated,validated
2026-06-08 11:00,133,62,71,validated,validated,validated
2026-06-08 11:15,141,81,60,validated,validated,validated
2026-06-08 11:30,161,73,88,validated,validated,validated
2026-06-08 11:45,320,150,170,validated,validated,validated
2026-06-08 12:00,287,164,123,validated,validated,validated
2026-06-08 12:15,206,100,106,validated,validated,validated
2026-06-08 12:30,162,82,80,validated,validated,validated
2026-06-08 12:45,206,107,99,validated,validated,validated
2026-06-08 13:00,262,95,167,validated,validated,validated
2026-06-08 13:15,192,79,113,validated,validated,validated
2026-06-08 13:30,156,80,76,validated,validated,validated
2026-06-08 13:45,371,179,192,validated,validated,validated
2026-06-08 14:00,352,198,154,validated,validated,validated
2026-06-08 14:15,202,102,100,validated,validated,validated
2026-06-08 14:30,173,97,76,validated,validated,validated
2026-06-08 14:45,208,94,114,validated,validated,validated
2026-06-08 15:00,221,100,121,validated,validated,validated
2026-06-08 15:15,244,117,127,validated,validated,validated
2026-06-08 15:30,301,120,181,validated,validated,validated
2026-06-08 15:45,367,173,194,validated,validated,validated
2026-06-08 16:00,372,193,179,validated,validated,validated
2026-06-08 16:15,279,117,162,validated,validated,validated
2026-06-08 16:30,271,108,163,validated,validated,validated
2026-06-08 16:45,289,121,168,validated,validated,validated
2026-06-08 17:00,312,115,197,validated,validated,validated
2026-06-08 17:15,285,121,164,validated,validated,validated
2026-06-08 17:30,371,145,226,validated,validated,validated
2026-06-08 17:45,480,160,320,validated,validated,validated
2026-06-08 18:00,377,145,232,validated,validated,validated
2026-06-08 18:15,289,123,166,validated,validated,validated
2026-06-08 18:30,234,97,137,validated,validated,validated
2026-06-08 18:45,294,134,160,validated,validated,validated
2026-06-08 19:00,223,88,135,validated,validated,validated
2026-06-08 19:15,217,101,116,validated,validated,validated
2026-06-08 19:30,235,104,131,validated,validated,validated
2026-06-08 19:45,257,126,131,validated,validated,validated
2026-06-08 20:00,193,83,110,validated,validated,validated
2026-06-08 20:15,176,77,99,validated,validated,validated
2026-06-08 20:30,149,79,70,validated,validated,validated
2026-06-08 20:45,158,93,65,validated,validated,validated
2026-06-08 21:00,142,95,47,validated,validated,validated
2026-06-08 21:15,149,100,49,validated,validated,validated
2026-06-08 21:30,128,72,56,validated,validated,validated
2026-06-08 21:45,95,52,43,validated,validated,validated
2026-06-08 22:00,94,40,54,validated,validated,validated
2026-06-08 22:15,79,33,46,validated,validated,validated
2026-06-08 22:30,52,21,31,validated,validated,validated
2026-06-08 22:45,45,11,34,validated,validated,validated
2026-06-08 23:00,37,11,26,validated,validated,validated
2026-06-08 23:15,31,9,22,validated,validated,validated
2026-06-08 23:30,24,12,12,validated,validated,validated
2026-06-08 23:45,25,7,18,validated,validated,validated
2026-06-09 00:00,30,10,20,validated,validated,validated
2026-06-09 00:15,12,3,9,validated,validated,validated
2026-06-09 00:30,12,5,7,validated,validated,validated
2026-06-09 00:45,8,2,6,validated,validated,validated
2026-06-09 01:00,6,4,2,validated,validated,validated
2026-06-09 01:15,10,4,6,validated,validated,validated
2026-06-09 01:30,3,1,2,validated,validated,validated
2026-06-09 01:45,5,1,4,validated,validated,validated
2026-06-09 02:00,3,2,1,validated,validated,validated
2026-06-09 02:15,3,0,3,validated,validated,validated
2026-06-09 02:30,1,0,1,validated,validated,validated
2026-06-09 02:45,2,0,2,validated,validated,validated
2026-06-09 03:00,0,0,0,validated,validated,validated
2026-06-09 03:15,0,0,0,validated,validated,validated
2026-06-09 03:30,3,0,3,validated,validated,validated
2026-06-09 03:45,0,0,0,validated,validated,validated
2026-06-09 04:00,2,1,1,validated,validated,validated
2026-06-09 04:15,8,4,4,validated,validated,validated
2026-06-09 04:30,5,5,0,validated,validated,validated
2026-06-09 04:45,2,2,0,validated,validated,validated
2026-06-09 05:00,7,7,0,validated,validated,validated
2026-06-09 05:15,5,5,0,validated,validated,validated
2026-06-09 05:30,17,12,5,validated,validated,validated
2026-06-09 05:45,21,13,8,validated,validated,validated
2026-06-09 06:00,25,21,4,validated,validated,validated
2026-06-09 06:15,36,27,9,validated,validated,validated
2026-06-09 06:30,64,38,26,validated,validated,validated
2026-06-09 06:45,87,54,33,validated,validated,validated
2026-06-09 07:00,113,79,34,validated,validated,validated
2026-06-09 07:15,159,82,77,validated,validated,validated
2026-06-09 07:30,264,188,76,validated,validated,validated
2026-06-09 07:45,289,161,128,validated,validated,validated
2026-06-09 08:00,303,164,139,validated,validated,validated
2026-06-09 08:15,232,138,94,validated,validated,validated
2026-06-09 08:30,170,93,77,validated,validated,validated
2026-06-09 08:45,246,124,122,validated,validated,validated
2026-06-09 09:00,173,110,63,validated,validated,validated
2026-06-09 09:15,134,79,55,validated,validated,validated
2026-06-09 09:30,179,89,90,validated,validated,validated
2026-06-09 09:45,314,143,171,validated,validated,validated
2026-06-09 10:00,321,179,142,validated,validated,validated
2026-06-09 10:15,86,50,36,validated,validated,validated
2026-06-09 10:30,78,34,44,validated,validated,validated
2026-06-09 10:45,97,54,43,validated,validated,validated
2026-06-09 11:00,124,67,57,validated,validated,validated
2026-06-09 11:15,110,50,60,validated,validated,validated
2026-06-09 11:30,147,68,79,validated,validated,validated
2026-06-09 11:45,352,167,185,validated,validated,validated
2026-06-09 12:00,262,150,112,validated,validated,validated
2026-06-09 12:15,169,83,86,validated,validated,validated
2026-06-09 12:30,168,69,99,validated,validated,validated
2026-06-09 12:45,169,82,87,validated,validated,validated
2026-06-09 13:00,252,68,184,validated,validated,validated
2026-06-09 13:15,187,78,109,validated,validated,validated
2026-06-09 13:30,171,82,89,validated,validated,validated
2026-06-09 13:45,236,103,133,validated,validated,validated
2026-06-09 14:00,241,118,123,validated,validated,validated
2026-06-09 14:15,181,85,96,validated,validated,validated
2026-06-09 14:30,194,81,113,validated,validated,validated
2026-06-09 14:45,182,79,103,validated,validated,validated
2026-06-09 15:00,207,93,114,validated,validated,validated
2026-06-09 15:15,124,66,58,validated,validated,validated
2026-06-09 15:30,199,94,105,validated,validated,validated
2026-06-09 15:45,302,132,170,validated,validated,validated
2026-06-09 16:00,306,138,168,validated,validated,validated
2026-06-09 16:15,231,88,143,validated,validated,validated
2026-06-09 16:30,201,92,109,validated,validated,validated
2026-06-09 16:45,240,88,152,validated,validated,validated
2026-06-09 17:00,263,104,159,validated,validated,validated
2026-06-09 17:15,240,114,126,validated,validated,validated
2026-06-09 17:30,250,100,150,validated,validated,validated
2026-06-09 17:45,363,138,225,validated,validated,validated
2026-06-09 18:00,353,143,210,validated,validated,validated
2026-06-09 18:15,259,104,155,validated,validated,validated
2026-06-09 18:30,226,103,123,validated,validated,validated
2026-06-09 18:45,250,119,131,validated,validated,validated
2026-06-09 19:00,169,88,81,validated,validated,validated
2026-06-09 19:15,155,87,68,validated,validated,validated
2026-06-09 19:30,162,85,77,validated,validated,validated
2026-06-09 19:45,164,69,95,validated,validated,validated
2026-06-09 20:00,174,75,99,validated,validated,validated
2026-06-09 20:15,146,60,86,validated,validated,validated
2026-06-09 20:30,90,37,53,validated,validated,validated
2026-06-09 20:45,103,37,66,validated,validated,validated
2026-06-09 21:00,102,46,56,validated,validated,validated
2026-06-09 21:15,99,41,58,validated,validated,validated
2026-06-09 21:30,90,28,62,validated,validated,validated
2026-06-09 21:45,84,39,45,validated,validated,validated
2026-06-09 22:00,109,37,72,validated,validated,validated
2026-06-09 22:15,100,41,59,validated,validated,validated
2026-06-09 22:30,78,21,57,validated,validated,validated
2026-06-09 22:45,63,15,48,validated,validated,validated
2026-06-09 23:00,43,15,28,validated,validated,validated
2026-06-09 23:15,47,21,26,validated,validated,validated
2026-06-09 23:30,32,10,22,validated,validated,validated
2026-06-09 23:45,35,11,24,validated,validated,validated
2026-06-10 00:00,13,2,11,validated,validated,validated
2026-06-10 00:15,13,4,9,validated,validated,validated
2026-06-10 00:30,11,1,10,validated,validated,validated
2026-06-10 00:45,23,2,21,validated,validated,validated
2026-06-10 01:00,4,1,3,validated,validated,validated
2026-06-10 01:15,3,1,2,validated,validated,validated
2026-06-10 01:30,11,1,10,validated,validated,validated
2026-06-10 01:45,9,0,9,validated,validated,validated
2026-06-10 02:00,4,0,4,validated,validated,validated
2026-06-10 02:15,5,4,1,validated,validated,validated
2026-06-10 02:30,0,0,0,validated,validated,validated
2026-06-10 02:45,2,0,2,validated,validated,validated
2026-06-10 03:00,4,2,2,validated,validated,validated
2026-06-10 03:15,1,0,1,validated,validated,validated
2026-06-10 03:30,1,1,0,validated,validated,validated
2026-06-10 03:45,2,1,1,validated,validated,validated
2026-06-10 04:00,4,2,2,validated,validated,validated
2026-06-10 04:15,4,2,2,validated,validated,validated
2026-06-10 04:30,1,0,1,validated,validated,validated
2026-06-10 04:45,5,5,0,validated,validated,validated
2026-06-10 05:00,10,10,0,validated,validated,validated
2026-06-10 05:15,9,8,1,validated,validated,validated
2026-06-10 05:30,25,15,10,validated,validated,validated
2026-06-10 05:45,32,24,8,validated,validated,validated
2026-06-10 06:00,30,24,6,validated,validated,validated
2026-06-10 06:15,45,39,6,validated,validated,validated
2026-06-10 06:30,68,46,22,validated,validated,validated
2026-06-10 06:45,101,61,40,validated,validated,validated
2026-06-10 07:00,109,79,30,validated,validated,validated
2026-06-10 07:15,155,95,60,validated,validated,validated
2026-06-10 07:30,253,171,82,validated,validated,validated
2026-06-10 07:45,294,149,145,validated,validated,validated
2026-06-10 08:00,330,183,147,validated,validated,validated
2026-06-10 08:15,280,132,148,validated,validated,validated
2026-06-10 08:30,205,85,120,validated,validated,validated
2026-06-10 08:45,240,130,110,validated,validated,validated
2026-06-10 09:00,202,120,82,validated,validated,validated
2026-06-10 09:15,175,109,66,validated,validated,validated
2026-06-10 09:30,177,95,82,validated,validated,validated
2026-06-10 09:45,351,164,187,validated,validated,validated
2026-06-10 10:00,363,193,170,validated,validated,validated
2026-06-10 10:15,160,100,60,validated,validated,validated
2026-06-10 10:30,127,57,70,validated,validated,validated
2026-06-10 10:45,158,94,64,validated,validated,validated
2026-06-10 11:00,144,75,69,validated,validated,validated
2026-06-10 11:15,159,82,77,validated,validated,validated
2026-06-10 11:30,161,81,80,validated,validated,validated
2026-06-10 11:45,321,162,159,validated,validated,validated
2026-06-10 12:00,265,152,113,validated,validated,validated
2026-06-10 12:15,202,91,111,validated,validated,validated
2026-06-10 12:30,190,86,104,validated,validated,validated
2026-06-10 12:45,205,110,95,validated,validated,validated
2026-06-10 13:00,208,83,125,validated,validated,validated
2026-06-10 13:15,219,109,110,validated,validated,validated
2026-06-10 13:30,244,126,118,validated,validated,validated
2026-06-10 13:45,330,169,161,validated,validated,validated
2026-06-10 14:00,341,173,168,validated,validated,validated
2026-06-10 14:15,215,103,112,validated,validated,validated
2026-06-10 14:30,181,89,92,validated,validated,validated
2026-06-10 14:45,187,77,110,validated,validated,validated
2026-06-10 15:00,188,87,101,validated,validated,validated
2026-06-10 15:15,178,78,100,validated,validated,validated
2026-06-10 15:30,221,94,127,validated,validated,validated
2026-06-10 15:45,382,149,233,validated,validated,validated
2026-06-10 16:00,297,126,171,validated,validated,validated
2026-06-10 16:15,236,92,144,validated,validated,validated
2026-06-10 16:30,183,75,108,validated,validated,validated
2026-06-10 16:45,188,84,104,validated,validated,validated
2026-06-10 17:00,181,88,93,validated,validated,validated
2026-06-10 17:15,245,99,146,validated,validated,validated
2026-06-10 17:30,262,114,148,validated,validated,validated
2026-06-10 17:45,377,142,235,validated,validated,validated
2026-06-10 18:00,333,131,202,validated,validated,validated
2026-06-10 18:15,234,88,146,validated,validated,validated
2026-06-10 18:30,218,91,127,validated,validated,validated
2026-06-10 18:45,241,120,121,validated,validated,validated
2026-06-10 19:00,209,90,119,validated,validated,validated
2026-06-10 19:15,219,113,106,validated,validated,validated
2026-06-10 19:30,169,68,101,validated,validated,validated
2026-06-10 19:45,240,121,119,validated,validated,validated
2026-06-10 20:00,196,107,89,validated,validated,validated
2026-06-10 20:15,160,83,77,validated,validated,validated
2026-06-10 20:30,130,66,64,validated,validated,validated
2026-06-10 20:45,126,65,61,validated,validated,validated
2026-06-10 21:00,131,67,64,validated,validated,validated
2026-06-10 21:15,116,40,76,validated,validated,validated
2026-06-10 21:30,124,46,78,validated,validated,validated
2026-06-10 21:45,131,62,69,validated,validated,validated
2026-06-10 22:00,130,74,56,validated,validated,validated
2026-06-10 22:15,94,43,51,validated,validated,validated
2026-06-10 22:30,119,45,74,validated,validated,validated
2026-06-10 22:45,83,34,49,validated,validated,validated
2026-06-10 23:00,71,28,43,validated,validated,validated
2026-06-10 23:15,72,33,39,validated,validated,validated
2026-06-10 23:30,59,29,30,validated,validated,validated
2026-06-10 23:45,59,28,31,validated,validated,validated
2026-06-11 00:00,72,33,39,validated,validated,validated
2026-06-11 00:15,28,12,16,validated,validated,validated
2026-06-11 00:30,39,18,21,validated,validated,validated
2026-06-11 00:45,46,17,29,validated,validated,validated
2026-06-11 01:00,28,2,26,validated,validated,validated
2026-06-11 01:15,25,1,24,validated,validated,validated
2026-06-11 01:30,21,2,19,validated,validated,validated
2026-06-11 01:45,33,3,30,validated,validated,validated
2026-06-11 02:00,23,0,23,validated,validated,validated
2026-06-11 02:15,19,3,16,validated,validated,validated
2026-06-11 02:30,12,0,12,validated,validated,validated
2026-06-11 02:45,21,0,21,validated,validated,validated
2026-06-11 03:00,26,2,24,validated,validated,validated
2026-06-11 03:15,21,3,18,validated,validated,validated
2026-06-11 03:30,25,2,23,validated,validated,validated
2026-06-11 03:45,21,1,20,validated,validated,validated
2026-06-11 04:00,22,4,18,validated,validated,validated
2026-06-11 04:15,8,2,6,validated,validated,validated
2026-06-11 04:30,16,2,14,validated,validated,validated
2026-06-11 04:45,9,3,6,validated,validated,validated
2026-06-11 05:00,19,7,12,validated,validated,validated
2026-06-11 05:15,5,3,2,validated,validated,validated
2026-06-11 05:30,15,10,5,validated,validated,validated
2026-06-11 05:45,19,15,4,validated,validated,validated
2026-06-11 06:00,24,19,5,validated,validated,validated
2026-06-11 06:15,47,36,11,validated,validated,validated
2026-06-11 06:30,69,36,33,validated,validated,validated
2026-06-11 06:45,63,36,27,validated,validated,validated
2026-06-11 07:00,90,48,42,validated,validated,validated
2026-06-11 07:15,144,90,54,validated,validated,validated
2026-06-11 07:30,267,183,84,validated,validated,validated
2026-06-11 07:45,324,172,152,validated,validated,validated
2026-06-11 08:00,284,138,146,validated,validated,validated
2026-06-11 08:15,248,139,109,validated,validated,validated
2026-06-11 08:30,211,120,91,validated,validated,validated
2026-06-11 08:45,237,126,111,validated,validated,validated
2026-06-11 09:00,148,86,62,validated,validated,validated
2026-06-11 09:15,128,69,59,validated,validated,validated
2026-06-11 09:30,163,83,80,validated,validated,validated
2026-06-11 09:45,332,151,181,validated,validated,validated
2026-06-11 10:00,344,210,134,validated,validated,validated
2026-06-11 10:15,153,84,69,validated,validated,validated
2026-06-11 10:30,133,74,59,validated,validated,validated
2026-06-11 10:45,132,69,63,validated,validated,validated
2026-06-11 11:00,125,63,62,validated,validated,validated
2026-06-11 11:15,115,61,54,validated,validated,validated
2026-06-11 11:30,160,75,85,validated,validated,validated
2026-06-11 11:45,335,157,178,validated,validated,validated
2026-06-11 12:00,308,160,148,validated,validated,validated
2026-06-11 12:15,171,71,100,validated,validated,validated
2026-06-11 12:30,178,92,86,validated,validated,validated
2026-06-11 12:45,186,97,89,validated,validated,validated
2026-06-11 13:00,204,79,125,validated,validated,validated
2026-06-11 13:15,182,72,110,validated,validated,validated
2026-06-11 13:30,206,91,115,validated,validated,validated
2026-06-11 13:45,360,157,203,validated,validated,validated
2026-06-11 14:00,300,145,155,validated,validated,validated
2026-06-11 14:15,228,95,133,validated,validated,validated
2026-06-11 14:30,218,96,122,validated,validated,validated
2026-06-11 14:45,194,90,104,validated,validated,validated
2026-06-11 15:00,193,84,109,validated,validated,validated
2026-06-11 15:15,208,126,82,validated,validated,validated
2026-06-11 15:30,280,111,169,validated,validated,validated
2026-06-11 15:45,374,172,202,validated,validated,validated
2026-06-11 16:00,301,131,170,validated,validated,validated
2026-06-11 16:15,262,122,140,validated,validated,validated
2026-06-11 16:30,258,117,141,validated,validated,validated
2026-06-11 16:45,282,143,139,validated,validated,validated
2026-06-11 17:00,262,118,144,validated,validated,validated
2026-06-11 17:15,243,103,140,validated,validated,validated
2026-06-11 17:30,299,133,166,validated,validated,validated
2026-06-11 17:45,339,151,188,validated,validated,validated
2026-06-11 18:00,233,93,140,validated,validated,validated
2026-06-11 18:15,259,105,154,validated,validated,validated
2026-06-11 18:30,179,90,89,validated,validated,validated
2026-06-11 18:45,204,104,100,validated,validated,validated
2026-06-11 19:00,202,94,108,validated,validated,validated
2026-06-11 19:15,212,96,116,validated,validated,validated
2026-06-11 19:30,177,63,114,validated,validated,validated
2026-06-11 19:45,135,56,79,validated,validated,validated
2026-06-11 20:00,128,47,81,validated,validated,validated
2026-06-11 20:15,118,41,77,validated,validated,validated
2026-06-11 20:30,115,46,69,validated,validated,validated
2026-06-11 20:45,92,38,54,validated,validated,validated
2026-06-11 21:00,71,29,42,validated,validated,validated
2026-06-11 21:15,68,19,49,validated,validated,validated
2026-06-11 21:30,77,27,50,validated,validated,validated
2026-06-11 21:45,69,22,47,validated,validated,validated
2026-06-11 22:00,73,26,47,validated,validated,validated
2026-06-11 22:15,64,25,39,validated,validated,validated
2026-06-11 22:30,47,19,28,validated,validated,validated
2026-06-11 22:45,48,14,34,validated,validated,validated
2026-06-11 23:00,41,14,27,validated,validated,validated
2026-06-11 23:15,71,26,45,validated,validated,validated
2026-06-11 23:30,51,14,37,validated,validated,validated
2026-06-11 23:45,28,11,17,validated,validated,validated
2026-06-12 00:00,19,6,13,validated,validated,validated
2026-06-12 00:15,18,6,12,validated,validated,validated
2026-06-12 00:30,18,4,14,validated,validated,validated
2026-06-12 00:45,10,5,5,validated,validated,validated
2026-06-12 01:00,14,1,13,validated,validated,validated
2026-06-12 01:15,18,12,6,validated,validated,validated
2026-06-12 01:30,11,3,8,validated,validated,validated
2026-06-12 01:45,5,0,5,validated,validated,validated
2026-06-12 02:00,4,1,3,validated,validated,validated
2026-06-12 02:15,4,1,3,validated,validated,validated
2026-06-12 02:30,1,0,1,validated,validated,validated
2026-06-12 02:45,1,0,1,validated,validated,validated
2026-06-12 03:00,3,0,3,validated,validated,validated
2026-06-12 03:15,2,2,0,validated,validated,validated
2026-06-12 03:30,1,0,1,validated,validated,validated
2026-06-12 03:45,1,0,1,validated,validated,validated
2026-06-12 04:00,3,0,3,validated,validated,validated
2026-06-12 04:15,4,2,2,validated,validated,validated
2026-06-12 04:30,0,0,0,validated,validated,validated
2026-06-12 04:45,3,2,1,validated,validated,validated
2026-06-12 05:00,7,6,1,validated,validated,validated
2026-06-12 05:15,4,3,1,validated,validated,validated
2026-06-12 05:30,12,9,3,validated,validated,validated
2026-06-12 05:45,15,12,3,validated,validated,validated
2026-06-12 06:00,30,20,10,validated,validated,validated
2026-06-12 06:15,25,19,6,validated,validated,validated
2026-06-12 06:30,53,38,15,validated,validated,validated
2026-06-12 06:45,53,28,25,validated,validated,validated
2026-06-12 07:00,55,30,25,validated,validated,validated
2026-06-12 07:15,96,67,29,validated,validated,validated
2026-06-12 07:30,204,149,55,validated,validated,validated
2026-06-12 07:45,213,114,99,validated,validated,validated
2026-06-12 08:00,159,70,89,validated,validated,validated
2026-06-12 08:15,151,72,79,validated,validated,validated
2026-06-12 08:30,123,69,54,validated,validated,validated
2026-06-12 08:45,189,101,88,validated,validated,validated
2026-06-12 09:00,132,67,65,validated,validated,validated
2026-06-12 09:15,109,73,36,validated,validated,validated
2026-06-12 09:30,124,78,46,validated,validated,validated
2026-06-12 09:45,191,105,86,validated,validated,validated
2026-06-12 10:00,195,118,77,validated,validated,validated
2026-06-12 10:15,101,63,38,validated,validated,validated
2026-06-12 10:30,77,39,38,validated,validated,validated
2026-06-12 10:45,97,57,40,validated,validated,validated
2026-06-12 11:00,103,48,55,validated,validated,validated
2026-06-12 11:15,123,69,54,validated,validated,validated
2026-06-12 11:30,107,51,56,validated,validated,validated
2026-06-12 11:45,166,88,78,validated,validated,validated
2026-06-12 12:00,165,72,93,validated,validated,validated
2026-06-12 12:15,125,64,61,validated,validated,validated
2026-06-12 12:30,133,80,53,validated,validated,validated
2026-06-12 12:45,162,71,91,validated,validated,validated
2026-06-12 13:00,228,80,148,validated,validated,validated
2026-06-12 13:15,202,68,134,validated,validated,validated
2026-06-12 13:30,158,69,89,validated,validated,validated
2026-06-12 13:45,223,101,122,validated,validated,validated
2026-06-12 14:00,211,95,116,validated,validated,validated
2026-06-12 14:15,180,82,98,validated,validated,validated
2026-06-12 14:30,163,81,82,validated,validated,validated
2026-06-12 14:45,168,80,88,validated,validated,validated
2026-06-12 15:00,170,77,93,validated,validated,validated
2026-06-12 15:15,185,85,100,validated,validated,validated
2026-06-12 15:30,184,79,105,validated,validated,validated
2026-06-12 15:45,197,99,98,validated,validated,validated
2026-06-12 16:00,191,92,99,validated,validated,validated
2026-06-12 16:15,164,74,90,validated,validated,validated
2026-06-12 16:30,181,88,93,validated,validated,validated
2026-06-12 16:45,188,86,102,validated,validated,validated
2026-06-12 17:00,174,93,81,validated,validated,validated
2026-06-12 17:15,181,93,88,validated,validated,validated
2026-06-12 17:30,156,93,63,validated,validated,validated
2026-06-12 17:45,223,118,105,validated,validated,validated
2026-06-12 18:00,214,102,112,validated,validated,validated
2026-06-12 18:15,169,98,71,validated,validated,validated
2026-06-12 18:30,163,79,84,validated,validated,validated
2026-06-12 18:45,200,117,83,validated,validated,validated
2026-06-12 19:00,182,89,93,validated,validated,validated
2026-06-12 19:15,154,75,79,validated,validated,validated
2026-06-12 19:30,146,77,69,validated,validated,validated
2026-06-12 19:45,135,76,59,validated,validated,validated
2026-06-12 20:00,127,58,69,validated,validated,validated
2026-06-12 20:15,123,66,57,validated,validated,validated
2026-06-12 20:30,99,54,45,validated,validated,validated
2026-06-12 20:45,107,37,70,validated,validated,validated
2026-06-12 21:00,115,54,61,validated,validated,validated
2026-06-12 21:15,111,49,62,validated,validated,validated
2026-06-12 21:30,86,30,56,validated,validated,validated
2026-06-12 21:45,105,38,67,validated,validated,validated
2026-06-12 22:00,104,25,79,validated,validated,validated
2026-06-12 22:15,117,35,82,validated,validated,validated
2026-06-12 22:30,82,26,56,validated,validated,validated
2026-06-12 22:45,81,27,54,validated,validated,validated
2026-06-12 23:00,86,27,59,validated,validated,validated
2026-06-12 23:15,81,22,59,validated,validated,validated
2026-06-12 23:30,74,32,42,validated,validated,validated
2026-06-12 23:45,79,21,58,validated,validated,validated
2026-06-13 00:00,55,12,43,validated,validated,validated
2026-06-13 00:15,39,6,33,validated,validated,validated
2026-06-13 00:30,64,24,40,validated,validated,validated
2026-06-13 00:45,68,18,50,validated,validated,validated
2026-06-13 01:00,30,4,26,validated,validated,validated
2026-06-13 01:15,51,13,38,validated,validated,validated
2026-06-13 01:30,38,9,29,validated,validated,validated
2026-06-13 01:45,30,7,23,validated,validated,validated
2026-06-13 02:00,60,24,36,validated,validated,validated
2026-06-13 02:15,34,14,20,validated,validated,validated
2026-06-13 02:30,14,5,9,validated,validated,validated
2026-06-13 02:45,28,5,23,validated,validated,validated
2026-06-13 03:00,36,4,32,validated,validated,validated
2026-06-13 03:15,19,8,11,validated,validated,validated
2026-06-13 03:30,19,6,13,validated,validated,validated
2026-06-13 03:45,23,16,7,validated,validated,validated
2026-06-13 04:00,16,2,14,validated,validated,validated
2026-06-13 04:15,8,4,4,validated,validated,validated
2026-06-13 04:30,8,4,4,validated,validated,validated
2026-06-13 04:45,6,2,4,validated,validated,validated
2026-06-13 05:00,8,2,6,validated,validated,validated
2026-06-13 05:15,6,3,3,validated,validated,validated
2026-06-13 05:30,6,2,4,validated,validated,validated
2026-06-13 05:45,13,10,3,validated,validated,validated
2026-06-13 06:00,6,6,0,validated,validated,validated
2026-06-13 06:15,8,3,5,validated,validated,validated
2026-06-13 06:30,16,9,7,validated,validated,validated
2026-06-13 06:45,19,10,9,validated,validated,validated
2026-06-13 07:00,14,8,6,validated,validated,validated
2026-06-13 07:15,16,9,7,validated,validated,validated
2026-06-13 07:30,22,16,6,validated,validated,validated
2026-06-13 07:45,41,32,9,validated,validated,validated
2026-06-13 08:00,38,23,15,validated,validated,validated
2026-06-13 08:15,34,21,13,validated,validated,validated
2026-06-13 08:30,56,36,20,validated,validated,validated
2026-06-13 08:45,65,34,31,validated,validated,validated
2026-06-13 09:00,55,35,20,validated,validated,validated
2026-06-13 09:15,78,57,21,validated,validated,validated
2026-06-13 09:30,105,78,27,validated,validated,validated
2026-06-13 09:45,141,94,47,validated,validated,validated
2026-06-13 10:00,155,111,44,validated,validated,validated
2026-06-13 10:15,108,73,35,validated,validated,validated
2026-06-13 10:30,94,62,32,validated,validated,validated
2026-06-13 10:45,149,86,63,validated,validated,validated
2026-06-13 11:00,148,101,47,validated,validated,validated
2026-06-13 11:15,140,100,40,validated,validated,validated
2026-06-13 11:30,153,89,64,validated,validated,validated
2026-06-13 11:45,145,84,61,validated,validated,validated
2026-06-13 12:00,156,65,91,validated,validated,validated
2026-06-13 12:15,162,91,71,validated,validated,validated
2026-06-13 12:30,171,95,76,validated,validated,validated
2026-06-13 12:45,167,93,74,validated,validated,validated
2026-06-13 13:00,137,76,61,validated,validated,validated
2026-06-13 13:15,170,98,72,validated,validated,validated
2026-06-13 13:30,155,92,63,validated,validated,validated
2026-06-13 13:45,170,98,72,validated,validated,validated
2026-06-13 14:00,145,73,72,validated,validated,validated
2026-06-13 14:15,152,76,76,validated,validated,validated
2026-06-13 14:30,154,85,69,validated,validated,validated
2026-06-13 14:45,168,82,86,validated,validated,validated
2026-06-13 15:00,159,62,97,validated,validated,validated
2026-06-13 15:15,180,83,97,validated,validated,validated
2026-06-13 15:30,162,65,97,validated,validated,validated
2026-06-13 15:45,174,60,114,validated,validated,validated
2026-06-13 16:00,148,68,80,validated,validated,validated
2026-06-13 16:15,127,55,72,validated,validated,validated
2026-06-13 16:30,156,75,81,validated,validated,validated
2026-06-13 16:45,147,69,78,validated,validated,validated
2026-06-13 17:00,158,62,96,validated,validated,validated
2026-06-13 17:15,166,66,100,validated,validated,validated
2026-06-13 17:30,156,64,92,validated,validated,validated
2026-06-13 17:45,142,48,94,validated,validated,validated
2026-06-13 18:00,137,48,89,validated,validated,validated
2026-06-13 18:15,166,82,84,validated,validated,validated
2026-06-13 18:30,134,55,79,validated,validated,validated
2026-06-13 18:45,135,61,74,validated,validated,validated
2026-06-13 19:00,122,52,70,validated,validated,validated
2026-06-13 19:15,127,63,64,validated,validated,validated
2026-06-13 19:30,98,42,56,validated,validated,validated
2026-06-13 19:45,101,50,51,validated,validated,validated
2026-06-13 20:00,90,41,49,validated,validated,validated
2026-06-13 20:15,94,43,51,validated,validated,validated
2026-06-13 20:30,83,34,49,validated,validated,validated
2026-06-13 20:45,69,37,32,validated,validated,validated
2026-06-13 21:00,63,23,40,validated,validated,validated
2026-06-13 21:15,60,27,33,validated,validated,validated
2026-06-13 21:30,61,17,44,validated,validated,validated
2026-06-13 21:45,51,23,28,validated,validated,validated
2026-06-13 22:00,70,38,32,validated,validated,validated
2026-06-13 22:15,63,23,40,validated,validated,validated
2026-06-13 22:30,70,19,51,validated,validated,validated
2026-06-13 22:45,70,8,62,validated,validated,validated
2026-06-13 23:00,66,33,33,validated,validated,validated
2026-06-13 23:15,56,22,34,validated,validated,validated
2026-06-13 23:30,66,14,52,validated,validated,validated
2026-06-13 23:45,63,18,45,validated,validated,validated
2026-06-14 00:00,64,24,40,validated,validated,validated
2026-06-14 00:15,59,12,47,validated,validated,validated
2026-06-14 00:30,50,14,36,validated,validated,validated
2026-06-14 00:45,34,10,24,validated,validated,validated
2026-06-14 01:00,27,7,20,validated,validated,validated
2026-06-14 01:15,42,6,36,validated,validated,validated
2026-06-14 01:30,34,7,27,validated,validated,validated
2026-06-14 01:45,36,8,28,validated,validated,validated
2026-06-14 02:00,42,11,31,validated,validated,validated
2026-06-14 02:15,43,16,27,validated,validated,validated
2026-06-14 02:30,13,6,7,validated,validated,validated
2026-06-14 02:45,19,8,11,validated,validated,validated
2026-06-14 03:00,15,1,14,validated,validated,validated
2026-06-14 03:15,26,0,26,validated,validated,validated
2026-06-14 03:30,16,3,13,validated,validated,validated
2026-06-14 03:45,12,2,10,validated,validated,validated
2026-06-14 04:00,4,1,3,validated,validated,validated
2026-06-14 04:15,14,3,11,validated,validated,validated
2026-06-14 04:30,2,0,2,validated,validated,validated
2026-06-14 04:45,8,2,6,validated,validated,validated
2026-06-14 05:00,3,2,1,validated,validated,validated
2026-06-14 05:15,8,2,6,validated,validated,validated
2026-06-14 05:30,13,2,11,validated,validated,validated
2026-06-14 05:45,8,5,3,validated,validated,validated
2026-06-14 06:00,6,1,5,validated,validated,validated
2026-06-14 06:15,8,5,3,validated,validated,validated
2026-06-14 06:30,9,4,5,validated,validated,validated
2026-06-14 06:45,7,3,4,validated,validated,validated
2026-06-14 07:00,7,4,3,validated,validated,validated
2026-06-14 07:15,8,5,3,validated,validated,validated
2026-06-14 07:30,10,4,6,validated,validated,validated
2026-06-14 07:45,21,8,13,validated,validated,validated
2026-06-14 08:00,16,4,12,validated,validated,validated
2026-06-14 08:15,17,9,8,validated,validated,validated
2026-06-14 08:30,19,13,6,validated,validated,validated
2026-06-14 08:45,29,11,18,validated,validated,validated
2026-06-14 09:00,28,19,9,validated,validated,validated
2026-06-14 09:15,34,21,13,validated,validated,validated
2026-06-14 09:30,36,24,12,validated,validated,validated
2026-06-14 09:45,66,51,15,validated,validated,validated
2026-06-14 10:00,74,34,40,validated,validated,validated
2026-06-14 10:15,90,59,31,validated,validated,validated
2026-06-14 10:30,97,55,42,validated,validated,validated
2026-06-14 10:45,80,61,19,validated,validated,validated
2026-06-14 11:00,100,53,47,validated,validated,validated
2026-06-14 11:15,67,39,28,validated,validated,validated
2026-06-14 11:30,67,39,28,validated,validated,validated
2026-06-14 11:45,99,44,55,validated,validated,validated
2026-06-14 12:00,75,32,43,validated,validated,validated
2026-06-14 12:15,68,32,36,validated,validated,validated
2026-06-14 12:30,71,26,45,validated,validated,validated
2026-06-14 12:45,87,40,47,validated,validated,validated
2026-06-14 13:00,109,57,52,validated,validated,validated
2026-06-14 13:15,86,56,30,validated,validated,validated
2026-06-14 13:30,83,43,40,validated,validated,validated
2026-06-14 13:45,111,63,48,validated,validated,validated
2026-06-14 14:00,106,53,53,validated,validated,validated
2026-06-14 14:15,121,65,56,validated,validated,validated
2026-06-14 14:30,112,70,42,validated,validated,validated
2026-06-14 14:45,123,68,55,validated,validated,validated
2026-06-14 15:00,118,56,62,validated,validated,validated
2026-06-14 15:15,148,66,82,validated,validated,validated
2026-06-14 15:30,118,62,56,validated,validated,validated
2026-06-14 15:45,108,57,51,validated,validated,validated
2026-06-14 16:00,150,78,72,validated,validated,validated
2026-06-14 16:15,129,54,75,validated,validated,validated
2026-06-14 16:30,132,77,55,validated,validated,validated
2026-06-14 16:45,178,114,64,validated,validated,validated
2026-06-14 17:00,143,89,54,validated,validated,validated
2026-06-14 17:15,204,125,79,validated,validated,validated
2026-06-14 17:30,173,92,81,validated,validated,validated
2026-06-14 17:45,241,162,79,validated,validated,validated
2026-06-14 18:00,206,116,90,validated,validated,validated
2026-06-14 18:15,257,132,125,validated,validated,validated
2026-06-14 18:30,221,115,106,validated,validated,validated
2026-06-14 18:45,193,95,98,validated,validated,validated
2026-06-14 19:00,91,32,59,validated,validated,validated
2026-06-14 19:15,87,44,43,validated,validated,validated
2026-06-14 19:30,68,36,32,validated,validated,validated
2026-06-14 19:45,55,22,33,validated,validated,validated
2026-06-14 20:00,74,31,43,validated,validated,validated
2026-06-14 20:15,43,13,30,validated,validated,validated
2026-06-14 20:30,53,11,42,validated,validated,validated
2026-06-14 20:45,33,13,20,validated,validated,validated
2026-06-14 21:00,203,39,164,validated,validated,validated
2026-06-14 21:15,343,98,245,validated,validated,validated
2026-06-14 21:30,253,62,191,validated,validated,validated
2026-06-14 21:45,186,63,123,validated,validated,validated
2026-06-14 22:00,128,35,93,validated,validated,validated
2026-06-14 22:15,108,32,76,validated,validated,validated
2026-06-14 22:30,86,19,67,validated,validated,validated
2026-06-14 22:45,64,22,42,validated,validated,validated
2026-06-14 23:00,67,25,42,validated,validated,validated
2026-06-14 23:15,34,12,22,validated,validated,validated
2026-06-14 23:30,43,1,42,validated,validated,validated
2026-06-14 23:45,25,0,25,validated,validated,validated
2026-06-15 00:00,40,5,35,validated,validated,validated
2026-06-15 00:15,28,10,18,validated,validated,validated
2026-06-15 00:30,15,5,10,validated,validated,validated
2026-06-15 00:45,15,1,14,validated,validated,validated
2026-06-15 01:00,17,0,17,validated,validated,validated
2026-06-15 01:15,11,2,9,validated,validated,validated
2026-06-15 01:30,8,2,6,validated,validated,validated
2026-06-15 01:45,7,4,3,validated,validated,validated
2026-06-15 02:00,1,0,1,validated,validated,validated
2026-06-15 02:15,8,0,8,validated,validated,validated
2026-06-15 02:30,0,0,0,validated,validated,validated
2026-06-15 02:45,4,3,1,validated,validated,validated
2026-06-15 03:00,1,0,1,validated,validated,validated
2026-06-15 03:15,3,1,2,validated,validated,validated
2026-06-15 03:30,2,0,2,validated,validated,validated
2026-06-15 03:45,2,0,2,validated,validated,validated
2026-06-15 04:00,1,0,1,validated,validated,validated
2026-06-15 04:15,5,3,2,validated,validated,validated
2026-06-15 04:30,3,2,1,validated,validated,validated
2026-06-15 04:45,4,4,0,validated,validated,validated
2026-06-15 05:00,7,7,0,validated,validated,validated
2026-06-15 05:15,9,6,3,validated,validated,validated
2026-06-15 05:30,14,8,6,validated,validated,validated
2026-06-15 05:45,23,16,7,validated,validated,validated
2026-06-15 06:00,35,23,12,validated,validated,validated
2026-06-15 06:15,49,39,10,validated,validated,validated
2026-06-15 06:30,69,43,26,validated,validated,validated
2026-06-15 06:45,79,49,30,validated,validated,validated
2026-06-15 07:00,97,60,37,validated,validated,validated
2026-06-15 07:15,158,102,56,validated,validated,validated
2026-06-15 07:30,254,171,83,validated,validated,validated
2026-06-15 07:45,291,167,124,validated,validated,validated
2026-06-15 08:00,314,158,156,validated,validated,validated
2026-06-15 08:15,220,130,90,validated,validated,validated
2026-06-15 08:30,170,86,84,validated,validated,validated
2026-06-15 08:45,209,127,82,validated,validated,validated
2026-06-15 09:00,155,96,59,validated,validated,validated
2026-06-15 09:15,126,74,52,validated,validated,validated
2026-06-15 09:30,138,75,63,validated,validated,validated
2026-06-15 09:45,240,121,119,validated,validated,validated
2026-06-15 10:00,243,127,116,validated,validated,validated
2026-06-15 10:15,115,69,46,validated,validated,validated
2026-06-15 10:30,114,71,43,validated,validated,validated
2026-06-15 10:45,101,51,50,validated,validated,validated
2026-06-15 11:00,114,55,59,validated,validated,validated
2026-06-15 11:15,105,48,57,validated,validated,validated
2026-06-15 11:30,116,51,65,validated,validated,validated
2026-06-15 11:45,256,128,128,validated,validated,validated
2026-06-15 12:00,259,145,114,validated,validated,validated
2026-06-15 12:15,151,61,90,validated,validated,validated
2026-06-15 12:30,162,79,83,validated,validated,validated
2026-06-15 12:45,137,78,59,validated,validated,validated
2026-06-15 13:00,172,47,125,validated,validated,validated
2026-06-15 13:15,163,71,92,validated,validated,validated
2026-06-15 13:30,177,95,82,validated,validated,validated
2026-06-15 13:45,271,105,166,validated,validated,validated
2026-06-15 14:00,302,152,150,validated,validated,validated
2026-06-15 14:15,173,96,77,validated,validated,validated
2026-06-15 14:30,144,55,89,validated,validated,validated
2026-06-15 14:45,197,86,111,validated,validated,validated
2026-06-15 15:00,157,58,99,validated,validated,validated
2026-06-15 15:15,172,87,85,validated,validated,validated
2026-06-15 15:30,243,93,150,validated,validated,validated
2026-06-15 15:45,311,139,172,validated,validated,validated
2026-06-15 16:00,293,135,158,validated,validated,validated
2026-06-15 16:15,255,119,136,validated,validated,validated
2026-06-15 16:30,253,96,157,validated,validated,validated
2026-06-15 16:45,253,103,150,validated,validated,validated
2026-06-15 17:00,253,88,165,validated,validated,validated
2026-06-15 17:15,280,109,171,validated,validated,validated
2026-06-15 17:30,299,115,184,validated,validated,validated
2026-06-15 17:45,415,138,277,validated,validated,validated
2026-06-15 18:00,317,116,201,validated,validated,validated
2026-06-15 18:15,270,113,157,validated,validated,validated
2026-06-15 18:30,260,94,166,validated,validated,validated
2026-06-15 18:45,247,107,140,validated,validated,validated
2026-06-15 19:00,213,81,132,validated,validated,validated
2026-06-15 19:15,165,64,101,validated,validated,validated
2026-06-15 19:30,192,91,101,validated,validated,validated
2026-06-15 19:45,198,100,98,validated,validated,validated
2026-06-15 20:00,160,71,89,validated,validated,validated
2026-06-15 20:15,167,64,103,validated,validated,validated
2026-06-15 20:30,144,69,75,validated,validated,validated
2026-06-15 20:45,116,66,50,validated,validated,validated
2026-06-15 21:00,145,81,64,validated,validated,validated
2026-06-15 21:15,131,71,60,validated,validated,validated
2026-06-15 21:30,118,65,53,validated,validated,validated
2026-06-15 21:45,138,76,62,validated,validated,validated
2026-06-15 22:00,109,42,67,validated,validated,validated
2026-06-15 22:15,105,50,55,validated,validated,validated
2026-06-15 22:30,91,37,54,validated,validated,validated
2026-06-15 22:45,64,24,40,validated,validated,validated
2026-06-15 23:00,49,16,33,validated,validated,validated
2026-06-15 23:15,35,11,24,validated,validated,validated
2026-06-15 23:30,33,11,22,validated,validated,validated
2026-06-15 23:45,34,7,27,validated,validated,validated
2026-06-16 00:00,19,4,15,validated,validated,validated
2026-06-16 00:15,14,2,12,validated,validated,validated
2026-06-16 00:30,21,3,18,validated,validated,validated
2026-06-16 00:45,12,5,7,validated,validated,validated
2026-06-16 01:00,11,3,8,validated,validated,validated
2026-06-16 01:15,7,3,4,validated,validated,validated
2026-06-16 01:30,14,1,13,validated,validated,validated
2026-06-16 01:45,5,1,4,validated,validated,validated
2026-06-16 02:00,4,2,2,validated,validated,validated
2026-06-16 02:15,4,1,3,validated,validated,validated
2026-06-16 02:30,2,2,0,validated,validated,validated
2026-06-16 02:45,2,2,0,validated,validated,validated
2026-06-16 03:00,1,0,1,validated,validated,validated
2026-06-16 03:15,1,0,1,validated,validated,validated
2026-06-16 03:30,0,0,0,validated,validated,validated
2026-06-16 03:45,0,0,0,validated,validated,validated
2026-06-16 04:00,1,0,1,validated,validated,validated
2026-06-16 04:15,1,1,0,validated,validated,validated
2026-06-16 04:30,3,1,2,validated,validated,validated
2026-06-16 04:45,5,2,3,validated,validated,validated
2026-06-16 05:00,6,5,1,validated,validated,validated
2026-06-16 05:15,14,9,5,validated,validated,validated
2026-06-16 05:30,23,15,8,validated,validated,validated
2026-06-16 05:45,27,18,9,validated,validated,validated
2026-06-16 06:00,37,30,7,validated,validated,validated
2026-06-16 06:15,42,29,13,validated,validated,validated
2026-06-16 06:30,79,43,36,validated,validated,validated
2026-06-16 06:45,98,55,43,validated,validated,validated
2026-06-16 07:00,107,80,27,validated,validated,validated
2026-06-16 07:15,161,102,59,validated,validated,validated
2026-06-16 07:30,290,207,83,validated,validated,validated
2026-06-16 07:45,367,222,145,validated,validated,validated
2026-06-16 08:00,388,207,181,validated,validated,validated
2026-06-16 08:15,283,163,120,validated,validated,validated
2026-06-16 08:30,218,119,99,validated,validated,validated
2026-06-16 08:45,226,113,113,validated,validated,validated
2026-06-16 09:00,193,113,80,validated,validated,validated
2026-06-16 09:15,146,93,53,validated,validated,validated
2026-06-16 09:30,137,70,67,validated,validated,validated
2026-06-16 09:45,319,145,174,validated,validated,validated
2026-06-16 10:00,333,174,159,validated,validated,validated
2026-06-16 10:15,164,90,74,validated,validated,validated
2026-06-16 10:30,138,72,66,validated,validated,validated
2026-06-16 10:45,121,69,52,validated,validated,validated
2026-06-16 11:00,143,75,68,validated,validated,validated
2026-06-16 11:15,95,53,42,validated,validated,validated
2026-06-16 11:30,177,73,104,validated,validated,validated
2026-06-16 11:45,346,172,174,validated,validated,validated
2026-06-16 12:00,297,173,124,validated,validated,validated
2026-06-16 12:15,185,87,98,validated,validated,validated
2026-06-16 12:30,124,48,76,validated,validated,validated
2026-06-16 12:45,194,78,116,validated,validated,validated
2026-06-16 13:00,239,85,154,validated,validated,validated
2026-06-16 13:15,205,85,120,validated,validated,validated
2026-06-16 13:30,236,118,118,validated,validated,validated
2026-06-16 13:45,381,182,199,validated,validated,validated
2026-06-16 14:00,358,187,171,validated,validated,validated
2026-06-16 14:15,223,107,116,validated,validated,validated
2026-06-16 14:30,210,107,103,validated,validated,validated
2026-06-16 14:45,209,94,115,validated,validated,validated
2026-06-16 15:00,202,102,100,validated,validated,validated
2026-06-16 15:15,194,100,94,validated,validated,validated
2026-06-16 15:30,247,107,140,validated,validated,validated
2026-06-16 15:45,417,203,214,validated,validated,validated
2026-06-16 16:00,398,195,203,validated,validated,validated
2026-06-16 16:15,269,131,138,validated,validated,validated
2026-06-16 16:30,281,129,152,validated,validated,validated
2026-06-16 16:45,314,147,167,validated,validated,validated
2026-06-16 17:00,290,142,148,validated,validated,validated
2026-06-16 17:15,305,136,169,validated,validated,validated
2026-06-16 17:30,314,117,197,validated,validated,validated
2026-06-16 17:45,446,199,247,validated,validated,validated
2026-06-16 18:00,377,175,202,validated,validated,validated
2026-06-16 18:15,344,138,206,validated,validated,validated
2026-06-16 18:30,264,127,137,validated,validated,validated
2026-06-16 18:45,287,133,154,validated,validated,validated
2026-06-16 19:00,264,106,158,validated,validated,validated
2026-06-16 19:15,235,107,128,validated,validated,validated
2026-06-16 19:30,218,89,129,validated,validated,validated
2026-06-16 19:45,225,106,119,validated,validated,validated
2026-06-16 20:00,256,94,162,validated,validated,validated
2026-06-16 20:15,206,81,125,validated,validated,validated
2026-06-16 20:30,141,67,74,validated,validated,validated
2026-06-16 20:45,148,58,90,validated,validated,validated
2026-06-16 21:00,145,63,82,validated,validated,validated
2026-06-16 21:15,118,52,66,validated,validated,validated
2026-06-16 21:30,101,31,70,validated,validated,validated
2026-06-16 21:45,120,52,68,validated,validated,validated
2026-06-16 22:00,119,41,78,validated,validated,validated
2026-06-16 22:15,123,58,65,validated,validated,validated
2026-06-16 22:30,78,33,45,validated,validated,validated
2026-06-16 22:45,87,29,58,validated,validated,validated
2026-06-16 23:00,70,22,48,validated,validated,validated
2026-06-16 23:15,83,31,52,validated,validated,validated
2026-06-16 23:30,75,28,47,validated,validated,validated
2026-06-16 23:45,52,14,38,validated,validated,validated
2026-06-17 00:00,28,9,19,modified,modified,validated
2026-06-17 00:15,15,7,8,modified,modified,validated
2026-06-17 00:30,17,3,14,modified,modified,validated
2026-06-17 00:45,25,3,22,validated,validated,validated
2026-06-17 01:00,20,3,17,modified,modified,validated
2026-06-17 01:15,8,2,6,modified,modified,validated
2026-06-17 01:30,7,1,6,modified,modified,validated
2026-06-17 01:45,4,1,3,modified,modified,validated
2026-06-17 02:00,4,1,3,modified,modified,validated
2026-06-17 02:15,2,1,1,validated,validated,validated
2026-06-17 02:30,1,0,1,modified,modified,validated
2026-06-17 02:45,3,0,3,validated,validated,validated
2026-06-17 03:00,6,1,5,modified,modified,validated
2026-06-17 03:15,3,1,2,modified,modified,validated
2026-06-17 03:30,2,1,1,validated,validated,validated
2026-06-17 03:45,3,1,2,validated,validated,validated
2026-06-17 04:00,2,1,1,validated,validated,validated
2026-06-17 04:15,6,2,4,modified,modified,validated
2026-06-17 04:30,5,2,3,modified,modified,validated
2026-06-17 04:45,4,4,0,modified,modified,validated
2026-06-17 05:00,10,8,2,modified,modified,validated
2026-06-17 05:15,10,9,1,modified,modified,validated
2026-06-17 05:30,23,12,11,validated,validated,validated
2026-06-17 05:45,25,19,6,modified,modified,validated
2026-06-17 06:00,35,27,8,modified,modified,validated
2026-06-17 06:15,50,39,11,modified,modified,validated
2026-06-17 06:30,73,50,23,modified,modified,validated
2026-06-17 06:45,90,60,30,modified,modified,validated
2026-06-17 07:00,118,84,34,modified,modified,validated
2026-06-17 07:15,208,145,63,modified,modified,validated
2026-06-17 07:30,270,196,74,modified,modified,validated
2026-06-17 07:45,354,194,160,modified,modified,validated
2026-06-17 08:00,364,181,183,modified,modified,validated
2026-06-17 08:15,306,148,158,modified,modified,validated
2026-06-17 08:30,249,127,122,modified,modified,validated
2026-06-17 08:45,270,150,120,modified,modified,validated
2026-06-17 09:00,184,108,76,modified,modified,validated
2026-06-17 09:15,163,105,58,modified,modified,validated
2026-06-17 09:30,179,102,77,modified,modified,validated
2026-06-17 09:45,315,165,150,modified,modified,validated
2026-06-17 10:00,310,173,137,modified,modified,validated
2026-06-17 10:15,160,86,74,modified,modified,validated
2026-06-17 10:30,143,73,70,modified,modified,validated
2026-06-17 10:45,167,91,76,modified,modified,validated
2026-06-17 11:00,156,79,77,modified,modified,validated
2026-06-17 11:15,145,77,68,modified,modified,validated
2026-06-17 11:30,180,91,89,modified,modified,validated
2026-06-17 11:45,327,159,168,modified,modified,validated
2026-06-17 12:00,279,146,133,modified,modified,validated
2026-06-17 12:15,215,107,108,modified,modified,validated
2026-06-17 12:30,193,97,96,modified,modified,validated
2026-06-17 12:45,251,116,135,modified,modified,validated
2026-06-17 13:00,224,97,127,modified,modified,validated
2026-06-17 13:15,233,93,140,modified,modified,validated
2026-06-17 13:30,220,108,112,modified,modified,validated
2026-06-17 13:45,305,140,165,modified,modified,validated
2026-06-17 14:00,289,142,147,modified,modified,validated
2026-06-17 14:15,184,102,82,modified,modified,validated
2026-06-17 14:30,189,88,101,modified,modified,validated
2026-06-17 14:45,215,95,120,modified,modified,validated
2026-06-17 15:00,223,96,127,modified,modified,validated
2026-06-17 15:15,196,99,97,modified,modified,validated
2026-06-17 15:30,292,110,182,modified,modified,validated
2026-06-17 15:45,379,148,231,modified,modified,validated
2026-06-17 16:00,350,149,201,modified,modified,validated
2026-06-17 16:15,262,119,143,modified,modified,validated
2026-06-17 16:30,301,120,181,modified,modified,validated
2026-06-17 16:45,281,117,164,modified,modified,validated
2026-06-17 17:00,295,123,172,modified,modified,validated
2026-06-17 17:15,293,122,171,modified,modified,validated
2026-06-17 17:30,310,141,169,modified,modified,validated
2026-06-17 17:45,394,165,229,modified,modified,validated
2026-06-17 18:00,313,146,167,modified,modified,validated
2026-06-17 18:15,279,129,150,modified,modified,validated
2026-06-17 18:30,259,123,136,modified,modified,validated
2026-06-17 18:45,289,145,144,modified,modified,validated
2026-06-17 19:00,273,132,141,modified,modified,validated
2026-06-17 19:15,254,128,126,modified,modified,validated
2026-06-17 19:30,215,97,118,modified,modified,validated
2026-06-17 19:45,234,115,119,modified,modified,validated
2026-06-17 20:00,215,103,112,modified,modified,validated
2026-06-17 20:15,195,97,98,modified,modified,validated
2026-06-17 20:30,156,80,76,modified,modified,validated
2026-06-17 20:45,142,75,67,modified,modified,validated
2026-06-17 21:00,121,63,58,modified,modified,validated
2026-06-17 21:15,146,70,76,modified,modified,validated
2026-06-17 21:30,139,48,91,modified,modified,validated
2026-06-17 21:45,143,48,95,modified,modified,validated
2026-06-17 22:00,108,51,57,modified,modified,validated
2026-06-17 22:15,110,44,66,modified,modified,validated
2026-06-17 22:30,103,44,59,modified,modified,validated
2026-06-17 22:45,87,36,51,modified,modified,validated
2026-06-17 23:00,102,40,62,modified,modified,validated
2026-06-17 23:15,84,41,43,modified,modified,validated
2026-06-17 23:30,75,33,42,modified,modified,validated
2026-06-17 23:45,50,27,23,modified,modified,validated
2026-06-18 00:00,79,35,44,modified,modified,validated
2026-06-18 00:15,60,22,38,modified,modified,validated
2026-06-18 00:30,38,13,25,modified,modified,validated
2026-06-18 00:45,48,16,32,modified,modified,validated
2026-06-18 01:00,42,13,29,modified,modified,validated
2026-06-18 01:15,35,10,25,modified,modified,validated
2026-06-18 01:30,36,6,30,modified,modified,validated
2026-06-18 01:45,18,5,13,modified,modified,validated
2026-06-18 02:00,30,4,26,modified,modified,validated
2026-06-18 02:15,28,6,22,modified,modified,validated
2026-06-18 02:30,15,1,14,modified,modified,validated
2026-06-18 02:45,9,3,6,modified,modified,validated
2026-06-18 03:00,16,4,12,modified,modified,validated
2026-06-18 03:15,16,2,14,modified,modified,validated
2026-06-18 03:30,6,2,4,modified,modified,validated
2026-06-18 03:45,12,3,9,modified,modified,validated
2026-06-18 04:00,13,2,11,modified,modified,validated
2026-06-18 04:15,6,3,3,modified,modified,validated
2026-06-18 04:30,8,2,6,modified,modified,validated
2026-06-18 04:45,7,4,3,modified,modified,validated
2026-06-18 05:00,10,7,3,modified,modified,validated
2026-06-18 05:15,12,9,3,modified,modified,validated
2026-06-18 05:30,18,12,6,modified,modified,validated
2026-06-18 05:45,28,18,10,modified,modified,validated
2026-06-18 06:00,34,21,13,modified,modified,validated
2026-06-18 06:15,50,37,13,modified,modified,validated
2026-06-18 06:30,78,45,33,modified,modified,validated
2026-06-18 06:45,90,49,41,modified,modified,validated
2026-06-18 07:00,98,66,32,modified,modified,validated
2026-06-18 07:15,172,110,62,modified,modified,validated
2026-06-18 07:30,296,201,95,modified,modified,validated
2026-06-18 07:45,348,204,144,modified,modified,validated
2026-06-18 08:00,332,162,170,modified,modified,validated
2026-06-18 08:15,247,140,107,modified,modified,validated
2026-06-18 08:30,187,121,66,modified,modified,validated
2026-06-18 08:45,241,137,104,modified,modified,validated
2026-06-18 09:00,187,105,82,modified,modified,validated
2026-06-18 09:15,162,87,75,modified,modified,validated
2026-06-18 09:30,183,90,93,modified,modified,validated
2026-06-18 09:45,335,158,177,modified,modified,validated
2026-06-18 10:00,322,170,152,modified,modified,validated
2026-06-18 10:15,154,85,69,modified,modified,validated
2026-06-18 10:30,136,73,63,modified,modified,validated
2026-06-18 10:45,157,86,71,modified,modified,validated
2026-06-18 11:00,153,74,79,modified,modified,validated
2026-06-18 11:15,158,74,84,modified,modified,validated
2026-06-18 11:30,180,87,93,modified,modified,validated
2026-06-18 11:45,337,146,191,modified,modified,validated
2026-06-18 12:00,285,138,147,modified,modified,validated
2026-06-18 12:15,196,97,99,modified,modified,validated
2026-06-18 12:30,196,93,103,modified,modified,validated
2026-06-18 12:45,203,111,92,modified,modified,validated
2026-06-18 13:00,222,99,123,modified,modified,validated
2026-06-18 13:15,190,88,102,modified,modified,validated
2026-06-18 13:30,208,105,103,modified,modified,validated
2026-06-18 13:45,323,145,178,modified,modified,validated
2026-06-18 14:00,291,147,144,modified,modified,validated
2026-06-18 14:15,235,107,128,modified,modified,validated
2026-06-18 14:30,185,99,86,modified,modified,validated
2026-06-18 14:45,206,107,99,modified,modified,validated
2026-06-18 15:00,234,109,125,modified,modified,validated
2026-06-18 15:15,207,108,99,modified,modified,validated
2026-06-18 15:30,292,112,180,modified,modified,validated
2026-06-18 15:45,370,172,198,modified,modified,validated
2026-06-18 16:00,311,155,156,modified,modified,validated
2026-06-18 16:15,277,137,140,modified,modified,validated
2026-06-18 16:30,253,125,128,modified,modified,validated
2026-06-18 16:45,285,145,140,modified,modified,validated
2026-06-18 17:00,252,126,126,modified,modified,validated
2026-06-18 17:15,304,132,172,modified,modified,validated
2026-06-18 17:30,284,145,139,modified,modified,validated
2026-06-18 17:45,342,158,184,modified,modified,validated
2026-06-18 18:00,309,129,180,modified,modified,validated
2026-06-18 18:15,285,119,166,modified,modified,validated
2026-06-18 18:30,243,112,131,modified,modified,validated
2026-06-18 18:45,269,130,139,modified,modified,validated
2026-06-18 19:00,213,114,99,modified,modified,validated
2026-06-18 19:15,218,117,101,modified,modified,validated
2026-06-18 19:30,202,92,110,modified,modified,validated
2026-06-18 19:45,197,95,102,modified,modified,validated
2026-06-18 20:00,179,84,95,modified,modified,validated
2026-06-18 20:15,177,74,103,modified,modified,validated
2026-06-18 20:30,140,60,80,modified,modified,validated
2026-06-18 20:45,145,54,91,modified,modified,validated
2026-06-18 21:00,143,48,95,modified,modified,validated
2026-06-18 21:15,139,46,93,modified,modified,validated
2026-06-18 21:30,126,40,86,modified,modified,validated
2026-06-18 21:45,118,39,79,modified,modified,validated
2026-06-18 22:00,118,42,76,modified,modified,validated
2026-06-18 22:15,118,50,68,modified,modified,validated
2026-06-18 22:30,125,32,93,modified,modified,validated
2026-06-18 22:45,97,29,68,modified,modified,validated
2026-06-18 23:00,104,25,79,modified,modified,validated
2026-06-18 23:15,87,21,66,modified,modified,validated
2026-06-18 23:30,55,16,39,modified,modified,validated
2026-06-18 23:45,63,15,48,modified,modified,validated
2026-06-19 00:00,36,9,27,modified,modified,validated
2026-06-19 00:15,23,12,11,modified,modified,validated
2026-06-19 00:30,31,7,24,modified,modified,validated
2026-06-19 00:45,26,7,19,modified,modified,validated
2026-06-19 01:00,26,6,20,modified,modified,validated
2026-06-19 01:15,19,6,13,modified,modified,validated
2026-06-19 01:30,16,5,11,modified,modified,validated
2026-06-19 01:45,9,4,5,modified,modified,validated
2026-06-19 02:00,14,2,12,modified,modified,validated
2026-06-19 02:15,4,1,3,modified,modified,validated
2026-06-19 02:30,4,1,3,modified,modified,validated
2026-06-19 02:45,7,2,5,modified,modified,validated
2026-06-19 03:00,9,1,8,modified,modified,validated
2026-06-19 03:15,4,1,3,modified,modified,validated
2026-06-19 03:30,4,1,3,modified,modified,validated
2026-06-19 03:45,1,1,0,modified,modified,validated
2026-06-19 04:00,3,1,2,modified,modified,validated
2026-06-19 04:15,2,2,0,modified,modified,validated
2026-06-19 04:30,3,2,1,modified,modified,validated
2026-06-19 04:45,5,4,1,modified,modified,validated
2026-06-19 05:00,7,7,0,modified,modified,validated
2026-06-19 05:15,11,7,4,modified,modified,validated
2026-06-19 05:30,12,11,1,modified,modified,validated
2026-06-19 05:45,23,16,7,modified,modified,validated
2026-06-19 06:00,32,20,12,modified,modified,validated
2026-06-19 06:15,37,29,8,modified,modified,validated
2026-06-19 06:30,55,34,21,modified,modified,validated
2026-06-19 06:45,76,43,33,modified,modified,validated
2026-06-19 07:00,109,61,48,modified,modified,validated
2026-06-19 07:15,139,93,46,modified,modified,validated
2026-06-19 07:30,246,172,74,modified,modified,validated
2026-06-19 07:45,282,151,131,modified,modified,validated
2026-06-19 08:00,238,116,122,modified,modified,validated
2026-06-19 08:15,200,92,108,modified,modified,validated
2026-06-19 08:30,165,97,68,modified,modified,validated
2026-06-19 08:45,223,125,98,modified,modified,validated
2026-06-19 09:00,150,93,57,modified,modified,validated
2026-06-19 09:15,150,86,64,modified,modified,validated
2026-06-19 09:30,150,92,58,modified,modified,validated
2026-06-19 09:45,253,141,112,modified,modified,validated
2026-06-19 10:00,201,120,81,modified,modified,validated
2026-06-19 10:15,163,87,76,modified,modified,validated
2026-06-19 10:30,134,77,57,modified,modified,validated
2026-06-19 10:45,143,87,56,modified,modified,validated
2026-06-19 11:00,131,77,54,modified,modified,validated
2026-06-19 11:15,152,80,72,modified,modified,validated
2026-06-19 11:30,171,86,85,modified,modified,validated
2026-06-19 11:45,241,124,117,modified,modified,validated
2026-06-19 12:00,225,123,102,modified,modified,validated
2026-06-19 12:15,212,113,99,modified,modified,validated
2026-06-19 12:30,210,102,108,modified,modified,validated
2026-06-19 12:45,218,122,96,modified,modified,validated
2026-06-19 13:00,289,112,177,modified,modified,validated
2026-06-19 13:15,237,111,126,modified,modified,validated
2026-06-19 13:30,226,109,117,modified,modified,validated
2026-06-19 13:45,253,130,123,modified,modified,validated
2026-06-19 14:00,220,126,94,modified,modified,validated
2026-06-19 14:15,251,115,136,modified,modified,validated
2026-06-19 14:30,222,113,109,modified,modified,validated
2026-06-19 14:45,216,128,88,modified,modified,validated
2026-06-19 15:00,201,117,84,modified,modified,validated
2026-06-19 15:15,211,124,87,modified,modified,validated
2026-06-19 15:30,240,130,110,modified,modified,validated
2026-06-19 15:45,236,137,99,modified,modified,validated
2026-06-19 16:00,201,119,82,modified,modified,validated
2026-06-19 16:15,221,118,103,modified,modified,validated
2026-06-19 16:30,200,108,92,modified,modified,validated
2026-06-19 16:45,222,122,100,modified,modified,validated
2026-06-19 17:00,186,106,80,modified,modified,validated
2026-06-19 17:15,209,115,94,modified,modified,validated
2026-06-19 17:30,206,120,86,modified,modified,validated
2026-06-19 17:45,258,132,126,modified,modified,validated
2026-06-19 18:00,200,106,94,modified,modified,validated
2026-06-19 18:15,234,118,116,modified,modified,validated
2026-06-19 18:30,215,108,107,modified,modified,validated
2026-06-19 18:45,235,117,118,modified,modified,validated
2026-06-19 19:00,218,102,116,modified,modified,validated
2026-06-19 19:15,178,101,77,modified,modified,validated
2026-06-19 19:30,193,93,100,modified,modified,validated
2026-06-19 19:45,163,92,71,modified,modified,validated
2026-06-19 20:00,175,85,90,modified,modified,validated
2026-06-19 20:15,156,78,78,modified,modified,validated
2026-06-19 20:30,141,64,77,modified,modified,validated
2026-06-19 20:45,135,53,82,modified,modified,validated
2026-06-19 21:00,140,52,88,modified,modified,validated
2026-06-19 21:15,172,52,120,modified,modified,validated
2026-06-19 21:30,162,46,116,modified,modified,validated
2026-06-19 21:45,182,44,138,modified,modified,validated
2026-06-19 22:00,239,42,197,modified,modified,validated
2026-06-19 22:15,161,40,121,modified,modified,validated
2026-06-19 22:30,166,36,130,modified,modified,validated
2026-06-19 22:45,97,30,67,modified,modified,validated
2026-06-19 23:00,85,32,53,modified,modified,validated
2026-06-19 23:15,106,32,74,modified,modified,validated
2026-06-19 23:30,116,28,88,modified,modified,validated
2026-06-19 23:45,104,29,75,modified,modified,validated
2026-06-20 00:00,81,21,60,modified,modified,validated
2026-06-20 00:15,76,17,59,modified,modified,validated
2026-06-20 00:30,77,18,59,modified,modified,validated
2026-06-20 00:45,60,16,44,modified,modified,validated
2026-06-20 01:00,78,16,62,modified,modified,validated
2026-06-20 01:15,43,13,30,modified,modified,validated
2026-06-20 01:30,60,8,52,modified,modified,validated
2026-06-20 01:45,48,8,40,modified,modified,validated
2026-06-20 02:00,42,7,35,modified,modified,validated
2026-06-20 02:15,34,6,28,modified,modified,validated
2026-06-20 02:30,19,3,16,modified,modified,validated
2026-06-20 02:45,23,5,18,modified,modified,validated
2026-06-20 03:00,26,3,23,modified,modified,validated
2026-06-20 03:15,19,4,15,modified,modified,validated
2026-06-20 03:30,13,3,10,modified,modified,validated
2026-06-20 03:45,13,3,10,modified,modified,validated
2026-06-20 04:00,10,2,8,modified,modified,validated
2026-06-20 04:15,12,2,10,modified,modified,validated
2026-06-20 04:30,10,3,7,modified,modified,validated
2026-06-20 04:45,6,2,4,modified,modified,validated
2026-06-20 05:00,6,2,4,modified,modified,validated
2026-06-20 05:15,4,3,1,modified,modified,validated
2026-06-20 05:30,13,4,9,modified,modified,validated
2026-06-20 05:45,11,7,4,modified,modified,validated
2026-06-20 06:00,13,5,8,modified,modified,validated
2026-06-20 06:15,9,6,3,modified,modified,validated
2026-06-20 06:30,12,7,5,modified,modified,validated
2026-06-20 06:45,18,10,8,modified,modified,validated
2026-06-20 07:00,19,9,10,modified,modified,validated
2026-06-20 07:15,22,14,8,modified,modified,validated
2026-06-20 07:30,41,25,16,modified,modified,validated
2026-06-20 07:45,38,26,12,modified,modified,validated
2026-06-20 08:00,42,25,17,modified,modified,validated
2026-06-20 08:15,39,29,10,modified,modified,validated
2026-06-20 08:30,61,34,27,modified,modified,validated
2026-06-20 08:45,75,44,31,modified,modified,validated
2026-06-20 09:00,71,44,27,modified,modified,validated
2026-06-20 09:15,94,55,39,modified,modified,validated
2026-06-20 09:30,121,71,50,modified,modified,validated
2026-06-20 09:45,143,99,44,modified,modified,validated
2026-06-20 10:00,132,84,48,modified,modified,validated
2026-06-20 10:15,141,83,58,modified,modified,validated
2026-06-20 10:30,140,82,58,modified,modified,validated
2026-06-20 10:45,167,100,67,modified,modified,validated
2026-06-20 11:00,149,99,50,modified,modified,validated
2026-06-20 11:15,153,96,57,modified,modified,validated
2026-06-20 11:30,145,94,51,modified,modified,validated
2026-06-20 11:45,171,108,63,modified,modified,validated
2026-06-20 12:00,169,97,72,modified,modified,validated
2026-06-20 12:15,178,97,81,modified,modified,validated
2026-06-20 12:30,166,95,71,modified,modified,validated
2026-06-20 12:45,162,108,54,modified,modified,validated
2026-06-20 13:00,171,93,78,modified,modified,validated
2026-06-20 13:15,168,87,81,modified,modified,validated
2026-06-20 13:30,152,86,66,modified,modified,validated
2026-06-20 13:45,169,94,75,modified,modified,validated
2026-06-20 14:00,150,82,68,modified,modified,validated
2026-06-20 14:15,151,83,68,modified,modified,validated
2026-06-20 14:30,144,76,68,modified,modified,validated
2026-06-20 14:45,135,83,52,modified,modified,validated
2026-06-20 15:00,142,72,70,modified,modified,validated
2026-06-20 15:15,155,74,81,modified,modified,validated
2026-06-20 15:30,147,71,76,modified,modified,validated
2026-06-20 15:45,158,76,82,modified,modified,validated
2026-06-20 16:00,164,74,90,modified,modified,validated
2026-06-20 16:15,132,67,65,modified,modified,validated
2026-06-20 16:30,160,72,88,modified,modified,validated
2026-06-20 16:45,153,70,83,modified,modified,validated
2026-06-20 17:00,162,66,96,modified,modified,validated
2026-06-20 17:15,158,63,95,modified,modified,validated
2026-06-20 17:30,134,63,71,modified,modified,validated
2026-06-20 17:45,144,73,71,modified,modified,validated
2026-06-20 18:00,142,62,80,modified,modified,validated
2026-06-20 18:15,172,68,104,modified,modified,validated
2026-06-20 18:30,132,60,72,modified,modified,validated
2026-06-20 18:45,163,77,86,modified,modified,validated
2026-06-20 19:00,142,67,75,modified,modified,validated
2026-06-20 19:15,133,60,73,modified,modified,validated
2026-06-20 19:30,111,52,59,modified,modified,validated
2026-06-20 19:45,109,51,58,modified,modified,validated
2026-06-20 20:00,132,52,80,modified,modified,validated
2026-06-20 20:15,118,46,72,modified,modified,validated
2026-06-20 20:30,101,42,59,modified,modified,validated
2026-06-20 20:45,87,37,50,modified,modified,validated
2026-06-20 21:00,96,29,67,modified,modified,validated
2026-06-20 21:15,83,31,52,modified,modified,validated
2026-06-20 21:30,84,29,55,modified,modified,validated
2026-06-20 21:45,114,27,87,modified,modified,validated
2026-06-20 22:00,78,30,48,modified,modified,validated
2026-06-20 22:15,59,22,37,modified,modified,validated
2026-06-20 22:30,45,23,22,modified,modified,validated
2026-06-20 22:45,43,19,24,modified,modified,validated
2026-06-20 23:00,67,20,47,modified,modified,validated
2026-06-20 23:15,34,18,16,modified,modified,validated
2026-06-20 23:30,34,18,16,modified,modified,validated
2026-06-20 23:45,40,21,19,modified,modified,validated
2026-06-21 00:00,153,26,127,modified,modified,validated
2026-06-21 00:15,207,20,187,modified,modified,validated
2026-06-21 00:30,196,20,176,modified,modified,validated
2026-06-21 00:45,112,23,89,modified,modified,validated
2026-06-21 01:00,77,16,61,modified,modified,validated
2026-06-21 01:15,75,18,57,modified,modified,validated
2026-06-21 01:30,90,15,75,modified,modified,validated
2026-06-21 01:45,70,11,59,modified,modified,validated
2026-06-21 02:00,55,10,45,modified,modified,validated
2026-06-21 02:15,68,11,57,modified,modified,validated
2026-06-21 02:30,27,3,24,modified,modified,validated
2026-06-21 02:45,40,7,33,modified,modified,validated
2026-06-21 03:00,43,7,36,modified,modified,validated
2026-06-21 03:15,42,6,36,modified,modified,validated
2026-06-21 03:30,19,4,15,modified,modified,validated
2026-06-21 03:45,28,5,23,modified,modified,validated
2026-06-21 04:00,24,3,21,modified,modified,validated
2026-06-21 04:15,10,4,6,modified,modified,validated
2026-06-21 04:30,11,3,8,modified,modified,validated
2026-06-21 04:45,9,4,5,modified,modified,validated
2026-06-21 05:00,7,1,6,modified,modified,validated
2026-06-21 05:15,11,4,7,modified,modified,validated
2026-06-21 05:30,12,5,7,modified,modified,validated
2026-06-21 05:45,7,5,2,modified,modified,validated
2026-06-21 06:00,7,2,5,modified,modified,validated
2026-06-21 06:15,5,4,1,modified,modified,validated
2026-06-21 06:30,12,6,6,modified,modified,validated
2026-06-21 06:45,12,6,6,modified,modified,validated
2026-06-21 07:00,12,5,7,modified,modified,validated
2026-06-21 07:15,8,6,2,modified,modified,validated
2026-06-21 07:30,13,10,3,modified,modified,validated
2026-06-21 07:45,17,10,7,modified,modified,validated
2026-06-21 08:00,20,13,7,modified,modified,validated
2026-06-21 08:15,18,11,7,modified,modified,validated
2026-06-21 08:30,27,17,10,modified,modified,validated
2026-06-21 08:45,39,24,15,modified,modified,validated
2026-06-21 09:00,41,20,21,modified,modified,validated
2026-06-21 09:15,51,30,21,modified,modified,validated
2026-06-21 09:30,56,35,21,modified,modified,validated
2026-06-21 09:45,89,66,23,modified,modified,validated
2026-06-21 10:00,89,57,32,modified,modified,validated
2026-06-21 10:15,89,60,29,modified,modified,validated
2026-06-21 10:30,92,60,32,modified,modified,validated
2026-06-21 10:45,96,68,28,modified,modified,validated
2026-06-21 11:00,87,63,24,modified,modified,validated
2026-06-21 11:15,80,48,32,modified,modified,validated
2026-06-21 11:30,94,56,38,modified,modified,validated
2026-06-21 11:45,111,66,45,modified,modified,validated
2026-06-21 12:00,93,55,38,modified,modified,validated
2026-06-21 12:15,105,74,31,modified,modified,validated
2026-06-21 12:30,129,67,62,modified,modified,validated
2026-06-21 12:45,98,69,29,modified,modified,validated
2026-06-21 13:00,112,72,40,modified,modified,validated
2026-06-21 13:15,133,69,64,modified,modified,validated
2026-06-21 13:30,111,68,43,modified,modified,validated
2026-06-21 13:45,140,88,52,modified,modified,validated
2026-06-21 14:00,141,82,59,modified,modified,validated
2026-06-21 14:15,144,80,64,modified,modified,validated
2026-06-21 14:30,160,83,77,modified,modified,validated
2026-06-21 14:45,196,96,100,modified,modified,validated
2026-06-21 15:00,138,84,54,modified,modified,validated
2026-06-21 15:15,166,80,86,modified,modified,validated
2026-06-21 15:30,154,79,75,modified,modified,validated
2026-06-21 15:45,167,85,82,modified,modified,validated
2026-06-21 16:00,128,76,52,modified,modified,validated
2026-06-21 16:15,136,69,67,modified,modified,validated
2026-06-21 16:30,158,69,89,modified,modified,validated
2026-06-21 16:45,140,80,60,modified,modified,validated
2026-06-21 17:00,138,70,68,modified,modified,validated
2026-06-21 17:15,154,78,76,modified,modified,validated
2026-06-21 17:30,166,76,90,modified,modified,validated
2026-06-21 17:45,183,90,93,modified,modified,validated
2026-06-21 18:00,163,69,94,modified,modified,validated
2026-06-21 18:15,163,71,92,modified,modified,validated
2026-06-21 18:30,143,69,74,modified,modified,validated
2026-06-21 18:45,145,68,77,modified,modified,validated
2026-06-21 19:00,108,53,55,modified,modified,validated
2026-06-21 19:15,101,52,49,modified,modified,validated
2026-06-21 19:30,101,54,47,modified,modified,validated
2026-06-21 19:45,118,55,63,modified,modified,validated
2026-06-21 20:00,127,52,75,modified,modified,validated
2026-06-21 20:15,108,41,67,modified,modified,validated
2026-06-21 20:30,76,32,44,modified,modified,validated
2026-06-21 20:45,85,32,53,modified,modified,validated
2026-06-21 21:00,92,30,62,modified,modified,validated
2026-06-21 21:15,102,38,64,modified,modified,validated
2026-06-21 21:30,89,28,61,modified,modified,validated
2026-06-21 21:45,60,26,34,modified,modified,validated
2026-06-21 22:00,77,20,57,modified,modified,validated
2026-06-21 22:15,55,20,35,modified,modified,validated
2026-06-21 22:30,41,15,26,modified,modified,validated
2026-06-21 22:45,42,16,26,modified,modified,validated
2026-06-21 23:00,52,15,37,modified,modified,validated
2026-06-21 23:15,47,14,33,modified,modified,validated
2026-06-21 23:30,27,9,18,modified,modified,validated
2026-06-21 23:45,28,6,22,modified,modified,validated
2026-06-22 00:00,10,3,7,modified,modified,validated
2026-06-22 00:15,11,5,6,modified,modified,validated
2026-06-22 00:30,14,4,10,modified,modified,validated
2026-06-22 00:45,11,2,9,modified,modified,validated
2026-06-22 01:00,10,2,8,modified,modified,validated
2026-06-22 01:15,8,3,5,modified,modified,validated
2026-06-22 01:30,10,2,8,modified,modified,validated
2026-06-22 01:45,5,1,4,modified,modified,validated
2026-06-22 02:00,8,2,6,modified,modified,validated
2026-06-22 02:15,4,1,3,modified,modified,validated
2026-06-22 02:30,0,0,0,modified,modified,validated
2026-06-22 02:45,1,1,0,modified,modified,validated
2026-06-22 03:00,1,1,0,modified,modified,validated
2026-06-22 03:15,1,0,1,modified,modified,validated
2026-06-22 03:30,4,1,3,modified,modified,validated
2026-06-22 03:45,0,0,0,modified,modified,validated
2026-06-22 04:00,1,0,1,modified,modified,validated
2026-06-22 04:15,3,2,1,modified,modified,validated
2026-06-22 04:30,3,2,1,modified,modified,validated
2026-06-22 04:45,5,4,1,modified,modified,validated
2026-06-22 05:00,7,6,1,modified,modified,validated
2026-06-22 05:15,18,10,8,modified,modified,validated
2026-06-22 05:30,19,11,8,modified,modified,validated
2026-06-22 05:45,24,18,6,modified,modified,validated
2026-06-22 06:00,35,22,13,modified,modified,validated
2026-06-22 06:15,58,34,24,modified,modified,validated
2026-06-22 06:30,63,40,23,modified,modified,validated
2026-06-22 06:45,82,46,36,modified,modified,validated
2026-06-22 07:00,111,65,46,modified,modified,validated
2026-06-22 07:15,168,104,64,modified,modified,validated
2026-06-22 07:30,272,181,91,modified,modified,validated
2026-06-22 07:45,313,171,142,modified,modified,validated
2026-06-22 08:00,299,144,155,modified,modified,validated
2026-06-22 08:15,237,126,111,modified,modified,validated
2026-06-22 08:30,169,102,67,modified,modified,validated
2026-06-22 08:45,215,121,94,modified,modified,validated
2026-06-22 09:00,142,85,57,modified,modified,validated
2026-06-22 09:15,137,84,53,modified,modified,validated
2026-06-22 09:30,159,91,68,modified,modified,validated
2026-06-22 09:45,280,150,130,modified,modified,validated
2026-06-22 10:00,271,160,111,modified,modified,validated
2026-06-22 10:15,123,76,47,modified,modified,validated
2026-06-22 10:30,131,71,60,modified,modified,validated
2026-06-22 10:45,129,81,48,modified,modified,validated
2026-06-22 11:00,130,68,62,modified,modified,validated
2026-06-22 11:15,154,70,84,modified,modified,validated
2026-06-22 11:30,153,73,80,modified,modified,validated
2026-06-22 11:45,293,147,146,modified,modified,validated
2026-06-22 12:00,273,143,130,modified,modified,validated
2026-06-22 12:15,240,96,144,modified,modified,validated
2026-06-22 12:30,207,86,121,modified,modified,validated
2026-06-22 12:45,208,106,102,modified,modified,validated
2026-06-22 13:00,222,91,131,modified,modified,validated
2026-06-22 13:15,209,89,120,modified,modified,validated
2026-06-22 13:30,208,97,111,modified,modified,validated
2026-06-22 13:45,317,154,163,modified,modified,validated
2026-06-22 14:00,298,167,131,modified,modified,validated
2026-06-22 14:15,219,103,116,modified,modified,validated
2026-06-22 14:30,164,89,75,modified,modified,validated
2026-06-22 14:45,223,101,122,modified,modified,validated
2026-06-22 15:00,185,92,93,modified,modified,validated
2026-06-22 15:15,211,103,108,modified,modified,validated
2026-06-22 15:30,238,117,121,modified,modified,validated
2026-06-22 15:45,331,173,158,modified,modified,validated
2026-06-22 16:00,341,177,164,modified,modified,validated
2026-06-22 16:15,256,119,137,modified,modified,validated
2026-06-22 16:30,250,110,140,modified,modified,validated
2026-06-22 16:45,274,122,152,modified,modified,validated
2026-06-22 17:00,257,120,137,modified,modified,validated
2026-06-22 17:15,291,128,163,modified,modified,validated
2026-06-22 17:30,350,137,213,modified,modified,validated
2026-06-22 17:45,432,172,260,modified,modified,validated
2026-06-22 18:00,331,148,183,modified,modified,validated
2026-06-22 18:15,355,122,233,modified,modified,validated
2026-06-22 18:30,262,101,161,modified,modified,validated
2026-06-22 18:45,283,121,162,modified,modified,validated
2026-06-22 19:00,254,100,154,modified,modified,validated
2026-06-22 19:15,216,96,120,modified,modified,validated
2026-06-22 19:30,178,91,87,modified,modified,validated
2026-06-22 19:45,224,101,123,modified,modified,validated
2026-06-22 20:00,183,77,106,modified,modified,validated
2026-06-22 20:15,169,68,101,modified,modified,validated
2026-06-22 20:30,143,60,83,modified,modified,validated
2026-06-22 20:45,134,60,74,modified,modified,validated
2026-06-22 21:00,138,60,78,modified,modified,validated
2026-06-22 21:15,118,56,62,modified,modified,validated
2026-06-22 21:30,114,43,71,modified,modified,validated
2026-06-22 21:45,108,46,62,modified,modified,validated
2026-06-22 22:00,104,37,67,modified,modified,validated
2026-06-22 22:15,88,39,49,modified,modified,validated
2026-06-22 22:30,72,29,43,modified,modified,validated
2026-06-22 22:45,56,24,32,modified,modified,validated
2026-06-22 23:00,63,18,45,modified,modified,validated
2026-06-22 23:15,48,14,34,modified,modified,validated
2026-06-22 23:30,33,12,21,modified,modified,validated
2026-06-22 23:45,21,8,13,modified,modified,validated
2026-06-23 00:00,31,7,24,modified,modified,validated
2026-06-23 00:15,15,5,10,modified,modified,validated
2026-06-23 00:30,15,4,11,modified,modified,validated
2026-06-23 00:45,10,3,7,modified,modified,validated
2026-06-23 01:00,8,3,5,modified,modified,validated
2026-06-23 01:15,5,3,2,modified,modified,validated
2026-06-23 01:30,5,2,3,modified,modified,validated
2026-06-23 01:45,3,1,2,modified,modified,validated
2026-06-23 02:00,4,2,2,modified,modified,validated
2026-06-23 02:15,4,1,3,modified,modified,validated
2026-06-23 02:30,2,0,2,modified,modified,validated
2026-06-23 02:45,1,1,0,modified,modified,validated
2026-06-23 03:00,3,1,2,modified,modified,validated
2026-06-23 03:15,3,1,2,modified,modified,validated
2026-06-23 03:30,2,1,1,modified,modified,validated
2026-06-23 03:45,3,0,3,modified,modified,validated
2026-06-23 04:00,2,1,1,modified,modified,validated
2026-06-23 04:15,3,2,1,modified,modified,validated
2026-06-23 04:30,4,2,2,modified,modified,validated
2026-06-23 04:45,4,4,0,modified,modified,validated
2026-06-23 05:00,10,8,2,modified,modified,validated
2026-06-23 05:15,15,9,6,modified,modified,validated
2026-06-23 05:30,23,14,9,modified,modified,validated
2026-06-23 05:45,28,19,9,modified,modified,validated
2026-06-23 06:00,38,25,13,modified,modified,validated
2026-06-23 06:15,45,39,6,modified,modified,validated
2026-06-23 06:30,87,51,36,modified,modified,validated
2026-06-23 06:45,112,62,50,modified,modified,validated
2026-06-23 07:00,124,83,41,modified,modified,validated
2026-06-23 07:15,197,124,73,modified,modified,validated
2026-06-23 07:30,302,210,92,modified,modified,validated
2026-06-23 07:45,341,202,139,modified,modified,validated
2026-06-23 08:00,367,204,163,modified,modified,validated
2026-06-23 08:15,268,157,111,modified,modified,validated
2026-06-23 08:30,224,131,93,modified,modified,validated
2026-06-23 08:45,302,161,141,modified,modified,validated
2026-06-23 09:00,176,116,60,modified,modified,validated
2026-06-23 09:15,157,91,66,modified,modified,validated
2026-06-23 09:30,183,105,78,modified,modified,validated
2026-06-23 09:45,334,174,160,modified,modified,validated
2026-06-23 10:00,378,180,198,modified,modified,validated
2026-06-23 10:15,168,85,83,modified,modified,validated
2026-06-23 10:30,150,77,73,modified,modified,validated
2026-06-23 10:45,156,83,73,modified,modified,validated
2026-06-23 11:00,134,74,60,modified,modified,validated
2026-06-23 11:15,149,71,78,modified,modified,validated
2026-06-23 11:30,163,92,71,modified,modified,validated
2026-06-23 11:45,366,183,183,modified,modified,validated
2026-06-23 12:00,294,172,122,modified,modified,validated
2026-06-23 12:15,245,101,144,modified,modified,validated
2026-06-23 12:30,205,91,114,modified,modified,validated
2026-06-23 12:45,235,101,134,modified,modified,validated
2026-06-23 13:00,234,97,137,modified,modified,validated
2026-06-23 13:15,224,94,130,modified,modified,validated
2026-06-23 13:30,217,102,115,modified,modified,validated
2026-06-23 13:45,341,170,171,modified,modified,validated
2026-06-23 14:00,289,149,140,modified,modified,validated
2026-06-23 14:15,208,103,105,modified,modified,validated
2026-06-23 14:30,180,93,87,modified,modified,validated
2026-06-23 14:45,237,106,131,modified,modified,validated
2026-06-23 15:00,217,99,118,modified,modified,validated
2026-06-23 15:15,215,105,110,modified,modified,validated
2026-06-23 15:30,245,118,127,modified,modified,validated
2026-06-23 15:45,362,190,172,modified,modified,validated
2026-06-23 16:00,331,172,159,modified,modified,validated
2026-06-23 16:15,272,134,138,modified,modified,validated
2026-06-23 16:30,260,122,138,modified,modified,validated
2026-06-23 16:45,276,134,142,modified,modified,validated
2026-06-23 17:00,302,130,172,modified,modified,validated
2026-06-23 17:15,302,136,166,modified,modified,validated
2026-06-23 17:30,322,143,179,modified,modified,validated
2026-06-23 17:45,391,161,230,modified,modified,validated
2026-06-23 18:00,332,141,191,modified,modified,validated
2026-06-23 18:15,273,114,159,modified,modified,validated
2026-06-23 18:30,252,110,142,modified,modified,validated
2026-06-23 18:45,288,129,159,modified,modified,validated
2026-06-23 19:00,254,107,147,modified,modified,validated
2026-06-23 19:15,236,113,123,modified,modified,validated
2026-06-23 19:30,165,89,76,modified,modified,validated
2026-06-23 19:45,256,92,164,modified,modified,validated
2026-06-23 20:00,206,86,120,modified,modified,validated
2026-06-23 20:15,175,68,107,modified,modified,validated
2026-06-23 20:30,159,58,101,modified,modified,validated
2026-06-23 20:45,137,56,81,modified,modified,validated
2026-06-23 21:00,135,51,84,modified,modified,validated
2026-06-23 21:15,122,47,75,modified,modified,validated
2026-06-23 21:30,131,44,87,modified,modified,validated
2026-06-23 21:45,126,41,85,modified,modified,validated
2026-06-23 22:00,155,41,114,modified,modified,validated
2026-06-23 22:15,148,48,100,modified,modified,validated
2026-06-23 22:30,88,32,56,modified,modified,validated
2026-06-23 22:45,74,23,51,modified,modified,validated
2026-06-23 23:00,73,33,40,modified,modified,validated
2026-06-23 23:15,61,21,40,modified,modified,validated
2026-06-23 23:30,52,16,36,modified,modified,validated
2026-06-23 23:45,34,11,23,modified,modified,validated
2026-06-24 00:00,43,9,34,modified,modified,validated
2026-06-24 00:15,40,8,32,modified,modified,validated
2026-06-24 00:30,17,4,13,modified,modified,validated
2026-06-24 00:45,14,3,11,modified,modified,validated
2026-06-24 01:00,24,3,21,modified,modified,validated
2026-06-24 01:15,12,3,9,modified,modified,validated
2026-06-24 01:30,4,1,3,modified,modified,validated
2026-06-24 01:45,9,2,7,modified,modified,validated
2026-06-24 02:00,7,1,6,modified,modified,validated
2026-06-24 02:15,5,1,4,modified,modified,validated
2026-06-24 02:30,2,1,1,modified,modified,validated
2026-06-24 02:45,7,0,7,modified,modified,validated
2026-06-24 03:00,2,1,1,modified,modified,validated
2026-06-24 03:15,2,1,1,modified,modified,validated
2026-06-24 03:30,2,1,1,modified,modified,validated
2026-06-24 03:45,4,1,3,modified,modified,validated
2026-06-24 04:00,2,1,1,modified,modified,validated
2026-06-24 04:15,2,2,0,modified,modified,validated
2026-06-24 04:30,3,2,1,modified,modified,validated
2026-06-24 04:45,5,4,1,modified,modified,validated
2026-06-24 05:00,9,8,1,modified,modified,validated
2026-06-24 05:15,13,9,4,modified,modified,validated
2026-06-24 05:30,20,13,7,modified,modified,validated
2026-06-24 05:45,25,19,6,modified,modified,validated
2026-06-24 06:00,43,28,15,modified,modified,validated
2026-06-24 06:15,56,40,16,modified,modified,validated
2026-06-24 06:30,73,51,22,modified,modified,validated
2026-06-24 06:45,101,62,39,modified,modified,validated
2026-06-24 07:00,121,87,34,modified,modified,validated
2026-06-24 07:15,222,150,72,modified,modified,validated
2026-06-24 07:30,288,203,85,modified,modified,validated
2026-06-24 07:45,348,200,148,modified,modified,validated
2026-06-24 08:00,370,187,183,modified,modified,validated
2026-06-24 08:15,297,153,144,modified,modified,validated
2026-06-24 08:30,242,131,111,modified,modified,validated
2026-06-24 08:45,274,155,119,modified,modified,validated
2026-06-24 09:00,202,112,90,modified,modified,validated
2026-06-24 09:15,189,109,80,modified,modified,validated
2026-06-24 09:30,193,105,88,modified,modified,validated
2026-06-24 09:45,311,170,141,modified,modified,validated
2026-06-24 10:00,296,179,117,modified,modified,validated
2026-06-24 10:15,169,89,80,modified,modified,validated
2026-06-24 10:30,122,76,46,modified,modified,validated
2026-06-24 10:45,148,94,54,modified,modified,validated
2026-06-24 11:00,155,82,73,modified,modified,validated
2026-06-24 11:15,166,79,87,modified,modified,validated
2026-06-24 11:30,204,94,110,modified,modified,validated
2026-06-24 11:45,334,165,169,modified,modified,validated
2026-06-24 12:00,273,151,122,modified,modified,validated
2026-06-24 12:15,257,111,146,modified,modified,validated
2026-06-24 12:30,214,100,114,modified,modified,validated
2026-06-24 12:45,229,120,109,modified,modified,validated
2026-06-24 13:00,217,101,116,modified,modified,validated
2026-06-24 13:15,227,96,131,modified,modified,validated
2026-06-24 13:30,228,112,116,modified,modified,validated
2026-06-24 13:45,303,145,158,modified,modified,validated
2026-06-24 14:00,278,147,131,modified,modified,validated
2026-06-24 14:15,212,106,106,modified,modified,validated
2026-06-24 14:30,202,91,111,modified,modified,validated
2026-06-24 14:45,204,98,106,modified,modified,validated
2026-06-24 15:00,214,99,115,modified,modified,validated
2026-06-24 15:15,227,102,125,modified,modified,validated
2026-06-24 15:30,245,113,132,modified,modified,validated
2026-06-24 15:45,353,154,199,modified,modified,validated
2026-06-24 16:00,343,154,189,modified,modified,validated
2026-06-24 16:15,287,123,164,modified,modified,validated
2026-06-24 16:30,299,124,175,modified,modified,validated
2026-06-24 16:45,285,121,164,modified,modified,validated
2026-06-24 17:00,298,128,170,modified,modified,validated
2026-06-24 17:15,337,127,210,modified,modified,validated
2026-06-24 17:30,344,145,199,modified,modified,validated
2026-06-24 17:45,409,170,239,modified,modified,validated
2026-06-24 18:00,356,151,205,modified,modified,validated
2026-06-24 18:15,320,134,186,modified,modified,validated
2026-06-24 18:30,285,127,158,modified,modified,validated
2026-06-24 18:45,317,150,167,modified,modified,validated
2026-06-24 19:00,303,136,167,modified,modified,validated
2026-06-24 19:15,289,132,157,modified,modified,validated
2026-06-24 19:30,249,101,148,modified,modified,validated
2026-06-24 19:45,234,119,115,modified,modified,validated
2026-06-24 20:00,244,107,137,modified,modified,validated
2026-06-24 20:15,199,101,98,modified,modified,validated
2026-06-24 20:30,164,82,82,modified,modified,validated
2026-06-24 20:45,161,77,84,modified,modified,validated
2026-06-24 21:00,166,66,100,modified,modified,validated
2026-06-24 21:15,133,72,61,modified,modified,validated
2026-06-24 21:30,126,50,76,modified,modified,validated
2026-06-24 21:45,146,49,97,modified,modified,validated
2026-06-24 22:00,166,53,113,modified,modified,validated
2026-06-24 22:15,119,45,74,modified,modified,validated
2026-06-24 22:30,138,46,92,modified,modified,validated
2026-06-24 22:45,102,37,65,modified,modified,validated
2026-06-24 23:00,102,41,61,modified,modified,validated
2026-06-24 23:15,95,42,53,modified,modified,validated
2026-06-24 23:30,93,34,59,modified,modified,validated
2026-06-24 23:45,62,27,35,modified,modified,validated
2026-06-25 00:00,72,32,40,modified,modified,validated
2026-06-25 00:15,53,20,33,modified,modified,validated
2026-06-25 00:30,46,12,34,modified,modified,validated
2026-06-25 00:45,38,14,24,modified,modified,validated
2026-06-25 01:00,36,12,24,modified,modified,validated
2026-06-25 01:15,28,9,19,modified,modified,validated
2026-06-25 01:30,32,5,27,modified,modified,validated
2026-06-25 01:45,28,5,23,modified,modified,validated
2026-06-25 02:00,34,4,30,modified,modified,validated
2026-06-25 02:15,28,5,23,modified,modified,validated
2026-06-25 02:30,19,1,18,modified,modified,validated
2026-06-25 02:45,14,3,11,modified,modified,validated
2026-06-25 03:00,37,3,34,modified,modified,validated
2026-06-25 03:15,19,2,17,modified,modified,validated
2026-06-25 03:30,20,2,18,modified,modified,validated
2026-06-25 03:45,28,2,26,modified,modified,validated
2026-06-25 04:00,28,2,26,modified,modified,validated
2026-06-25 04:15,21,2,19,modified,modified,validated
2026-06-25 04:30,15,1,14,modified,modified,validated
2026-06-25 04:45,16,4,12,modified,modified,validated
2026-06-25 05:00,11,7,4,modified,modified,validated
2026-06-25 05:15,19,9,10,modified,modified,validated
2026-06-25 05:30,24,11,13,modified,modified,validated
2026-06-25 05:45,27,16,11,modified,modified,validated
2026-06-25 06:00,25,20,5,modified,modified,validated
2026-06-25 06:15,48,33,15,modified,modified,validated
2026-06-25 06:30,65,41,24,modified,modified,validated
2026-06-25 06:45,89,44,45,modified,modified,validated
2026-06-25 07:00,97,60,37,modified,modified,validated
2026-06-25 07:15,159,101,58,modified,modified,validated
2026-06-25 07:30,285,184,101,modified,modified,validated
2026-06-25 07:45,302,186,116,modified,modified,validated
2026-06-25 08:00,299,148,151,modified,modified,validated
2026-06-25 08:15,238,128,110,modified,modified,validated
2026-06-25 08:30,205,111,94,modified,modified,validated
2026-06-25 08:45,218,125,93,modified,modified,validated
2026-06-25 09:00,156,95,61,modified,modified,validated
2026-06-25 09:15,139,80,59,modified,modified,validated
2026-06-25 09:30,138,82,56,modified,modified,validated
2026-06-25 09:45,293,144,149,modified,modified,validated
2026-06-25 10:00,283,155,128,modified,modified,validated
2026-06-25 10:15,143,78,65,modified,modified,validated
2026-06-25 10:30,133,66,67,modified,modified,validated
2026-06-25 10:45,160,79,81,modified,modified,validated
2026-06-25 11:00,124,68,56,modified,modified,validated
2026-06-25 11:15,143,67,76,modified,modified,validated
2026-06-25 11:30,194,79,115,modified,modified,validated
2026-06-25 11:45,267,134,133,modified,modified,validated
2026-06-25 12:00,298,126,172,modified,modified,validated
2026-06-25 12:15,214,88,126,modified,modified,validated
2026-06-25 12:30,203,85,118,modified,modified,validated
2026-06-25 12:45,200,101,99,modified,modified,validated
2026-06-25 13:00,217,90,127,modified,modified,validated
2026-06-25 13:15,193,80,113,modified,modified,validated
2026-06-25 13:30,220,96,124,modified,modified,validated
2026-06-25 13:45,272,132,140,modified,modified,validated
2026-06-25 14:00,259,134,125,modified,modified,validated
2026-06-25 14:15,182,97,85,modified,modified,validated
2026-06-25 14:30,176,90,86,modified,modified,validated
2026-06-25 14:45,169,97,72,modified,modified,validated
2026-06-25 15:00,226,100,126,modified,modified,validated
2026-06-25 15:15,187,99,88,modified,modified,validated
2026-06-25 15:30,204,102,102,modified,modified,validated
2026-06-25 15:45,283,157,126,modified,modified,validated
2026-06-25 16:00,287,141,146,modified,modified,validated
2026-06-25 16:15,250,125,125,modified,modified,validated
2026-06-25 16:30,244,114,130,modified,modified,validated
2026-06-25 16:45,247,132,115,modified,modified,validated
2026-06-25 17:00,247,115,132,modified,modified,validated
2026-06-25 17:15,260,120,140,modified,modified,validated
2026-06-25 17:30,245,132,113,modified,modified,validated
2026-06-25 17:45,297,144,153,modified,modified,validated
2026-06-25 18:00,250,118,132,modified,modified,validated
2026-06-25 18:15,230,109,121,modified,modified,validated
2026-06-25 18:30,207,102,105,modified,modified,validated
2026-06-25 18:45,256,119,137,modified,modified,validated
2026-06-25 19:00,224,104,120,modified,modified,validated
2026-06-25 19:15,218,107,111,modified,modified,validated
2026-06-25 19:30,173,84,89,modified,modified,validated
2026-06-25 19:45,171,87,84,modified,modified,validated
2026-06-25 20:00,196,77,119,modified,modified,validated
2026-06-25 20:15,164,67,97,modified,modified,validated
2026-06-25 20:30,140,55,85,modified,modified,validated
2026-06-25 20:45,143,48,95,modified,modified,validated
2026-06-25 21:00,144,43,101,modified,modified,validated
2026-06-25 21:15,144,42,102,modified,modified,validated
2026-06-25 21:30,116,37,79,modified,modified,validated
2026-06-25 21:45,120,35,85,modified,modified,validated
2026-06-25 22:00,91,39,52,modified,modified,validated
2026-06-25 22:15,85,46,39,modified,modified,validated
2026-06-25 22:30,72,30,42,modified,modified,validated
2026-06-25 22:45,86,26,60,modified,modified,validated
2026-06-25 23:00,70,22,48,modified,modified,validated
2026-06-25 23:15,48,19,29,modified,modified,validated
2026-06-25 23:30,38,15,23,modified,modified,validated
2026-06-25 23:45,44,14,30,modified,modified,validated
2026-06-26 00:00,365,8,357,modified,modified,validated
2026-06-26 00:15,375,11,364,modified,modified,validated
2026-06-26 00:30,161,6,155,modified,modified,validated
2026-06-26 00:45,92,7,85,modified,modified,validated
2026-06-26 01:00,43,5,38,modified,modified,validated
2026-06-26 01:15,38,5,33,modified,modified,validated
2026-06-26 01:30,44,5,39,modified,modified,validated
2026-06-26 01:45,21,3,18,modified,modified,validated
2026-06-26 02:00,27,2,25,modified,modified,validated
2026-06-26 02:15,19,1,18,modified,modified,validated
2026-06-26 02:30,15,1,14,modified,modified,validated
2026-06-26 02:45,14,2,12,modified,modified,validated
2026-06-26 03:00,8,1,7,modified,modified,validated
2026-06-26 03:15,3,1,2,modified,modified,validated
2026-06-26 03:30,8,1,7,modified,modified,validated
2026-06-26 03:45,4,1,3,modified,modified,validated
2026-06-26 04:00,9,1,8,modified,modified,validated
2026-06-26 04:15,3,2,1,modified,modified,validated
2026-06-26 04:30,3,2,1,modified,modified,validated
2026-06-26 04:45,3,3,0,modified,modified,validated
2026-06-26 05:00,7,6,1,modified,modified,validated
2026-06-26 05:15,11,6,5,modified,modified,validated
2026-06-26 05:30,18,10,8,modified,modified,validated
2026-06-26 05:45,18,14,4,modified,modified,validated
2026-06-26 06:00,27,17,10,modified,modified,validated
2026-06-26 06:15,37,26,11,modified,modified,validated
2026-06-26 06:30,58,31,27,modified,modified,validated
2026-06-26 06:45,82,38,44,modified,modified,validated
2026-06-26 07:00,97,54,43,modified,modified,validated
2026-06-26 07:15,139,83,56,modified,modified,validated
2026-06-26 07:30,222,154,68,modified,modified,validated
2026-06-26 07:45,232,135,97,modified,modified,validated
2026-06-26 08:00,210,104,106,modified,modified,validated
2026-06-26 08:15,162,83,79,modified,modified,validated
2026-06-26 08:30,166,87,79,modified,modified,validated
2026-06-26 08:45,204,112,92,modified,modified,validated
2026-06-26 09:00,140,83,57,modified,modified,validated
2026-06-26 09:15,130,77,53,modified,modified,validated
2026-06-26 09:30,154,83,71,modified,modified,validated
2026-06-26 09:45,233,127,106,modified,modified,validated
2026-06-26 10:00,198,107,91,modified,modified,validated
2026-06-26 10:15,147,78,69,modified,modified,validated
2026-06-26 10:30,129,69,60,modified,modified,validated
2026-06-26 10:45,131,78,53,modified,modified,validated
2026-06-26 11:00,174,69,105,modified,modified,validated
2026-06-26 11:15,216,71,145,modified,modified,validated
2026-06-26 11:30,173,77,96,modified,modified,validated
2026-06-26 11:45,207,111,96,modified,modified,validated
2026-06-26 12:00,215,110,105,modified,modified,validated
2026-06-26 12:15,194,101,93,modified,modified,validated
2026-06-26 12:30,165,92,73,modified,modified,validated
2026-06-26 12:45,205,110,95,modified,modified,validated
2026-06-26 13:00,182,100,82,modified,modified,validated
2026-06-26 13:15,193,99,94,modified,modified,validated
2026-06-26 13:30,185,98,87,modified,modified,validated
2026-06-26 13:45,193,116,77,modified,modified,validated
2026-06-26 14:00,202,113,89,modified,modified,validated
2026-06-26 14:15,185,103,82,modified,modified,validated
2026-06-26 14:30,171,101,70,modified,modified,validated
2026-06-26 14:45,192,114,78,modified,modified,validated
2026-06-26 15:00,165,104,61,modified,modified,validated
2026-06-26 15:15,185,111,74,modified,modified,validated
2026-06-26 15:30,190,116,74,modified,modified,validated
2026-06-26 15:45,197,123,74,modified,modified,validated
2026-06-26 16:00,186,107,79,modified,modified,validated
2026-06-26 16:15,171,106,65,modified,modified,validated
2026-06-26 16:30,168,97,71,modified,modified,validated
2026-06-26 16:45,181,109,72,modified,modified,validated
2026-06-26 17:00,171,95,76,modified,modified,validated
2026-06-26 17:15,191,103,88,modified,modified,validated
2026-06-26 17:30,167,108,59,modified,modified,validated
2026-06-26 17:45,193,118,75,modified,modified,validated
2026-06-26 18:00,190,94,96,modified,modified,validated
2026-06-26 18:15,173,105,68,modified,modified,validated
2026-06-26 18:30,177,96,81,modified,modified,validated
2026-06-26 18:45,164,105,59,modified,modified,validated
2026-06-26 19:00,167,92,75,modified,modified,validated
2026-06-26 19:15,164,90,74,modified,modified,validated
2026-06-26 19:30,144,83,61,modified,modified,validated
2026-06-26 19:45,152,82,70,modified,modified,validated
2026-06-26 20:00,152,76,76,modified,modified,validated
2026-06-26 20:15,143,70,73,modified,modified,validated
2026-06-26 20:30,138,58,80,modified,modified,validated
2026-06-26 20:45,116,47,69,modified,modified,validated
2026-06-26 21:00,113,47,66,modified,modified,validated
2026-06-26 21:15,98,47,51,modified,modified,validated
2026-06-26 21:30,92,41,51,modified,modified,validated
2026-06-26 21:45,105,40,65,modified,modified,validated
2026-06-26 22:00,107,38,69,modified,modified,validated
2026-06-26 22:15,93,36,57,modified,modified,validated
2026-06-26 22:30,117,32,85,modified,modified,validated
2026-06-26 22:45,91,27,64,modified,modified,validated
2026-06-26 23:00,102,29,73,modified,modified,validated
2026-06-26 23:15,107,29,78,modified,modified,validated
2026-06-26 23:30,111,25,86,modified,modified,validated
2026-06-26 23:45,86,26,60,modified,modified,validated
2026-06-27 00:00,54,16,38,modified,modified,validated
2026-06-27 00:15,60,13,47,modified,modified,validated
2026-06-27 00:30,61,14,47,modified,modified,validated
2026-06-27 00:45,55,12,43,modified,modified,validated
2026-06-27 01:00,52,12,40,modified,modified,validated
2026-06-27 01:15,47,10,37,modified,modified,validated
2026-06-27 01:30,34,7,27,modified,modified,validated
2026-06-27 01:45,33,6,27,modified,modified,validated
2026-06-27 02:00,19,6,13,modified,modified,validated
2026-06-27 02:15,35,5,30,modified,modified,validated
2026-06-27 02:30,16,2,14,modified,modified,validated
2026-06-27 02:45,28,4,24,modified,modified,validated
2026-06-27 03:00,23,3,20,modified,modified,validated
2026-06-27 03:15,18,3,15,modified,modified,validated
2026-06-27 03:30,18,3,15,modified,modified,validated
2026-06-27 03:45,12,2,10,modified,modified,validated
2026-06-27 04:00,13,2,11,modified,modified,validated
2026-06-27 04:15,10,1,9,modified,modified,validated
2026-06-27 04:30,17,2,15,modified,modified,validated
2026-06-27 04:45,7,2,5,modified,modified,validated
2026-06-27 05:00,7,2,5,modified,modified,validated
2026-06-27 05:15,3,2,1,modified,modified,validated
2026-06-27 05:30,8,3,5,modified,modified,validated
2026-06-27 05:45,16,6,10,modified,modified,validated
2026-06-27 06:00,7,4,3,modified,modified,validated
2026-06-27 06:15,10,5,5,modified,modified,validated
2026-06-27 06:30,19,6,13,modified,modified,validated
2026-06-27 06:45,20,8,12,modified,modified,validated
2026-06-27 07:00,18,7,11,modified,modified,validated
2026-06-27 07:15,27,11,16,modified,modified,validated
2026-06-27 07:30,31,19,12,modified,modified,validated
2026-06-27 07:45,49,21,28,modified,modified,validated
2026-06-27 08:00,44,20,24,modified,modified,validated
2026-06-27 08:15,44,22,22,modified,modified,validated
2026-06-27 08:30,58,27,31,modified,modified,validated
2026-06-27 08:45,74,34,40,modified,modified,validated
2026-06-27 09:00,67,34,33,modified,modified,validated
2026-06-27 09:15,76,43,33,modified,modified,validated
2026-06-27 09:30,79,55,24,modified,modified,validated
2026-06-27 09:45,117,77,40,modified,modified,validated
2026-06-27 10:00,100,66,34,modified,modified,validated
2026-06-27 10:15,106,65,41,modified,modified,validated
2026-06-27 10:30,111,64,47,modified,modified,validated
2026-06-27 10:45,117,78,39,modified,modified,validated
2026-06-27 11:00,126,77,49,modified,modified,validated
2026-06-27 11:15,118,75,43,modified,modified,validated
2026-06-27 11:30,123,73,50,modified,modified,validated
2026-06-27 11:45,127,84,43,modified,modified,validated
2026-06-27 12:00,125,75,50,modified,modified,validated
2026-06-27 12:15,136,75,61,modified,modified,validated
2026-06-27 12:30,135,74,61,modified,modified,validated
2026-06-27 12:45,136,84,52,modified,modified,validated
2026-06-27 13:00,113,72,41,modified,modified,validated
2026-06-27 13:15,105,68,37,modified,modified,validated
2026-06-27 13:30,119,67,52,modified,modified,validated
2026-06-27 13:45,140,73,67,modified,modified,validated
2026-06-27 14:00,114,64,50,modified,modified,validated
2026-06-27 14:15,125,65,60,modified,modified,validated
2026-06-27 14:30,96,59,37,modified,modified,validated
2026-06-27 14:45,119,65,54,modified,modified,validated
2026-06-27 15:00,101,56,45,modified,modified,validated
2026-06-27 15:15,92,58,34,modified,modified,validated
2026-06-27 15:30,133,55,78,modified,modified,validated
2026-06-27 15:45,101,59,42,modified,modified,validated
2026-06-27 16:00,106,57,49,modified,modified,validated
2026-06-27 16:15,108,52,56,modified,modified,validated
2026-06-27 16:30,91,56,35,modified,modified,validated
2026-06-27 16:45,107,54,53,modified,modified,validated
2026-06-27 17:00,88,51,37,modified,modified,validated
2026-06-27 17:15,100,49,51,modified,modified,validated
2026-06-27 17:30,113,49,64,modified,modified,validated
2026-06-27 17:45,127,57,70,modified,modified,validated
2026-06-27 18:00,115,48,67,modified,modified,validated
2026-06-27 18:15,109,53,56,modified,modified,validated
2026-06-27 18:30,111,47,64,modified,modified,validated
2026-06-27 18:45,124,61,63,modified,modified,validated
2026-06-27 19:00,112,52,60,modified,modified,validated
2026-06-27 19:15,94,47,47,modified,modified,validated
2026-06-27 19:30,112,40,72,modified,modified,validated
2026-06-27 19:45,130,40,90,modified,modified,validated
2026-06-27 20:00,122,40,82,modified,modified,validated
2026-06-27 20:15,96,35,61,modified,modified,validated
2026-06-27 20:30,86,33,53,modified,modified,validated
2026-06-27 20:45,75,29,46,modified,modified,validated
2026-06-27 21:00,63,23,40,modified,modified,validated
2026-06-27 21:15,71,24,47,modified,modified,validated
2026-06-27 21:30,61,22,39,modified,modified,validated
2026-06-27 21:45,54,21,33,modified,modified,validated
2026-06-27 22:00,70,23,47,modified,modified,validated
2026-06-27 22:15,64,17,47,modified,modified,validated
2026-06-27 22:30,46,18,28,modified,modified,validated
2026-06-27 22:45,47,15,32,modified,modified,validated
2026-06-27 23:00,62,16,46,modified,modified,validated
2026-06-27 23:15,67,14,53,modified,modified,validated
2026-06-27 23:30,54,14,40,modified,modified,validated
2026-06-27 23:45,64,16,48,modified,modified,validated
2026-06-28 00:00,57,19,38,modified,modified,validated
2026-06-28 00:15,85,15,70,modified,modified,validated
2026-06-28 00:30,46,15,31,modified,modified,validated
2026-06-28 00:45,60,17,43,modified,modified,validated
2026-06-28 01:00,48,12,36,modified,modified,validated
2026-06-28 01:15,67,13,54,modified,modified,validated
2026-06-28 01:30,58,11,47,modified,modified,validated
2026-06-28 01:45,45,8,37,modified,modified,validated
2026-06-28 02:00,25,7,18,modified,modified,validated
2026-06-28 02:15,22,8,14,modified,modified,validated
2026-06-28 02:30,28,2,26,modified,modified,validated
2026-06-28 02:45,24,5,19,modified,modified,validated
2026-06-28 03:00,15,5,10,modified,modified,validated
2026-06-28 03:15,16,5,11,modified,modified,validated
2026-06-28 03:30,25,3,22,modified,modified,validated
2026-06-28 03:45,11,4,7,modified,modified,validated
2026-06-28 04:00,15,2,13,modified,modified,validated
2026-06-28 04:15,14,3,11,modified,modified,validated
2026-06-28 04:30,16,2,14,modified,modified,validated
2026-06-28 04:45,8,3,5,modified,modified,validated
2026-06-28 05:00,3,1,2,modified,modified,validated
2026-06-28 05:15,8,3,5,modified,modified,validated
2026-06-28 05:30,15,3,12,modified,modified,validated
2026-06-28 05:45,6,4,2,modified,modified,validated
2026-06-28 06:00,11,2,9,modified,modified,validated
2026-06-28 06:15,4,3,1,modified,modified,validated
2026-06-28 06:30,6,4,2,modified,modified,validated
2026-06-28 06:45,13,4,9,modified,modified,validated
2026-06-28 07:00,9,4,5,modified,modified,validated
2026-06-28 07:15,8,4,4,modified,modified,validated
2026-06-28 07:30,13,7,6,modified,modified,validated
2026-06-28 07:45,17,7,10,modified,modified,validated
2026-06-28 08:00,20,10,10,modified,modified,validated
2026-06-28 08:15,28,8,20,modified,modified,validated
2026-06-28 08:30,24,12,12,modified,modified,validated
2026-06-28 08:45,30,17,13,modified,modified,validated
2026-06-28 09:00,30,15,15,modified,modified,validated
2026-06-28 09:15,33,22,11,modified,modified,validated
2026-06-28 09:30,38,25,13,modified,modified,validated
2026-06-28 09:45,73,49,24,modified,modified,validated
2026-06-28 10:00,60,42,18,modified,modified,validated
2026-06-28 10:15,70,44,26,modified,modified,validated
2026-06-28 10:30,72,44,28,modified,modified,validated
2026-06-28 10:45,71,50,21,modified,modified,validated
2026-06-28 11:00,71,46,25,modified,modified,validated
2026-06-28 11:15,68,35,33,modified,modified,validated
2026-06-28 11:30,77,41,36,modified,modified,validated
2026-06-28 11:45,79,48,31,modified,modified,validated
2026-06-28 12:00,68,40,28,modified,modified,validated
2026-06-28 12:15,84,54,30,modified,modified,validated
2026-06-28 12:30,94,49,45,modified,modified,validated
2026-06-28 12:45,89,51,38,modified,modified,validated
2026-06-28 13:00,93,53,40,modified,modified,validated
2026-06-28 13:15,87,51,36,modified,modified,validated
2026-06-28 13:30,88,50,38,modified,modified,validated
2026-06-28 13:45,114,64,50,modified,modified,validated
2026-06-28 14:00,106,60,46,modified,modified,validated
2026-06-28 14:15,113,59,54,modified,modified,validated
2026-06-28 14:30,103,61,42,modified,modified,validated
2026-06-28 14:45,154,71,83,modified,modified,validated
2026-06-28 15:00,98,61,37,modified,modified,validated
2026-06-28 15:15,98,59,39,modified,modified,validated
2026-06-28 15:30,108,58,50,modified,modified,validated
2026-06-28 15:45,108,63,45,modified,modified,validated
2026-06-28 16:00,114,56,58,modified,modified,validated
2026-06-28 16:15,118,51,67,modified,modified,validated
2026-06-28 16:30,86,51,35,modified,modified,validated
2026-06-28 16:45,110,58,52,modified,modified,validated
2026-06-28 17:00,105,52,53,modified,modified,validated
2026-06-28 17:15,120,57,63,modified,modified,validated
2026-06-28 17:30,118,56,62,modified,modified,validated
2026-06-28 17:45,147,66,81,modified,modified,validated
2026-06-28 18:00,123,51,72,modified,modified,validated
2026-06-28 18:15,121,52,69,modified,modified,validated
2026-06-28 18:30,127,51,76,modified,modified,validated
2026-06-28 18:45,105,50,55,modified,modified,validated
2026-06-28 19:00,113,39,74,modified,modified,validated
2026-06-28 19:15,94,38,56,modified,modified,validated
2026-06-28 19:30,105,40,65,modified,modified,validated
2026-06-28 19:45,123,41,82,modified,modified,validated
2026-06-28 20:00,95,39,56,modified,modified,validated
2026-06-28 20:15,94,30,64,modified,modified,validated
2026-06-28 20:30,93,23,70,modified,modified,validated
2026-06-28 20:45,74,23,51,modified,modified,validated
2026-06-28 21:00,69,22,47,modified,modified,validated
2026-06-28 21:15,64,28,36,modified,modified,validated
2026-06-28 21:30,39,20,19,modified,modified,validated
2026-06-28 21:45,53,19,34,modified,modified,validated
2026-06-28 22:00,63,15,48,modified,modified,validated
2026-06-28 22:15,43,15,28,modified,modified,validated
2026-06-28 22:30,31,11,20,modified,modified,validated
2026-06-28 22:45,33,12,21,modified,modified,validated
2026-06-28 23:00,33,11,22,modified,modified,validated
2026-06-28 23:15,33,10,23,modified,modified,validated
2026-06-28 23:30,32,6,26,modified,modified,validated
2026-06-28 23:45,21,4,17,modified,modified,validated
2026-06-29 00:00,20,4,16,modified,modified,validated
2026-06-29 00:15,21,5,16,modified,modified,validated
2026-06-29 00:30,8,4,4,modified,modified,validated
2026-06-29 00:45,11,3,8,modified,modified,validated
2026-06-29 01:00,16,2,14,modified,modified,validated
2026-06-29 01:15,8,3,5,modified,modified,validated
2026-06-29 01:30,8,2,6,modified,modified,validated
2026-06-29 01:45,5,1,4,modified,modified,validated
2026-06-29 02:00,6,2,4,modified,modified,validated
2026-06-29 02:15,4,1,3,modified,modified,validated
2026-06-29 02:30,1,0,1,modified,modified,validated
2026-06-29 02:45,1,1,0,modified,modified,validated
2026-06-29 03:00,3,1,2,modified,modified,validated
2026-06-29 03:15,0,0,0,modified,modified,validated
2026-06-29 03:30,2,1,1,modified,modified,validated
2026-06-29 03:45,1,0,1,modified,modified,validated
2026-06-29 04:00,2,0,2,modified,modified,validated
2026-06-29 04:15,6,2,4,modified,modified,validated
2026-06-29 04:30,4,2,2,modified,modified,validated
2026-06-29 04:45,5,4,1,modified,modified,validated
2026-06-29 05:00,7,6,1,modified,modified,validated
2026-06-29 05:15,13,10,3,modified,modified,validated
2026-06-29 05:30,16,12,4,modified,modified,validated
2026-06-29 05:45,26,18,8,modified,modified,validated
2026-06-29 06:00,40,23,17,modified,modified,validated
2026-06-29 06:15,51,35,16,modified,modified,validated
2026-06-29 06:30,66,42,24,modified,modified,validated
2026-06-29 06:45,80,48,32,modified,modified,validated
2026-06-29 07:00,105,68,37,modified,modified,validated
2026-06-29 07:15,178,108,70,modified,modified,validated
2026-06-29 07:30,255,188,67,modified,modified,validated
2026-06-29 07:45,304,178,126,modified,modified,validated
2026-06-29 08:00,293,150,143,modified,modified,validated
2026-06-29 08:15,232,132,100,modified,modified,validated
2026-06-29 08:30,191,106,85,modified,modified,validated
2026-06-29 08:45,230,126,104,modified,modified,validated
2026-06-29 09:00,160,88,72,modified,modified,validated
2026-06-29 09:15,165,87,78,modified,modified,validated
2026-06-29 09:30,182,95,87,modified,modified,validated
2026-06-29 09:45,266,157,109,modified,modified,validated
2026-06-29 10:00,297,167,130,modified,modified,validated
2026-06-29 10:15,150,79,71,modified,modified,validated
2026-06-29 10:30,129,74,55,modified,modified,validated
2026-06-29 10:45,160,85,75,modified,modified,validated
2026-06-29 11:00,130,71,59,modified,modified,validated
2026-06-29 11:15,144,73,71,modified,modified,validated
2026-06-29 11:30,168,76,92,modified,modified,validated
2026-06-29 11:45,315,153,162,modified,modified,validated
2026-06-29 12:00,278,148,130,modified,modified,validated
2026-06-29 12:15,223,100,123,modified,modified,validated
2026-06-29 12:30,167,89,78,modified,modified,validated
2026-06-29 12:45,204,111,93,modified,modified,validated
2026-06-29 13:00,233,95,138,modified,modified,validated
2026-06-29 13:15,193,93,100,modified,modified,validated
2026-06-29 13:30,195,102,93,modified,modified,validated
2026-06-29 13:45,332,160,172,modified,modified,validated
2026-06-29 14:00,347,174,173,modified,modified,validated
2026-06-29 14:15,226,108,118,modified,modified,validated
2026-06-29 14:30,192,92,100,modified,modified,validated
2026-06-29 14:45,200,105,95,modified,modified,validated
2026-06-29 15:00,175,96,79,modified,modified,validated
2026-06-29 15:15,209,108,101,modified,modified,validated
2026-06-29 15:30,308,122,186,modified,modified,validated
2026-06-29 15:45,389,180,209,modified,modified,validated
2026-06-29 16:00,351,184,167,modified,modified,validated
2026-06-29 16:15,259,124,135,modified,modified,validated
2026-06-29 16:30,244,115,129,modified,modified,validated
2026-06-29 16:45,277,127,150,modified,modified,validated
2026-06-29 17:00,299,125,174,modified,modified,validated
2026-06-29 17:15,311,134,177,modified,modified,validated
2026-06-29 17:30,305,142,163,modified,modified,validated
2026-06-29 17:45,451,179,272,modified,modified,validated
2026-06-29 18:00,359,154,205,modified,modified,validated
2026-06-29 18:15,310,127,183,modified,modified,validated
2026-06-29 18:30,236,105,131,modified,modified,validated
2026-06-29 18:45,276,126,150,modified,modified,validated
2026-06-29 19:00,248,105,143,modified,modified,validated
2026-06-29 19:15,220,100,120,modified,modified,validated
2026-06-29 19:30,197,95,102,modified,modified,validated
2026-06-29 19:45,241,105,136,modified,modified,validated
2026-06-29 20:00,189,80,109,modified,modified,validated
2026-06-29 20:15,157,70,87,modified,modified,validated
2026-06-29 20:30,171,62,109,modified,modified,validated
2026-06-29 20:45,215,62,153,modified,modified,validated
2026-06-29 21:00,176,62,114,modified,modified,validated
2026-06-29 21:15,136,59,77,modified,modified,validated
2026-06-29 21:30,149,45,104,modified,modified,validated
2026-06-29 21:45,154,48,106,modified,modified,validated
2026-06-29 22:00,150,38,112,modified,modified,validated
2026-06-29 22:15,106,40,66,modified,modified,validated
2026-06-29 22:30,89,30,59,modified,modified,validated
2026-06-29 22:45,62,25,37,modified,modified,validated
2026-06-29 23:00,47,18,29,modified,modified,validated
2026-06-29 23:15,67,14,53,modified,modified,validated
2026-06-29 23:30,77,13,64,modified,modified,validated
2026-06-29 23:45,36,8,28,modified,modified,validated
2026-06-30 00:00,26,7,19,modified,modified,validated
2026-06-30 00:15,13,5,8,modified,modified,validated
2026-06-30 00:30,119,5,114,modified,modified,validated
2026-06-30 00:45,41,3,38,modified,modified,validated
2026-06-30 01:00,17,3,14,modified,modified,validated
2026-06-30 01:15,16,3,13,modified,modified,validated
2026-06-30 01:30,398,2,396,modified,modified,validated
2026-06-30 01:45,300,1,299,modified,modified,validated
2026-06-30 02:00,81,2,79,modified,modified,validated
2026-06-30 02:15,35,1,34,modified,modified,validated
2026-06-30 02:30,5,0,5,modified,modified,validated
2026-06-30 02:45,15,1,14,modified,modified,validated
2026-06-30 03:00,7,1,6,modified,modified,validated
2026-06-30 03:15,10,1,9,modified,modified,validated
2026-06-30 03:30,3,1,2,modified,modified,validated
2026-06-30 03:45,6,0,6,modified,modified,validated
2026-06-30 04:00,5,1,4,modified,modified,validated
2026-06-30 04:15,6,2,4,modified,modified,validated
2026-06-30 04:30,5,2,3,modified,modified,validated
2026-06-30 04:45,6,4,2,modified,modified,validated
2026-06-30 05:00,12,8,4,modified,modified,validated
2026-06-30 05:15,12,10,2,modified,modified,validated
2026-06-30 05:30,23,14,9,modified,modified,validated
2026-06-30 05:45,27,20,7,modified,modified,validated
2026-06-30 06:00,38,26,12,modified,modified,validated
2026-06-30 06:15,59,40,19,modified,modified,validated
2026-06-30 06:30,83,52,31,modified,modified,validated
2026-06-30 06:45,94,64,30,modified,modified,validated
2026-06-30 07:00,132,86,46,modified,modified,validated
2026-06-30 07:15,196,127,69,modified,modified,validated
2026-06-30 07:30,300,216,84,modified,modified,validated
2026-06-30 07:45,322,207,115,modified,modified,validated
2026-06-30 08:00,332,210,122,modified,modified,validated
2026-06-30 08:15,269,161,108,modified,modified,validated
2026-06-30 08:30,237,135,102,modified,modified,validated
2026-06-30 08:45,260,165,95,modified,modified,validated
2026-06-30 09:00,185,119,66,modified,modified,validated
2026-06-30 09:15,146,93,53,modified,modified,validated
2026-06-30 09:30,183,108,75,modified,modified,validated
2026-06-30 09:45,300,179,121,modified,modified,validated
2026-06-30 10:00,333,185,148,modified,modified,validated
2026-06-30 10:15,165,87,78,modified,modified,validated
2026-06-30 10:30,154,79,75,modified,modified,validated
2026-06-30 10:45,145,85,60,modified,modified,validated
2026-06-30 11:00,139,76,63,modified,modified,validated
2026-06-30 11:15,129,73,56,modified,modified,validated
2026-06-30 11:30,158,94,64,modified,modified,validated
2026-06-30 11:45,352,189,163,modified,modified,validated
2026-06-30 12:00,314,177,137,modified,modified,validated
2026-06-30 12:15,250,104,146,modified,modified,validated
2026-06-30 12:30,218,93,125,modified,modified,validated
2026-06-30 12:45,215,104,111,modified,modified,validated
2026-06-30 13:00,282,99,183,modified,modified,validated
2026-06-30 13:15,210,97,113,modified,modified,validated
2026-06-30 13:30,225,105,120,modified,modified,validated
2026-06-30 13:45,361,175,186,modified,modified,validated
2026-06-30 14:00,308,153,155,modified,modified,validated
2026-06-30 14:15,219,105,114,modified,modified,validated
2026-06-30 14:30,209,96,113,modified,modified,validated
2026-06-30 14:45,244,109,135,modified,modified,validated
2026-06-30 15:00,197,102,95,modified,modified,validated
2026-06-30 15:15,223,108,115,modified,modified,validated
2026-06-30 15:30,262,122,140,modified,modified,validated
2026-06-30 15:45,413,195,218,modified,modified,validated
2026-06-30 16:00,359,177,182,modified,modified,validated
2026-06-30 16:15,269,137,132,modified,modified,validated
2026-06-30 16:30,270,126,144,modified,modified,validated
2026-06-30 16:45,295,138,157,modified,modified,validated
2026-06-30 17:00,299,133,166,modified,modified,validated
2026-06-30 17:15,301,140,161,modified,modified,validated
2026-06-30 17:30,341,147,194,modified,modified,validated
2026-06-30 17:45,410,166,244,modified,modified,validated
2026-06-30 18:00,324,145,179,modified,modified,validated
2026-06-30 18:15,265,117,148,modified,modified,validated
2026-06-30 18:30,257,113,144,modified,modified,validated
2026-06-30 18:45,266,132,134,modified,modified,validated
2026-06-30 19:00,254,109,145,modified,modified,validated
2026-06-30 19:15,225,116,109,modified,modified,validated
2026-06-30 19:30,199,92,107,modified,modified,validated
2026-06-30 19:45,213,94,119,modified,modified,validated
2026-06-30 20:00,188,89,99,modified,modified,validated
2026-06-30 20:15,153,70,83,modified,modified,validated
2026-06-30 20:30,141,59,82,modified,modified,validated
2026-06-30 20:45,147,57,90,modified,modified,validated
2026-06-30 21:00,130,52,78,modified,modified,validated
2026-06-30 21:15,109,48,61,modified,modified,validated
2026-06-30 21:30,136,45,91,modified,modified,validated
2026-06-30 21:45,134,43,91,modified,modified,validated
2026-06-30 22:00,102,42,60,modified,modified,validated
2026-06-30 22:15,147,49,98,modified,modified,validated
2026-06-30 22:30,104,33,71,modified,modified,validated
2026-06-30 22:45,75,24,51,modified,modified,validated
2026-06-30 23:00,70,34,36,modified,modified,validated
2026-06-30 23:15,64,21,43,modified,modified,validated
2026-06-30 23:30,33,17,16,modified,modified,validated
2026-06-30 23:45,43,12,31,modified,modified,validated
