Datetime,100020113 (Wolbecker Straße),101020113 (FR stadteinwärts),102020113 (FR stadtauswärts),100020113-status,101020113-status,102020113-status
2026-06-01 00:00,15,8,7,modified,validated,modified
2026-06-01 00:15,10,2,8,modified,validated,modified
2026-06-01 00:30,6,1,5,modified,validated,modified
2026-06-01 00:45,6,2,4,modified,validated,modified
2026-06-01 01:00,2,0,2,modified,validated,modified
2026-06-01 01:15,3,1,2,modified,validated,modified
2026-06-01 01:30,3,1,2,modified,validated,modified
2026-06-01 01:45,2,0,2,modified,validated,modified
2026-06-01 02:00,2,0,2,modified,validated,modified
2026-06-01 02:15,1,0,1,modified,validated,modified
2026-06-01 02:30,1,0,1,modified,validated,modified
2026-06-01 02:45,1,0,1,modified,validated,modified
2026-06-01 03:00,3,2,1,modified,validated,modified
2026-06-01 03:15,1,0,1,modified,validated,modified
2026-06-01 03:30,1,0,1,modified,validated,modified
2026-06-01 03:45,3,1,2,modified,validated,modified
2026-06-01 04:00,1,0,1,modified,validated,modified
2026-06-01 04:15,2,1,1,modified,validated,modified
2026-06-01 04:30,4,1,3,modified,validated,modified
2026-06-01 04:45,5,2,3,modified,validated,modified
2026-06-01 05:00,9,7,2,modified,validated,modified
2026-06-01 05:15,11,4,7,modified,validated,modified
2026-06-01 05:30,18,5,13,modified,validated,modified
2026-06-01 05:45,28,13,15,modified,validated,modified
2026-06-01 06:00,33,16,17,modified,validated,modified
2026-06-01 06:15,48,17,31,modified,validated,modified
2026-06-01 06:30,68,24,44,modified,validated,modified
2026-06-01 06:45,90,38,52,modified,validated,modified
2026-06-01 07:00,112,40,72,modified,validated,modified
2026-06-01 07:15,189,60,129,modified,validated,modified
2026-06-01 07:30,280,75,205,modified,validated,modified
2026-06-01 07:45,288,87,201,modified,validated,modified
2026-06-01 08:00,206,48,158,modified,validated,modified
2026-06-01 08:15,204,63,141,modified,validated,modified
2026-06-01 08:30,207,63,144,modified,validated,modified
2026-06-01 08:45,227,77,150,modified,validated,modified
2026-06-01 09:00,150,39,111,modified,validated,modified
2026-06-01 09:15,143,43,100,modified,validated,modified
2026-06-01 09:30,153,44,109,modified,validated,modified
2026-06-01 09:45,202,58,144,modified,validated,modified
2026-06-01 10:00,174,58,116,modified,validated,modified
2026-06-01 10:15,142,51,91,modified,validated,modified
2026-06-01 10:30,138,53,85,modified,validated,modified
2026-06-01 10:45,149,52,97,modified,validated,modified
2026-06-01 11:00,123,44,79,modified,validated,modified
2026-06-01 11:15,145,55,90,modified,validated,modified
2026-06-01 11:30,144,52,92,modified,validated,modified
2026-06-01 11:45,173,62,111,modified,validated,modified
2026-06-01 12:00,169,76,93,modified,validated,modified
2026-06-01 12:15,156,65,91,modified,validated,modified
2026-06-01 12:30,175,91,84,modified,validated,modified
2026-06-01 12:45,181,91,90,modified,validated,modified
2026-06-01 13:00,199,108,91,modified,validated,modified
2026-06-01 13:15,158,74,84,modified,validated,modified
2026-06-01 13:30,154,65,89,modified,validated,modified
2026-06-01 13:45,202,94,108,modified,validated,modified
2026-06-01 14:00,209,115,94,modified,validated,modified
2026-06-01 14:15,193,107,86,modified,validated,modified
2026-06-01 14:30,190,94,96,modified,validated,modified
2026-06-01 14:45,220,110,110,modified,validated,modified
2026-06-01 15:00,191,99,92,modified,validated,modified
2026-06-01 15:15,191,99,92,modified,validated,modified
2026-06-01 15:30,214,114,100,modified,validated,modified
2026-06-01 15:45,244,124,120,modified,validated,modified
2026-06-01 16:00,247,127,120,modified,validated,modified
2026-06-01 16:15,258,141,117,modified,validated,modified
2026-06-01 16:30,264,147,117,modified,validated,modified
2026-06-01 16:45,257,138,119,modified,validated,modified
2026-06-01 17:00,275,155,120,modified,validated,modified
2026-06-01 17:15,255,134,121,modified,validated,modified
2026-06-01 17:30,278,155,123,modified,validated,modified
2026-06-01 17:45,292,163,129,modified,validated,modified
2026-06-01 18:00,269,158,111,modified,validated,modified
2026-06-01 18:15,233,127,106,modified,validated,modified
2026-06-01 18:30,201,110,91,modified,validated,modified
2026-06-01 18:45,205,113,92,modified,validated,modified
2026-06-01 19:00,170,90,80,modified,validated,modified
2026-06-01 19:15,166,91,75,modified,validated,modified
2026-06-01 19:30,168,97,71,modified,validated,modified
2026-06-01 19:45,149,76,73,modified,validated,modified
2026-06-01 20:00,138,73,65,modified,validated,modified
2026-06-01 20:15,124,67,57,modified,validated,modified
2026-06-01 20:30,95,43,52,modified,validated,modified
2026-06-01 20:45,106,58,48,modified,validated,modified
2026-06-01 21:00,105,64,41,modified,validated,modified
2026-06-01 21:15,96,48,48,modified,validated,modified
2026-06-01 21:30,98,59,39,modified,validated,modified
2026-06-01 21:45,91,54,37,modified,validated,modified
2026-06-01 22:00,72,36,36,modified,validated,modified
2026-06-01 22:15,73,40,33,modified,validated,modified
2026-06-01 22:30,57,23,34,modified,validated,modified
2026-06-01 22:45,44,17,27,modified,validated,modified
2026-06-01 23:00,45,25,20,modified,validated,modified
2026-06-01 23:15,42,23,19,modified,validated,modified
2026-06-01 23:30,24,11,13,modified,validated,modified
2026-06-01 23:45,20,7,13,modified,validated,modified
2026-06-02 00:00,16,9,7,modified,validated,modified
2026-06-02 00:15,19,14,5,modified,validated,modified
2026-06-02 00:30,9,4,5,modified,validated,modified
2026-06-02 00:45,10,6,4,modified,validated,modified
2026-06-02 01:00,7,4,3,modified,validated,modified
2026-06-02 01:15,4,1,3,modified,validated,modified
2026-06-02 01:30,3,1,2,modified,validated,modified
2026-06-02 01:45,4,2,2,modified,validated,modified
2026-06-02 02:00,4,2,2,modified,validated,modified
2026-06-02 02:15,3,2,1,modified,validated,modified
2026-06-02 02:30,1,0,1,modified,validated,modified
2026-06-02 02:45,1,0,1,modified,validated,modified
2026-06-02 03:00,1,0,1,modified,validated,modified
2026-06-02 03:15,1,0,1,modified,validated,modified
2026-06-02 03:30,2,1,1,modified,validated,modified
2026-06-02 03:45,4,2,2,modified,validated,modified
2026-06-02 04:00,3,2,1,modified,validated,modified
2026-06-02 04:15,2,1,1,modified,validated,modified
2026-06-02 04:30,3,1,2,modified,validated,modified
2026-06-02 04:45,3,1,2,modified,validated,modified
2026-06-02 05:00,7,5,2,modified,validated,modified
2026-06-02 05:15,13,7,6,modified,validated,modified
2026-06-02 05:30,17,5,12,modified,validated,modified
2026-06-02 05:45,25,11,14,modified,validated,modified
2026-06-02 06:00,28,14,14,modified,validated,modified
2026-06-02 06:15,53,23,30,modified,validated,modified
2026-06-02 06:30,63,26,37,modified,validated,modified
2026-06-02 06:45,90,39,51,modified,validated,modified
2026-06-02 07:00,105,41,64,modified,validated,modified
2026-06-02 07:15,156,48,108,modified,validated,modified
2026-06-02 07:30,263,78,185,modified,validated,modified
2026-06-02 07:45,279,91,188,modified,validated,modified
2026-06-02 08:00,224,71,153,modified,validated,modified
2026-06-02 08:15,213,66,147,modified,validated,modified
2026-06-02 08:30,202,63,139,modified,validated,modified
2026-06-02 08:45,209,69,140,modified,validated,modified
2026-06-02 09:00,142,52,90,modified,validated,modified
2026-06-02 09:15,134,50,84,modified,validated,modified
2026-06-02 09:30,138,40,98,modified,validated,modified
2026-06-02 09:45,186,50,136,modified,validated,modified
2026-06-02 10:00,163,55,108,modified,validated,modified
2026-06-02 10:15,128,57,71,modified,validated,modified
2026-06-02 10:30,116,44,72,modified,validated,modified
2026-06-02 10:45,134,56,78,modified,validated,modified
2026-06-02 11:00,137,65,72,modified,validated,modified
2026-06-02 11:15,144,72,72,modified,validated,modified
2026-06-02 11:30,136,64,72,modified,validated,modified
2026-06-02 11:45,174,80,94,modified,validated,modified
2026-06-02 12:00,179,94,85,modified,validated,modified
2026-06-02 12:15,165,88,77,modified,validated,modified
2026-06-02 12:30,176,100,76,modified,validated,modified
2026-06-02 12:45,177,92,85,modified,validated,modified
2026-06-02 13:00,193,117,76,modified,validated,modified
2026-06-02 13:15,185,105,80,modified,validated,modified
2026-06-02 13:30,145,67,78,modified,validated,modified
2026-06-02 13:45,199,102,97,modified,validated,modified
2026-06-02 14:00,174,91,83,modified,validated,modified
2026-06-02 14:15,161,78,83,modified,validated,modified
2026-06-02 14:30,151,72,79,modified,validated,modified
2026-06-02 14:45,161,67,94,modified,validated,modified
2026-06-02 15:00,190,110,80,modified,validated,modified
2026-06-02 15:15,198,113,85,modified,validated,modified
2026-06-02 15:30,209,113,96,modified,validated,modified
2026-06-02 15:45,242,139,103,modified,validated,modified
2026-06-02 16:00,234,138,96,modified,validated,modified
2026-06-02 16:15,221,119,102,modified,validated,modified
2026-06-02 16:30,223,119,104,modified,validated,modified
2026-06-02 16:45,222,102,120,modified,validated,modified
2026-06-02 17:00,233,128,105,modified,validated,modified
2026-06-02 17:15,233,129,104,modified,validated,modified
2026-06-02 17:30,234,125,109,modified,validated,modified
2026-06-02 17:45,292,174,118,modified,validated,modified
2026-06-02 18:00,229,129,100,modified,validated,modified
2026-06-02 18:15,158,66,92,modified,validated,modified
2026-06-02 18:30,160,72,88,modified,validated,modified
2026-06-02 18:45,158,64,94,modified,validated,modified
2026-06-02 19:00,130,53,77,modified,validated,modified
2026-06-02 19:15,149,71,78,modified,validated,modified
2026-06-02 19:30,119,55,64,modified,validated,modified
2026-06-02 19:45,130,58,72,modified,validated,modified
2026-06-02 20:00,131,69,62,modified,validated,modified
2026-06-02 20:15,112,57,55,modified,validated,modified
2026-06-02 20:30,81,34,47,modified,validated,modified
2026-06-02 20:45,91,45,46,modified,validated,modified
2026-06-02 21:00,68,24,44,modified,validated,modified
2026-06-02 21:15,71,26,45,modified,validated,modified
2026-06-02 21:30,73,33,40,modified,validated,modified
2026-06-02 21:45,66,26,40,modified,validated,modified
2026-06-02 22:00,73,35,38,modified,validated,modified
2026-06-02 22:15,71,32,39,modified,validated,modified
2026-06-02 22:30,54,17,37,modified,validated,modified
2026-06-02 22:45,44,17,27,modified,validated,modified
2026-06-02 23:00,45,17,28,modified,validated,modified
2026-06-02 23:15,26,4,22,modified,validated,modified
2026-06-02 23:30,27,9,18,modified,validated,modified
2026-06-02 23:45,24,9,15,modified,validated,modified
2026-06-03 00:00,19,7,12,modified,validated,modified
2026-06-03 00:15,17,8,9,modified,validated,modified
2026-06-03 00:30,13,3,10,modified,validated,modified
2026-06-03 00:45,12,6,6,modified,validated,modified
2026-06-03 01:00,9,3,6,modified,validated,modified
2026-06-03 01:15,8,4,4,modified,validated,modified
2026-06-03 01:30,4,1,3,modified,validated,modified
2026-06-03 01:45,3,0,3,modified,validated,modified
2026-06-03 02:00,2,0,2,modified,validated,modified
2026-06-03 02:15,2,0,2,modified,validated,modified
2026-06-03 02:30,1,0,1,modified,validated,modified
2026-06-03 02:45,2,1,1,modified,validated,modified
2026-06-03 03:00,1,0,1,modified,validated,modified
2026-06-03 03:15,1,0,1,modified,validated,modified
2026-06-03 03:30,1,0,1,modified,validated,modified
2026-06-03 03:45,4,1,3,modified,validated,modified
2026-06-03 04:00,3,2,1,modified,validated,modified
2026-06-03 04:15,2,1,1,modified,validated,modified
2026-06-03 04:30,4,1,3,modified,validated,modified
2026-06-03 04:45,4,0,4,modified,validated,modified
2026-06-03 05:00,3,0,3,modified,validated,modified
2026-06-03 05:15,12,7,5,modified,validated,modified
2026-06-03 05:30,21,7,14,modified,validated,modified
2026-06-03 05:45,27,10,17,modified,validated,modified
2026-06-03 06:00,31,16,15,modified,validated,modified
2026-06-03 06:15,51,17,34,modified,validated,modified
2026-06-03 06:30,68,24,44,modified,validated,modified
2026-06-03 06:45,95,38,57,modified,validated,modified
2026-06-03 07:00,125,48,77,modified,validated,modified
2026-06-03 07:15,189,55,134,modified,validated,modified
2026-06-03 07:30,298,78,220,modified,validated,modified
2026-06-03 07:45,299,89,210,modified,validated,modified
2026-06-03 08:00,237,68,169,modified,validated,modified
2026-06-03 08:15,234,68,166,modified,validated,modified
2026-06-03 08:30,210,51,159,modified,validated,modified
2026-06-03 08:45,234,68,166,modified,validated,modified
2026-06-03 09:00,172,50,122,modified,validated,modified
2026-06-03 09:15,169,58,111,modified,validated,modified
2026-06-03 09:30,164,43,121,modified,validated,modified
2026-06-03 09:45,214,60,154,modified,validated,modified
2026-06-03 10:00,175,53,122,modified,validated,modified
2026-06-03 10:15,149,54,95,modified,validated,modified
2026-06-03 10:30,141,42,99,modified,validated,modified
2026-06-03 10:45,170,61,109,modified,validated,modified
2026-06-03 11:00,157,65,92,modified,validated,modified
2026-06-03 11:15,160,65,95,modified,validated,modified
2026-06-03 11:30,175,79,96,modified,validated,modified
2026-06-03 11:45,213,93,120,modified,validated,modified
2026-06-03 12:00,213,104,109,modified,validated,modified
2026-06-03 12:15,181,82,99,modified,validated,modified
2026-06-03 12:30,185,93,92,modified,validated,modified
2026-06-03 12:45,187,88,99,modified,validated,modified
2026-06-03 13:00,203,112,91,modified,validated,modified
2026-06-03 13:15,178,84,94,modified,validated,modified
2026-06-03 13:30,194,103,91,modified,validated,modified
2026-06-03 13:45,202,96,106,modified,validated,modified
2026-06-03 14:00,212,115,97,modified,validated,modified
2026-06-03 14:15,171,92,79,modified,validated,modified
2026-06-03 14:30,179,99,80,modified,validated,modified
2026-06-03 14:45,202,104,98,modified,validated,modified
2026-06-03 15:00,193,118,75,modified,validated,modified
2026-06-03 15:15,169,91,78,modified,validated,modified
2026-06-03 15:30,222,129,93,modified,validated,modified
2026-06-03 15:45,255,139,116,modified,validated,modified
2026-06-03 16:00,232,126,106,modified,validated,modified
2026-06-03 16:15,229,124,105,modified,validated,modified
2026-06-03 16:30,226,115,111,modified,validated,modified
2026-06-03 16:45,235,111,124,modified,validated,modified
2026-06-03 17:00,243,120,123,modified,validated,modified
2026-06-03 17:15,258,137,121,modified,validated,modified
2026-06-03 17:30,220,96,124,modified,validated,modified
2026-06-03 17:45,262,116,146,modified,validated,modified
2026-06-03 18:00,256,146,110,modified,validated,modified
2026-06-03 18:15,235,131,104,modified,validated,modified
2026-06-03 18:30,219,124,95,modified,validated,modified
2026-06-03 18:45,237,138,99,modified,validated,modified
2026-06-03 19:00,195,109,86,modified,validated,modified
2026-06-03 19:15,200,121,79,modified,validated,modified
2026-06-03 19:30,210,136,74,modified,validated,modified
2026-06-03 19:45,175,99,76,modified,validated,modified
2026-06-03 20:00,156,89,67,modified,validated,modified
2026-06-03 20:15,148,89,59,modified,validated,modified
2026-06-03 20:30,119,62,57,modified,validated,modified
2026-06-03 20:45,97,47,50,modified,validated,modified
2026-06-03 21:00,115,66,49,modified,validated,modified
2026-06-03 21:15,102,56,46,modified,validated,modified
2026-06-03 21:30,99,50,49,modified,validated,modified
2026-06-03 21:45,81,34,47,modified,validated,modified
2026-06-03 22:00,87,44,43,modified,validated,modified
2026-06-03 22:15,86,44,42,modified,validated,modified
2026-06-03 22:30,86,48,38,modified,validated,modified
2026-06-03 22:45,70,37,33,modified,validated,modified
2026-06-03 23:00,80,48,32,modified,validated,modified
2026-06-03 23:15,62,31,31,modified,validated,modified
2026-06-03 23:30,50,25,25,modified,validated,modified
2026-06-03 23:45,57,37,20,modified,validated,modified
2026-06-04 00:00,39,30,9,modified,validated,modified
2026-06-04 00:15,28,21,7,modified,validated,modified
2026-06-04 00:30,27,21,6,modified,validated,modified
2026-06-04 00:45,39,33,6,modified,validated,modified
2026-06-04 01:00,32,27,5,modified,validated,modified
2026-06-04 01:15,21,17,4,modified,validated,modified
2026-06-04 01:30,15,12,3,modified,validated,modified
2026-06-04 01:45,22,19,3,modified,validated,modified
2026-06-04 02:00,14,11,3,modified,validated,modified
2026-06-04 02:15,20,17,3,modified,validated,modified
2026-06-04 02:30,12,9,3,modified,validated,modified
2026-06-04 02:45,9,7,2,modified,validated,modified
2026-06-04 03:00,13,11,2,modified,validated,modified
2026-06-04 03:15,14,12,2,modified,validated,modified
2026-06-04 03:30,7,5,2,modified,validated,modified
2026-06-04 03:45,6,4,2,modified,validated,modified
2026-06-04 04:00,3,1,2,modified,validated,modified
2026-06-04 04:15,6,5,1,modified,validated,modified
2026-06-04 04:30,3,1,2,modified,validated,modified
2026-06-04 04:45,5,3,2,modified,validated,modified
2026-06-04 05:00,3,2,1,modified,validated,modified
2026-06-04 05:15,5,3,2,modified,validated,modified
2026-06-04 05:30,6,1,5,modified,validated,modified
2026-06-04 05:45,10,4,6,modified,validated,modified
2026-06-04 06:00,9,2,7,modified,validated,modified
2026-06-04 06:15,18,5,13,modified,validated,modified
2026-06-04 06:30,22,6,16,modified,validated,modified
2026-06-04 06:45,31,10,21,modified,validated,modified
2026-06-04 07:00,33,7,26,modified,validated,modified
2026-06-04 07:15,54,6,48,modified,validated,modified
2026-06-04 07:30,88,7,81,modified,validated,modified
2026-06-04 07:45,93,11,82,modified,validated,modified
2026-06-04 08:00,76,11,65,modified,validated,modified
2026-06-04 08:15,65,7,58,modified,validated,modified
2026-06-04 08:30,70,13,57,modified,validated,modified
2026-06-04 08:45,78,18,60,modified,validated,modified
2026-06-04 09:00,52,11,41,modified,validated,modified
2026-06-04 09:15,47,9,38,modified,validated,modified
2026-06-04 09:30,69,26,43,modified,validated,modified
2026-06-04 09:45,91,31,60,modified,validated,modified
2026-06-04 10:00,78,33,45,modified,validated,modified
2026-06-04 10:15,78,43,35,modified,validated,modified
2026-06-04 10:30,66,31,35,modified,validated,modified
2026-06-04 10:45,79,43,36,modified,validated,modified
2026-06-04 11:00,69,37,32,modified,validated,modified
2026-06-04 11:15,56,22,34,modified,validated,modified
2026-06-04 11:30,58,21,37,modified,validated,modified
2026-06-04 11:45,72,28,44,modified,validated,modified
2026-06-04 12:00,79,42,37,modified,validated,modified
2026-06-04 12:15,83,44,39,modified,validated,modified
2026-06-04 12:30,67,30,37,modified,validated,modified
2026-06-04 12:45,85,45,40,modified,validated,modified
2026-06-04 13:00,74,36,38,modified,validated,modified
2026-06-04 13:15,77,40,37,modified,validated,modified
2026-06-04 13:30,79,39,40,modified,validated,modified
2026-06-04 13:45,99,54,45,modified,validated,modified
2026-06-04 14:00,85,46,39,modified,validated,modified
2026-06-04 14:15,79,42,37,modified,validated,modified
2026-06-04 14:30,86,49,37,modified,validated,modified
2026-06-04 14:45,68,27,41,modified,validated,modified
2026-06-04 15:00,74,37,37,modified,validated,modified
2026-06-04 15:15,53,17,36,modified,validated,modified
2026-06-04 15:30,62,19,43,modified,validated,modified
2026-06-04 15:45,79,28,51,modified,validated,modified
2026-06-04 16:00,66,19,47,modified,validated,modified
2026-06-04 16:15,74,28,46,modified,validated,modified
2026-06-04 16:30,89,40,49,modified,validated,modified
2026-06-04 16:45,87,35,52,modified,validated,modified
2026-06-04 17:00,91,43,48,modified,validated,modified
2026-06-04 17:15,98,46,52,modified,validated,modified
2026-06-04 17:30,93,45,48,modified,validated,modified
2026-06-04 17:45,104,50,54,modified,validated,modified
2026-06-04 18:00,90,43,47,modified,validated,modified
2026-06-04 18:15,94,51,43,modified,validated,modified
2026-06-04 18:30,103,62,41,modified,validated,modified
2026-06-04 18:45,96,49,47,modified,validated,modified
2026-06-04 19:00,71,36,35,modified,validated,modified
2026-06-04 19:15,80,44,36,modified,validated,modified
2026-06-04 19:30,75,39,36,modified,validated,modified
2026-06-04 19:45,72,39,33,modified,validated,modified
2026-06-04 20:00,72,46,26,modified,validated,modified
2026-06-04 20:15,53,29,24,modified,validated,modified
2026-06-04 20:30,49,27,22,modified,validated,modified
2026-06-04 20:45,44,24,20,modified,validated,modified
2026-06-04 21:00,47,26,21,modified,validated,modified
2026-06-04 21:15,47,28,19,modified,validated,modified
2026-06-04 21:30,50,31,19,modified,validated,modified
2026-06-04 21:45,39,21,18,modified,validated,modified
2026-06-04 22:00,47,28,19,modified,validated,modified
2026-06-04 22:15,40,21,19,modified,validated,modified
2026-06-04 22:30,40,23,17,modified,validated,modified
2026-06-04 22:45,33,17,16,modified,validated,modified
2026-06-04 23:00,27,13,14,modified,validated,modified
2026-06-04 23:15,23,11,12,modified,validated,modified
2026-06-04 23:30,25,15,10,modified,validated,modified
2026-06-04 23:45,26,18,8,modified,validated,modified
2026-06-05 00:00,20,8,12,modified,validated,modified
2026-06-05 00:15,20,11,9,modified,validated,modified
2026-06-05 00:30,10,2,8,modified,validated,modified
2026-06-05 00:45,7,2,5,modified,validated,modified
2026-06-05 01:00,12,6,6,modified,validated,modified
2026-06-05 01:15,13,8,5,modified,validated,modified
2026-06-05 01:30,6,2,4,modified,validated,modified
2026-06-05 01:45,4,0,4,modified,validated,modified
2026-06-05 02:00,4,1,3,modified,validated,modified
2026-06-05 02:15,5,2,3,modified,validated,modified
2026-06-05 02:30,5,2,3,modified,validated,modified
2026-06-05 02:45,2,0,2,modified,validated,modified
2026-06-05 03:00,2,0,2,modified,validated,modified
2026-06-05 03:15,3,2,1,modified,validated,modified
2026-06-05 03:30,3,2,1,modified,validated,modified
2026-06-05 03:45,3,1,2,modified,validated,modified
2026-06-05 04:00,3,1,2,modified,validated,modified
2026-06-05 04:15,1,0,1,modified,validated,modified
2026-06-05 04:30,4,2,2,modified,validated,modified
2026-06-05 04:45,3,1,2,modified,validated,modified
2026-06-05 05:00,4,2,2,modified,validated,modified
2026-06-05 05:15,8,4,4,modified,validated,modified
2026-06-05 05:30,9,1,8,modified,validated,modified
2026-06-05 05:45,14,5,9,modified,validated,modified
2026-06-05 06:00,22,9,13,modified,validated,modified
2026-06-05 06:15,30,7,23,modified,validated,modified
2026-06-05 06:30,40,13,27,modified,validated,modified
2026-06-05 06:45,52,19,33,modified,validated,modified
2026-06-05 07:00,61,14,47,modified,validated,modified
2026-06-05 07:15,99,18,81,modified,validated,modified
2026-06-05 07:30,181,30,151,modified,validated,modified
2026-06-05 07:45,169,44,125,modified,validated,modified
2026-06-05 08:00,120,23,97,modified,validated,modified
2026-06-05 08:15,125,32,93,modified,validated,modified
2026-06-05 08:30,130,38,92,modified,validated,modified
2026-06-05 08:45,140,34,106,modified,validated,modified
2026-06-05 09:00,101,26,75,modified,validated,modified
2026-06-05 09:15,104,33,71,modified,validated,modified
2026-06-05 09:30,111,31,80,modified,validated,modified
2026-06-05 09:45,160,52,108,modified,validated,modified
2026-06-05 10:00,119,46,73,modified,validated,modified
2026-06-05 10:15,121,51,70,modified,validated,modified
2026-06-05 10:30,116,45,71,modified,validated,modified
2026-06-05 10:45,124,44,80,modified,validated,modified
2026-06-05 11:00,128,57,71,modified,validated,modified
2026-06-05 11:15,124,53,71,modified,validated,modified
2026-06-05 11:30,130,57,73,modified,validated,modified
2026-06-05 11:45,122,36,86,modified,validated,modified
2026-06-05 12:00,169,92,77,modified,validated,modified
2026-06-05 12:15,153,78,75,modified,validated,modified
2026-06-05 12:30,140,69,71,modified,validated,modified
2026-06-05 12:45,168,83,85,modified,validated,modified
2026-06-05 13:00,195,122,73,modified,validated,modified
2026-06-05 13:15,182,95,87,modified,validated,modified
2026-06-05 13:30,184,107,77,modified,validated,modified
2026-06-05 13:45,189,101,88,modified,validated,modified
2026-06-05 14:00,188,106,82,modified,validated,modified
2026-06-05 14:15,179,94,85,modified,validated,modified
2026-06-05 14:30,141,64,77,modified,validated,modified
2026-06-05 14:45,176,94,82,modified,validated,modified
2026-06-05 15:00,166,91,75,modified,validated,modified
2026-06-05 15:15,161,88,73,modified,validated,modified
2026-06-05 15:30,151,75,76,modified,validated,modified
2026-06-05 15:45,185,103,82,modified,validated,modified
2026-06-05 16:00,173,91,82,modified,validated,modified
2026-06-05 16:15,142,62,80,modified,validated,modified
2026-06-05 16:30,154,80,74,modified,validated,modified
2026-06-05 16:45,185,104,81,modified,validated,modified
2026-06-05 17:00,166,88,78,modified,validated,modified
2026-06-05 17:15,153,77,76,modified,validated,modified
2026-06-05 17:30,183,107,76,modified,validated,modified
2026-06-05 17:45,190,100,90,modified,validated,modified
2026-06-05 18:00,168,92,76,modified,validated,modified
2026-06-05 18:15,146,73,73,modified,validated,modified
2026-06-05 18:30,164,92,72,modified,validated,modified
2026-06-05 18:45,188,103,85,modified,validated,modified
2026-06-05 19:00,163,89,74,modified,validated,modified
2026-06-05 19:15,132,66,66,modified,validated,modified
2026-06-05 19:30,137,75,62,modified,validated,modified
2026-06-05 19:45,122,57,65,modified,validated,modified
2026-06-05 20:00,116,54,62,modified,validated,modified
2026-06-05 20:15,100,48,52,modified,validated,modified
2026-06-05 20:30,82,37,45,modified,validated,modified
2026-06-05 20:45,91,48,43,modified,validated,modified
2026-06-05 21:00,82,37,45,modified,validated,modified
2026-06-05 21:15,79,37,42,modified,validated,modified
2026-06-05 21:30,67,30,37,modified,validated,modified
2026-06-05 21:45,95,54,41,modified,validated,modified
2026-06-05 22:00,71,35,36,modified,validated,modified
2026-06-05 22:15,81,41,40,modified,validated,modified
2026-06-05 22:30,82,49,33,modified,validated,modified
2026-06-05 22:45,52,19,33,modified,validated,modified
2026-06-05 23:00,60,26,34,modified,validated,modified
2026-06-05 23:15,55,24,31,modified,validated,modified
2026-06-05 23:30,49,22,27,modified,validated,modified
2026-06-05 23:45,53,26,27,modified,validated,modified
2026-06-06 00:00,63,32,31,modified,validated,modified
2026-06-06 00:15,49,22,27,modified,validated,modified
2026-06-06 00:30,42,20,22,modified,validated,modified
2026-06-06 00:45,32,12,20,modified,validated,modified
2026-06-06 01:00,41,21,20,modified,validated,modified
2026-06-06 01:15,33,16,17,modified,validated,modified
2026-06-06 01:30,24,8,16,modified,validated,modified
2026-06-06 01:45,32,18,14,modified,validated,modified
2026-06-06 02:00,24,11,13,modified,validated,modified
2026-06-06 02:15,25,14,11,modified,validated,modified
2026-06-06 02:30,10,2,8,modified,validated,modified
2026-06-06 02:45,12,3,9,modified,validated,modified
2026-06-06 03:00,13,5,8,modified,validated,modified
2026-06-06 03:15,13,7,6,modified,validated,modified
2026-06-06 03:30,11,4,7,modified,validated,modified
2026-06-06 03:45,11,5,6,modified,validated,modified
2026-06-06 04:00,10,6,4,modified,validated,modified
2026-06-06 04:15,8,2,6,modified,validated,modified
2026-06-06 04:30,6,1,5,modified,validated,modified
2026-06-06 04:45,5,0,5,modified,validated,modified
2026-06-06 05:00,5,2,3,modified,validated,modified
2026-06-06 05:15,9,4,5,modified,validated,modified
2026-06-06 05:30,8,1,7,modified,validated,modified
2026-06-06 05:45,10,2,8,modified,validated,modified
2026-06-06 06:00,11,2,9,modified,validated,modified
2026-06-06 06:15,10,1,9,modified,validated,modified
2026-06-06 06:30,12,4,8,modified,validated,modified
2026-06-06 06:45,13,4,9,modified,validated,modified
2026-06-06 07:00,16,6,10,modified,validated,modified
2026-06-06 07:15,27,8,19,modified,validated,modified
2026-06-06 07:30,27,5,22,modified,validated,modified
2026-06-06 07:45,50,15,35,modified,validated,modified
2026-06-06 08:00,39,11,28,modified,validated,modified
2026-06-06 08:15,60,26,34,modified,validated,modified
2026-06-06 08:30,59,17,42,modified,validated,modified
2026-06-06 08:45,78,20,58,modified,validated,modified
2026-06-06 09:00,71,19,52,modified,validated,modified
2026-06-06 09:15,101,33,68,modified,validated,modified
2026-06-06 09:30,118,39,79,modified,validated,modified
2026-06-06 09:45,160,44,116,modified,validated,modified
2026-06-06 10:00,145,50,95,modified,validated,modified
2026-06-06 10:15,159,54,105,modified,validated,modified
2026-06-06 10:30,166,64,102,modified,validated,modified
2026-06-06 10:45,206,83,123,modified,validated,modified
2026-06-06 11:00,176,69,107,modified,validated,modified
2026-06-06 11:15,182,70,112,modified,validated,modified
2026-06-06 11:30,197,87,110,modified,validated,modified
2026-06-06 11:45,196,82,114,modified,validated,modified
2026-06-06 12:00,195,92,103,modified,validated,modified
2026-06-06 12:15,183,77,106,modified,validated,modified
2026-06-06 12:30,192,90,102,modified,validated,modified
2026-06-06 12:45,184,81,103,modified,validated,modified
2026-06-06 13:00,178,85,93,modified,validated,modified
2026-06-06 13:15,195,110,85,modified,validated,modified
2026-06-06 13:30,199,106,93,modified,validated,modified
2026-06-06 13:45,208,123,85,modified,validated,modified
2026-06-06 14:00,203,117,86,modified,validated,modified
2026-06-06 14:15,193,113,80,modified,validated,modified
2026-06-06 14:30,172,102,70,modified,validated,modified
2026-06-06 14:45,196,113,83,modified,validated,modified
2026-06-06 15:00,177,98,79,modified,validated,modified
2026-06-06 15:15,176,108,68,modified,validated,modified
2026-06-06 15:30,186,116,70,modified,validated,modified
2026-06-06 15:45,178,100,78,modified,validated,modified
2026-06-06 16:00,163,103,60,modified,validated,modified
2026-06-06 16:15,153,88,65,modified,validated,modified
2026-06-06 16:30,154,89,65,modified,validated,modified
2026-06-06 16:45,156,86,70,modified,validated,modified
2026-06-06 17:00,128,69,59,modified,validated,modified
2026-06-06 17:15,138,77,61,modified,validated,modified
2026-06-06 17:30,111,44,67,modified,validated,modified
2026-06-06 17:45,158,77,81,modified,validated,modified
2026-06-06 18:00,123,54,69,modified,validated,modified
2026-06-06 18:15,132,69,63,modified,validated,modified
2026-06-06 18:30,102,37,65,modified,validated,modified
2026-06-06 18:45,121,51,70,modified,validated,modified
2026-06-06 19:00,125,65,60,modified,validated,modified
2026-06-06 19:15,113,50,63,modified,validated,modified
2026-06-06 19:30,118,63,55,modified,validated,modified
2026-06-06 19:45,87,31,56,modified,validated,modified
2026-06-06 20:00,75,26,49,modified,validated,modified
2026-06-06 20:15,82,41,41,modified,validated,modified
2026-06-06 20:30,94,48,46,modified,validated,modified
2026-06-06 20:45,70,29,41,modified,validated,modified
2026-06-06 21:00,77,38,39,modified,validated,modified
2026-06-06 21:15,82,42,40,modified,validated,modified
2026-06-06 21:30,61,24,37,modified,validated,modified
2026-06-06 21:45,79,44,35,modified,validated,modified
2026-06-06 22:00,62,25,37,modified,validated,modified
2026-06-06 22:15,63,25,38,modified,validated,modified
2026-06-06 22:30,58,22,36,modified,validated,modified
2026-06-06 22:45,64,29,35,modified,validated,modified
2026-06-06 23:00,59,20,39,modified,validated,modified
2026-06-06 23:15,52,16,36,modified,validated,modified
2026-06-06 23:30,56,23,33,modified,validated,modified
2026-06-06 23:45,47,17,30,modified,validated,modified
2026-06-07 00:00,47,19,28,modified,validated,modified
2026-06-07 00:15,54,28,26,modified,validated,modified
2026-06-07 00:30,30,8,22,modified,validated,modified
2026-06-07 00:45,34,15,19,modified,validated,modified
2026-06-07 01:00,38,19,19,modified,validated,modified
2026-06-07 01:15,27,8,19,modified,validated,modified
2026-06-07 01:30,22,5,17,modified,validated,modified
2026-06-07 01:45,21,6,15,modified,validated,modified
2026-06-07 02:00,24,12,12,modified,validated,modified
2026-06-07 02:15,19,7,12,modified,validated,modified
2026-06-07 02:30,18,6,12,modified,validated,modified
2026-06-07 02:45,18,9,9,modified,validated,modified
2026-06-07 03:00,16,8,8,modified,validated,modified
2026-06-07 03:15,10,3,7,modified,validated,modified
2026-06-07 03:30,19,13,6,modified,validated,modified
2026-06-07 03:45,8,0,8,modified,validated,modified
2026-06-07 04:00,7,0,7,modified,validated,modified
2026-06-07 04:15,7,2,5,modified,validated,modified
2026-06-07 04:30,8,3,5,modified,validated,modified
2026-06-07 04:45,6,1,5,modified,validated,modified
2026-06-07 05:00,3,0,3,modified,validated,modified
2026-06-07 05:15,6,2,4,modified,validated,modified
2026-06-07 05:30,8,1,7,modified,validated,modified
2026-06-07 05:45,5,1,4,modified,validated,modified
2026-06-07 06:00,6,1,5,modified,validated,modified
2026-06-07 06:15,6,2,4,modified,validated,modified
2026-06-07 06:30,8,3,5,modified,validated,modified
2026-06-07 06:45,4,1,3,modified,validated,modified
2026-06-07 07:00,5,2,3,modified,validated,modified
2026-06-07 07:15,12,8,4,modified,validated,modified
2026-06-07 07:30,6,1,5,modified,validated,modified
2026-06-07 07:45,13,4,9,modified,validated,modified
2026-06-07 08:00,14,7,7,modified,validated,modified
2026-06-07 08:15,13,5,8,modified,validated,modified
2026-06-07 08:30,21,11,10,modified,validated,modified
2026-06-07 08:45,25,12,13,modified,validated,modified
2026-06-07 09:00,30,15,15,modified,validated,modified
2026-06-07 09:15,31,16,15,modified,validated,modified
2026-06-07 09:30,42,21,21,modified,validated,modified
2026-06-07 09:45,57,21,36,modified,validated,modified
2026-06-07 10:00,56,25,31,modified,validated,modified
2026-06-07 10:15,44,14,30,modified,validated,modified
2026-06-07 10:30,65,33,32,modified,validated,modified
2026-06-07 10:45,63,25,38,modified,validated,modified
2026-06-07 11:00,52,20,32,modified,validated,modified
2026-06-07 11:15,58,22,36,modified,validated,modified
2026-06-07 11:30,70,31,39,modified,validated,modified
2026-06-07 11:45,74,32,42,modified,validated,modified
2026-06-07 12:00,68,29,39,modified,validated,modified
2026-06-07 12:15,61,20,41,modified,validated,modified
2026-06-07 12:30,68,23,45,modified,validated,modified
2026-06-07 12:45,81,35,46,modified,validated,modified
2026-06-07 13:00,77,35,42,modified,validated,modified
2026-06-07 13:15,84,39,45,modified,validated,modified
2026-06-07 13:30,81,36,45,modified,validated,modified
2026-06-07 13:45,88,36,52,modified,validated,modified
2026-06-07 14:00,102,49,53,modified,validated,modified
2026-06-07 14:15,98,46,52,modified,validated,modified
2026-06-07 14:30,87,35,52,modified,validated,modified
2026-06-07 14:45,123,65,58,modified,validated,modified
2026-06-07 15:00,105,53,52,modified,validated,modified
2026-06-07 15:15,104,54,50,modified,validated,modified
2026-06-07 15:30,92,42,50,modified,validated,modified
2026-06-07 15:45,85,35,50,modified,validated,modified
2026-06-07 16:00,88,39,49,modified,validated,modified
2026-06-07 16:15,85,38,47,modified,validated,modified
2026-06-07 16:30,103,53,50,modified,validated,modified
2026-06-07 16:45,106,54,52,modified,validated,modified
2026-06-07 17:00,106,60,46,modified,validated,modified
2026-06-07 17:15,104,54,50,modified,validated,modified
2026-06-07 17:30,107,54,53,modified,validated,modified
2026-06-07 17:45,121,67,54,modified,validated,modified
2026-06-07 18:00,92,41,51,modified,validated,modified
2026-06-07 18:15,95,48,47,modified,validated,modified
2026-06-07 18:30,87,43,44,modified,validated,modified
2026-06-07 18:45,99,50,49,modified,validated,modified
2026-06-07 19:00,88,42,46,modified,validated,modified
2026-06-07 19:15,83,39,44,modified,validated,modified
2026-06-07 19:30,73,35,38,modified,validated,modified
2026-06-07 19:45,79,41,38,modified,validated,modified
2026-06-07 20:00,67,28,39,modified,validated,modified
2026-06-07 20:15,65,32,33,modified,validated,modified
2026-06-07 20:30,57,26,31,modified,validated,modified
2026-06-07 20:45,51,24,27,modified,validated,modified
2026-06-07 21:00,50,24,26,modified,validated,modified
2026-06-07 21:15,57,32,25,modified,validated,modified
2026-06-07 21:30,38,18,20,modified,validated,modified
2026-06-07 21:45,36,17,19,modified,validated,modified
2026-06-07 22:00,26,6,20,modified,validated,modified
2026-06-07 22:15,29,11,18,modified,validated,modified
2026-06-07 22:30,26,10,16,modified,validated,modified
2026-06-07 22:45,22,10,12,modified,validated,modified
2026-06-07 23:00,15,4,11,modified,validated,modified
2026-06-07 23:15,20,10,10,modified,validated,modified
2026-06-07 23:30,15,5,10,modified,validated,modified
2026-06-07 23:45,11,4,7,modified,validated,modified
2026-06-08 00:00,8,1,7,modified,validated,modified
2026-06-08 00:15,11,3,8,modified,validated,modified
2026-06-08 00:30,8,3,5,modified,validated,modified
2026-06-08 00:45,4,0,4,modified,validated,modified
2026-06-08 01:00,4,2,2,modified,validated,modified
2026-06-08 01:15,3,1,2,modified,validated,modified
2026-06-08 01:30,2,0,2,modified,validated,modified
2026-06-08 01:45,5,3,2,modified,validated,modified
2026-06-08 02:00,2,0,2,modified,validated,modified
2026-06-08 02:15,1,0,1,modified,validated,modified
2026-06-08 02:30,2,1,1,modified,validated,modified
2026-06-08 02:45,1,0,1,modified,validated,modified
2026-06-08 03:00,1,0,1,modified,validated,modified
2026-06-08 03:15,6,5,1,modified,validated,modified
2026-06-08 03:30,1,0,1,modified,validated,modified
2026-06-08 03:45,3,1,2,modified,validated,modified
2026-06-08 04:00,2,1,1,modified,validated,modified
2026-06-08 04:15,2,1,1,modified,validated,modified
2026-06-08 04:30,4,1,3,modified,validated,modified
2026-06-08 04:45,5,2,3,modified,validated,modified
2026-06-08 05:00,7,5,2,modified,validated,modified
2026-06-08 05:15,13,6,7,modified,validated,modified
2026-06-08 05:30,19,6,13,modified,validated,modified
2026-06-08 05:45,26,11,15,modified,validated,modified
2026-06-08 06:00,29,12,17,modified,validated,modified
2026-06-08 06:15,51,20,31,modified,validated,modified
2026-06-08 06:30,65,22,43,modified,validated,modified
2026-06-08 06:45,100,49,51,modified,validated,modified
2026-06-08 07:00,105,34,71,modified,validated,modified
2026-06-08 07:15,206,78,128,modified,validated,modified
2026-06-08 07:30,273,69,204,modified,validated,modified
2026-06-08 07:45,298,99,199,modified,validated,modified
2026-06-08 08:00,225,68,157,modified,validated,modified
2026-06-08 08:15,209,70,139,modified,validated,modified
2026-06-08 08:30,208,65,143,modified,validated,modified
2026-06-08 08:45,204,56,148,modified,validated,modified
2026-06-08 09:00,151,41,110,modified,validated,modified
2026-06-08 09:15,151,51,100,modified,validated,modified
2026-06-08 09:30,152,44,108,modified,validated,modified
2026-06-08 09:45,200,58,142,modified,validated,modified
2026-06-08 10:00,158,43,115,modified,validated,modified
2026-06-08 10:15,131,40,91,modified,validated,modified
2026-06-08 10:30,136,51,85,modified,validated,modified
2026-06-08 10:45,144,47,97,modified,validated,modified
2026-06-08 11:00,139,61,78,modified,validated,modified
2026-06-08 11:15,143,53,90,modified,validated,modified
2026-06-08 11:30,148,57,91,modified,validated,modified
2026-06-08 11:45,176,66,110,modified,validated,modified
2026-06-08 12:00,161,69,92,modified,validated,modified
2026-06-08 12:15,180,90,90,modified,validated,modified
2026-06-08 12:30,180,97,83,modified,validated,modified
2026-06-08 12:45,172,82,90,modified,validated,modified
2026-06-08 13:00,202,112,90,modified,validated,modified
2026-06-08 13:15,159,75,84,modified,validated,modified
2026-06-08 13:30,158,69,89,modified,validated,modified
2026-06-08 13:45,227,120,107,modified,validated,modified
2026-06-08 14:00,206,113,93,modified,validated,modified
2026-06-08 14:15,169,84,85,modified,validated,modified
2026-06-08 14:30,184,89,95,modified,validated,modified
2026-06-08 14:45,202,93,109,modified,validated,modified
2026-06-08 15:00,201,110,91,modified,validated,modified
2026-06-08 15:15,186,95,91,modified,validated,modified
2026-06-08 15:30,208,109,99,modified,validated,modified
2026-06-08 15:45,241,122,119,modified,validated,modified
2026-06-08 16:00,260,141,119,modified,validated,modified
2026-06-08 16:15,259,143,116,modified,validated,modified
2026-06-08 16:30,280,164,116,modified,validated,modified
2026-06-08 16:45,242,124,118,modified,validated,modified
2026-06-08 17:00,264,145,119,modified,validated,modified
2026-06-08 17:15,279,159,120,modified,validated,modified
2026-06-08 17:30,261,139,122,modified,validated,modified
2026-06-08 17:45,288,160,128,modified,validated,modified
2026-06-08 18:00,240,130,110,modified,validated,modified
2026-06-08 18:15,229,124,105,modified,validated,modified
2026-06-08 18:30,196,106,90,modified,validated,modified
2026-06-08 18:45,203,111,92,modified,validated,modified
2026-06-08 19:00,187,108,79,modified,validated,modified
2026-06-08 19:15,158,84,74,modified,validated,modified
2026-06-08 19:30,163,93,70,modified,validated,modified
2026-06-08 19:45,151,78,73,modified,validated,modified
2026-06-08 20:00,147,82,65,modified,validated,modified
2026-06-08 20:15,126,69,57,modified,validated,modified
2026-06-08 20:30,106,55,51,modified,validated,modified
2026-06-08 20:45,92,45,47,modified,validated,modified
2026-06-08 21:00,87,46,41,modified,validated,modified
2026-06-08 21:15,98,50,48,modified,validated,modified
2026-06-08 21:30,92,54,38,modified,validated,modified
2026-06-08 21:45,74,37,37,modified,validated,modified
2026-06-08 22:00,69,34,35,modified,validated,modified
2026-06-08 22:15,59,26,33,modified,validated,modified
2026-06-08 22:30,66,32,34,modified,validated,modified
2026-06-08 22:45,38,12,26,modified,validated,modified
2026-06-08 23:00,33,13,20,modified,validated,modified
2026-06-08 23:15,28,9,19,modified,validated,modified
2026-06-08 23:30,17,5,12,modified,validated,modified
2026-06-08 23:45,19,6,13,modified,validated,modified
2026-06-09 00:00,16,9,7,modified,validated,modified
2026-06-09 00:15,9,4,5,modified,validated,modified
2026-06-09 00:30,7,2,5,modified,validated,modified
2026-06-09 00:45,9,5,4,modified,validated,modified
2026-06-09 01:00,4,1,3,modified,validated,modified
2026-06-09 01:15,4,1,3,modified,validated,modified
2026-06-09 01:30,5,3,2,modified,validated,modified
2026-06-09 01:45,2,0,2,modified,validated,modified
2026-06-09 02:00,5,3,2,modified,validated,modified
2026-06-09 02:15,4,3,1,modified,validated,modified
2026-06-09 02:30,2,1,1,modified,validated,modified
2026-06-09 02:45,2,1,1,modified,validated,modified
2026-06-09 03:00,1,0,1,modified,validated,modified
2026-06-09 03:15,1,0,1,modified,validated,modified
2026-06-09 03:30,1,0,1,modified,validated,modified
2026-06-09 03:45,5,3,2,modified,validated,modified
2026-06-09 04:00,2,1,1,modified,validated,modified
2026-06-09 04:15,2,1,1,modified,validated,modified
2026-06-09 04:30,2,0,2,modified,validated,modified
2026-06-09 04:45,4,2,2,modified,validated,modified
2026-06-09 05:00,8,6,2,modified,validated,modified
2026-06-09 05:15,13,7,6,modified,validated,modified
2026-06-09 05:30,17,6,11,modified,validated,modified
2026-06-09 05:45,24,10,14,modified,validated,modified
2026-06-09 06:00,21,7,14,modified,validated,modified
2026-06-09 06:15,41,12,29,modified,validated,modified
2026-06-09 06:30,60,23,37,modified,validated,modified
2026-06-09 06:45,78,28,50,modified,validated,modified
2026-06-09 07:00,107,44,63,modified,validated,modified
2026-06-09 07:15,169,63,106,modified,validated,modified
2026-06-09 07:30,267,85,182,modified,validated,modified
2026-06-09 07:45,257,71,186,modified,validated,modified
2026-06-09 08:00,217,67,150,modified,validated,modified
2026-06-09 08:15,199,54,145,modified,validated,modified
2026-06-09 08:30,205,68,137,modified,validated,modified
2026-06-09 08:45,214,76,138,modified,validated,modified
2026-06-09 09:00,125,36,89,modified,validated,modified
2026-06-09 09:15,120,38,82,modified,validated,modified
2026-06-09 09:30,144,47,97,modified,validated,modified
2026-06-09 09:45,185,51,134,modified,validated,modified
2026-06-09 10:00,140,34,106,modified,validated,modified
2026-06-09 10:15,96,26,70,modified,validated,modified
2026-06-09 10:30,98,27,71,modified,validated,modified
2026-06-09 10:45,120,43,77,modified,validated,modified
2026-06-09 11:00,112,41,71,modified,validated,modified
2026-06-09 11:15,128,57,71,modified,validated,modified
2026-06-09 11:30,125,54,71,modified,validated,modified
2026-06-09 11:45,157,64,93,modified,validated,modified
2026-06-09 12:00,152,68,84,modified,validated,modified
2026-06-09 12:15,150,74,76,modified,validated,modified
2026-06-09 12:30,142,67,75,modified,validated,modified
2026-06-09 12:45,154,70,84,modified,validated,modified
2026-06-09 13:00,177,102,75,modified,validated,modified
2026-06-09 13:15,161,82,79,modified,validated,modified
2026-06-09 13:30,148,71,77,modified,validated,modified
2026-06-09 13:45,166,70,96,modified,validated,modified
2026-06-09 14:00,177,96,81,modified,validated,modified
2026-06-09 14:15,161,79,82,modified,validated,modified
2026-06-09 14:30,179,101,78,modified,validated,modified
2026-06-09 14:45,156,64,92,modified,validated,modified
2026-06-09 15:00,175,97,78,modified,validated,modified
2026-06-09 15:15,194,110,84,modified,validated,modified
2026-06-09 15:30,194,100,94,modified,validated,modified
2026-06-09 15:45,215,114,101,modified,validated,modified
2026-06-09 16:00,230,136,94,modified,validated,modified
2026-06-09 16:15,231,130,101,modified,validated,modified
2026-06-09 16:30,216,114,102,modified,validated,modified
2026-06-09 16:45,214,95,119,modified,validated,modified
2026-06-09 17:00,239,136,103,modified,validated,modified
2026-06-09 17:15,246,143,103,modified,validated,modified
2026-06-09 17:30,230,122,108,modified,validated,modified
2026-06-09 17:45,260,144,116,modified,validated,modified
2026-06-09 18:00,259,161,98,modified,validated,modified
2026-06-09 18:15,236,145,91,modified,validated,modified
2026-06-09 18:30,199,112,87,modified,validated,modified
2026-06-09 18:45,190,97,93,modified,validated,modified
2026-06-09 19:00,149,73,76,modified,validated,modified
2026-06-09 19:15,140,63,77,modified,validated,modified
2026-06-09 19:30,132,69,63,modified,validated,modified
2026-06-09 19:45,152,81,71,modified,validated,modified
2026-06-09 20:00,131,70,61,modified,validated,modified
2026-06-09 20:15,100,46,54,modified,validated,modified
2026-06-09 20:30,88,42,46,modified,validated,modified
2026-06-09 20:45,93,48,45,modified,validated,modified
2026-06-09 21:00,94,51,43,modified,validated,modified
2026-06-09 21:15,90,46,44,modified,validated,modified
2026-06-09 21:30,85,46,39,modified,validated,modified
2026-06-09 21:45,73,33,40,modified,validated,modified
2026-06-09 22:00,72,34,38,modified,validated,modified
2026-06-09 22:15,73,35,38,modified,validated,modified
2026-06-09 22:30,58,21,37,modified,validated,modified
2026-06-09 22:45,51,24,27,modified,validated,modified
2026-06-09 23:00,47,19,28,modified,validated,modified
2026-06-09 23:15,37,15,22,modified,validated,modified
2026-06-09 23:30,29,11,18,modified,validated,modified
2026-06-09 23:45,29,14,15,modified,validated,modified
2026-06-10 00:00,20,8,12,modified,validated,modified
2026-06-10 00:15,14,6,8,modified,validated,modified
2026-06-10 00:30,12,2,10,modified,validated,modified
2026-06-10 00:45,8,3,5,modified,validated,modified
2026-06-10 01:00,5,0,5,modified,validated,modified
2026-06-10 01:15,7,3,4,modified,validated,modified
2026-06-10 01:30,6,3,3,modified,validated,modified
2026-06-10 01:45,3,0,3,modified,validated,modified
2026-06-10 02:00,2,0,2,modified,validated,modified
2026-06-10 02:15,6,4,2,modified,validated,modified
2026-06-10 02:30,1,0,1,modified,validated,modified
2026-06-10 02:45,1,0,1,modified,validated,modified
2026-06-10 03:00,1,0,1,modified,validated,modified
2026-06-10 03:15,1,0,1,modified,validated,modified
2026-06-10 03:30,1,0,1,modified,validated,modified
2026-06-10 03:45,4,1,3,modified,validated,modified
2026-06-10 04:00,3,2,1,modified,validated,modified
2026-06-10 04:15,3,2,1,modified,validated,modified
2026-06-10 04:30,5,2,3,modified,validated,modified
2026-06-10 04:45,5,1,4,modified,validated,modified
2026-06-10 05:00,8,5,3,modified,validated,modified
2026-06-10 05:15,10,5,5,modified,validated,modified
2026-06-10 05:30,20,7,13,modified,validated,modified
2026-06-10 05:45,24,8,16,modified,validated,modified
2026-06-10 06:00,24,9,15,modified,validated,modified
2026-06-10 06:15,65,32,33,modified,validated,modified
2026-06-10 06:30,69,26,43,modified,validated,modified
2026-06-10 06:45,98,43,55,modified,validated,modified
2026-06-10 07:00,113,39,74,modified,validated,modified
2026-06-10 07:15,196,67,129,modified,validated,modified
2026-06-10 07:30,289,77,212,modified,validated,modified
2026-06-10 07:45,318,115,203,modified,validated,modified
2026-06-10 08:00,247,84,163,modified,validated,modified
2026-06-10 08:15,231,71,160,modified,validated,modified
2026-06-10 08:30,209,56,153,modified,validated,modified
2026-06-10 08:45,236,76,160,modified,validated,modified
2026-06-10 09:00,165,48,117,modified,validated,modified
2026-06-10 09:15,151,44,107,modified,validated,modified
2026-06-10 09:30,163,47,116,modified,validated,modified
2026-06-10 09:45,216,67,149,modified,validated,modified
2026-06-10 10:00,169,51,118,modified,validated,modified
2026-06-10 10:15,138,46,92,modified,validated,modified
2026-06-10 10:30,144,48,96,modified,validated,modified
2026-06-10 10:45,166,61,105,modified,validated,modified
2026-06-10 11:00,138,50,88,modified,validated,modified
2026-06-10 11:15,151,60,91,modified,validated,modified
2026-06-10 11:30,160,68,92,modified,validated,modified
2026-06-10 11:45,190,75,115,modified,validated,modified
2026-06-10 12:00,215,110,105,modified,validated,modified
2026-06-10 12:15,198,102,96,modified,validated,modified
2026-06-10 12:30,202,113,89,modified,validated,modified
2026-06-10 12:45,196,101,95,modified,validated,modified
2026-06-10 13:00,204,117,87,modified,validated,modified
2026-06-10 13:15,186,95,91,modified,validated,modified
2026-06-10 13:30,199,111,88,modified,validated,modified
2026-06-10 13:45,224,122,102,modified,validated,modified
2026-06-10 14:00,202,109,93,modified,validated,modified
2026-06-10 14:15,166,90,76,modified,validated,modified
2026-06-10 14:30,172,95,77,modified,validated,modified
2026-06-10 14:45,193,98,95,modified,validated,modified
2026-06-10 15:00,160,88,72,modified,validated,modified
2026-06-10 15:15,200,125,75,modified,validated,modified
2026-06-10 15:30,232,142,90,modified,validated,modified
2026-06-10 15:45,238,126,112,modified,validated,modified
2026-06-10 16:00,229,127,102,modified,validated,modified
2026-06-10 16:15,240,139,101,modified,validated,modified
2026-06-10 16:30,201,94,107,modified,validated,modified
2026-06-10 16:45,205,85,120,modified,validated,modified
2026-06-10 17:00,200,82,118,modified,validated,modified
2026-06-10 17:15,236,119,117,modified,validated,modified
2026-06-10 17:30,246,126,120,modified,validated,modified
2026-06-10 17:45,282,141,141,modified,validated,modified
2026-06-10 18:00,227,121,106,modified,validated,modified
2026-06-10 18:15,213,113,100,modified,validated,modified
2026-06-10 18:30,187,96,91,modified,validated,modified
2026-06-10 18:45,206,111,95,modified,validated,modified
2026-06-10 19:00,188,105,83,modified,validated,modified
2026-06-10 19:15,187,111,76,modified,validated,modified
2026-06-10 19:30,149,77,72,modified,validated,modified
2026-06-10 19:45,162,89,73,modified,validated,modified
2026-06-10 20:00,144,80,64,modified,validated,modified
2026-06-10 20:15,124,67,57,modified,validated,modified
2026-06-10 20:30,96,42,54,modified,validated,modified
2026-06-10 20:45,97,49,48,modified,validated,modified
2026-06-10 21:00,101,53,48,modified,validated,modified
2026-06-10 21:15,100,56,44,modified,validated,modified
2026-06-10 21:30,104,57,47,modified,validated,modified
2026-06-10 21:45,94,49,45,modified,validated,modified
2026-06-10 22:00,103,61,42,modified,validated,modified
2026-06-10 22:15,95,54,41,modified,validated,modified
2026-06-10 22:30,65,28,37,modified,validated,modified
2026-06-10 22:45,56,25,31,modified,validated,modified
2026-06-10 23:00,46,16,30,modified,validated,modified
2026-06-10 23:15,54,24,30,modified,validated,modified
2026-06-10 23:30,44,20,24,modified,validated,modified
2026-06-10 23:45,33,14,19,modified,validated,modified
2026-06-11 00:00,33,13,20,modified,validated,modified
2026-06-11 00:15,22,7,15,modified,validated,modified
2026-06-11 00:30,19,6,13,modified,validated,modified
2026-06-11 00:45,19,6,13,modified,validated,modified
2026-06-11 01:00,24,13,11,modified,validated,modified
2026-06-11 01:15,16,7,9,modified,validated,modified
2026-06-11 01:30,12,6,6,modified,validated,modified
2026-06-11 01:45,12,4,8,modified,validated,modified
2026-06-11 02:00,8,1,7,modified,validated,modified
2026-06-11 02:15,9,3,6,modified,validated,modified
2026-06-11 02:30,11,4,7,modified,validated,modified
2026-06-11 02:45,6,1,5,modified,validated,modified
2026-06-11 03:00,12,7,5,modified,validated,modified
2026-06-11 03:15,7,3,4,modified,validated,modified
2026-06-11 03:30,4,0,4,modified,validated,modified
2026-06-11 03:45,7,2,5,modified,validated,modified
2026-06-11 04:00,8,3,5,modified,validated,modified
2026-06-11 04:15,5,2,3,modified,validated,modified
2026-06-11 04:30,8,3,5,modified,validated,modified
2026-06-11 04:45,8,4,4,modified,validated,modified
2026-06-11 05:00,12,9,3,modified,validated,modified
2026-06-11 05:15,17,12,5,modified,validated,modified
2026-06-11 05:30,18,6,12,modified,validated,modified
2026-06-11 05:45,22,8,14,modified,validated,modified
2026-06-11 06:00,27,11,16,modified,validated,modified
2026-06-11 06:15,50,20,30,modified,validated,modified
2026-06-11 06:30,59,21,38,modified,validated,modified
2026-06-11 06:45,70,23,47,modified,validated,modified
2026-06-11 07:00,96,36,60,modified,validated,modified
2026-06-11 07:15,169,59,110,modified,validated,modified
2026-06-11 07:30,250,66,184,modified,validated,modified
2026-06-11 07:45,280,93,187,modified,validated,modified
2026-06-11 08:00,232,84,148,modified,validated,modified
2026-06-11 08:15,204,71,133,modified,validated,modified
2026-06-11 08:30,179,49,130,modified,validated,modified
2026-06-11 08:45,209,72,137,modified,validated,modified
2026-06-11 09:00,140,46,94,modified,validated,modified
2026-06-11 09:15,136,48,88,modified,validated,modified
2026-06-11 09:30,142,44,98,modified,validated,modified
2026-06-11 09:45,195,59,136,modified,validated,modified
2026-06-11 10:00,171,68,103,modified,validated,modified
2026-06-11 10:15,132,53,79,modified,validated,modified
2026-06-11 10:30,132,52,80,modified,validated,modified
2026-06-11 10:45,134,51,83,modified,validated,modified
2026-06-11 11:00,125,52,73,modified,validated,modified
2026-06-11 11:15,134,57,77,modified,validated,modified
2026-06-11 11:30,145,61,84,modified,validated,modified
2026-06-11 11:45,175,75,100,modified,validated,modified
2026-06-11 12:00,167,84,83,modified,validated,modified
2026-06-11 12:15,159,69,90,modified,validated,modified
2026-06-11 12:30,170,86,84,modified,validated,modified
2026-06-11 12:45,175,85,90,modified,validated,modified
2026-06-11 13:00,182,96,86,modified,validated,modified
2026-06-11 13:15,182,97,85,modified,validated,modified
2026-06-11 13:30,169,78,91,modified,validated,modified
2026-06-11 13:45,203,99,104,modified,validated,modified
2026-06-11 14:00,219,130,89,modified,validated,modified
2026-06-11 14:15,176,93,83,modified,validated,modified
2026-06-11 14:30,206,121,85,modified,validated,modified
2026-06-11 14:45,184,89,95,modified,validated,modified
2026-06-11 15:00,159,75,84,modified,validated,modified
2026-06-11 15:15,191,109,82,modified,validated,modified
2026-06-11 15:30,225,128,97,modified,validated,modified
2026-06-11 15:45,248,132,116,modified,validated,modified
2026-06-11 16:00,244,137,107,modified,validated,modified
2026-06-11 16:15,232,127,105,modified,validated,modified
2026-06-11 16:30,242,130,112,modified,validated,modified
2026-06-11 16:45,240,121,119,modified,validated,modified
2026-06-11 17:00,257,148,109,modified,validated,modified
2026-06-11 17:15,251,131,120,modified,validated,modified
2026-06-11 17:30,237,127,110,modified,validated,modified
2026-06-11 17:45,275,152,123,modified,validated,modified
2026-06-11 18:00,241,133,108,modified,validated,modified
2026-06-11 18:15,216,118,98,modified,validated,modified
2026-06-11 18:30,199,105,94,modified,validated,modified
2026-06-11 18:45,199,92,107,modified,validated,modified
2026-06-11 19:00,179,98,81,modified,validated,modified
2026-06-11 19:15,168,87,81,modified,validated,modified
2026-06-11 19:30,156,73,83,modified,validated,modified
2026-06-11 19:45,142,66,76,modified,validated,modified
2026-06-11 20:00,123,65,58,modified,validated,modified
2026-06-11 20:15,106,51,55,modified,validated,modified
2026-06-11 20:30,104,53,51,modified,validated,modified
2026-06-11 20:45,95,49,46,modified,validated,modified
2026-06-11 21:00,87,39,48,modified,validated,modified
2026-06-11 21:15,89,45,44,modified,validated,modified
2026-06-11 21:30,90,46,44,modified,validated,modified
2026-06-11 21:45,59,18,41,modified,validated,modified
2026-06-11 22:00,76,32,44,modified,validated,modified
2026-06-11 22:15,73,31,42,modified,validated,modified
2026-06-11 22:30,72,32,40,modified,validated,modified
2026-06-11 22:45,72,36,36,modified,validated,modified
2026-06-11 23:00,54,22,32,modified,validated,modified
2026-06-11 23:15,47,19,28,modified,validated,modified
2026-06-11 23:30,39,16,23,modified,validated,modified
2026-06-11 23:45,26,8,18,modified,validated,modified
2026-06-12 00:00,22,9,13,modified,validated,modified
2026-06-12 00:15,13,3,10,modified,validated,modified
2026-06-12 00:30,15,6,9,modified,validated,modified
2026-06-12 00:45,9,3,6,modified,validated,modified
2026-06-12 01:00,9,2,7,modified,validated,modified
2026-06-12 01:15,10,5,5,modified,validated,modified
2026-06-12 01:30,8,3,5,modified,validated,modified
2026-06-12 01:45,8,4,4,modified,validated,modified
2026-06-12 02:00,4,1,3,modified,validated,modified
2026-06-12 02:15,4,1,3,modified,validated,modified
2026-06-12 02:30,5,2,3,modified,validated,modified
2026-06-12 02:45,3,1,2,modified,validated,modified
2026-06-12 03:00,4,2,2,modified,validated,modified
2026-06-12 03:15,3,1,2,modified,validated,modified
2026-06-12 03:30,1,0,1,modified,validated,modified
2026-06-12 03:45,2,0,2,modified,validated,modified
2026-06-12 04:00,3,1,2,modified,validated,modified
2026-06-12 04:15,4,3,1,modified,validated,modified
2026-06-12 04:30,3,0,3,modified,validated,modified
2026-06-12 04:45,5,2,3,modified,validated,modified
2026-06-12 05:00,4,2,2,modified,validated,modified
2026-06-12 05:15,9,5,4,modified,validated,modified
2026-06-12 05:30,8,0,8,modified,validated,modified
2026-06-12 05:45,15,5,10,modified,validated,modified
2026-06-12 06:00,24,10,14,modified,validated,modified
2026-06-12 06:15,38,13,25,modified,validated,modified
2026-06-12 06:30,43,14,29,modified,validated,modified
2026-06-12 06:45,59,23,36,modified,validated,modified
2026-06-12 07:00,69,18,51,modified,validated,modified
2026-06-12 07:15,125,38,87,modified,validated,modified
2026-06-12 07:30,218,56,162,modified,validated,modified
2026-06-12 07:45,208,75,133,modified,validated,modified
2026-06-12 08:00,148,44,104,modified,validated,modified
2026-06-12 08:15,138,39,99,modified,validated,modified
2026-06-12 08:30,138,40,98,modified,validated,modified
2026-06-12 08:45,160,46,114,modified,validated,modified
2026-06-12 09:00,121,41,80,modified,validated,modified
2026-06-12 09:15,119,43,76,modified,validated,modified
2026-06-12 09:30,118,33,85,modified,validated,modified
2026-06-12 09:45,168,52,116,modified,validated,modified
2026-06-12 10:00,116,39,77,modified,validated,modified
2026-06-12 10:15,114,39,75,modified,validated,modified
2026-06-12 10:30,109,33,76,modified,validated,modified
2026-06-12 10:45,129,43,86,modified,validated,modified
2026-06-12 11:00,125,49,76,modified,validated,modified
2026-06-12 11:15,123,47,76,modified,validated,modified
2026-06-12 11:30,122,45,77,modified,validated,modified
2026-06-12 11:45,151,59,92,modified,validated,modified
2026-06-12 12:00,143,61,82,modified,validated,modified
2026-06-12 12:15,139,59,80,modified,validated,modified
2026-06-12 12:30,184,108,76,modified,validated,modified
2026-06-12 12:45,175,85,90,modified,validated,modified
2026-06-12 13:00,177,99,78,modified,validated,modified
2026-06-12 13:15,191,99,92,modified,validated,modified
2026-06-12 13:30,158,76,82,modified,validated,modified
2026-06-12 13:45,197,103,94,modified,validated,modified
2026-06-12 14:00,173,86,87,modified,validated,modified
2026-06-12 14:15,178,87,91,modified,validated,modified
2026-06-12 14:30,175,93,82,modified,validated,modified
2026-06-12 14:45,155,67,88,modified,validated,modified
2026-06-12 15:00,176,96,80,modified,validated,modified
2026-06-12 15:15,187,109,78,modified,validated,modified
2026-06-12 15:30,186,105,81,modified,validated,modified
2026-06-12 15:45,177,90,87,modified,validated,modified
2026-06-12 16:00,180,92,88,modified,validated,modified
2026-06-12 16:15,159,74,85,modified,validated,modified
2026-06-12 16:30,141,62,79,modified,validated,modified
2026-06-12 16:45,181,95,86,modified,validated,modified
2026-06-12 17:00,195,112,83,modified,validated,modified
2026-06-12 17:15,163,82,81,modified,validated,modified
2026-06-12 17:30,167,86,81,modified,validated,modified
2026-06-12 17:45,178,81,97,modified,validated,modified
2026-06-12 18:00,188,107,81,modified,validated,modified
2026-06-12 18:15,181,103,78,modified,validated,modified
2026-06-12 18:30,161,84,77,modified,validated,modified
2026-06-12 18:45,173,83,90,modified,validated,modified
2026-06-12 19:00,170,91,79,modified,validated,modified
2026-06-12 19:15,161,90,71,modified,validated,modified
2026-06-12 19:30,150,84,66,modified,validated,modified
2026-06-12 19:45,147,77,70,modified,validated,modified
2026-06-12 20:00,136,70,66,modified,validated,modified
2026-06-12 20:15,117,61,56,modified,validated,modified
2026-06-12 20:30,106,57,49,modified,validated,modified
2026-06-12 20:45,99,53,46,modified,validated,modified
2026-06-12 21:00,96,48,48,modified,validated,modified
2026-06-12 21:15,97,53,44,modified,validated,modified
2026-06-12 21:30,91,51,40,modified,validated,modified
2026-06-12 21:45,96,52,44,modified,validated,modified
2026-06-12 22:00,100,62,38,modified,validated,modified
2026-06-12 22:15,93,50,43,modified,validated,modified
2026-06-12 22:30,70,35,35,modified,validated,modified
2026-06-12 22:45,58,23,35,modified,validated,modified
2026-06-12 23:00,70,34,36,modified,validated,modified
2026-06-12 23:15,75,41,34,modified,validated,modified
2026-06-12 23:30,66,37,29,modified,validated,modified
2026-06-12 23:45,53,24,29,modified,validated,modified
2026-06-13 00:00,62,30,32,modified,validated,modified
2026-06-13 00:15,54,26,28,modified,validated,modified
2026-06-13 00:30,58,35,23,modified,validated,modified
2026-06-13 00:45,36,15,21,modified,validated,modified
2026-06-13 01:00,38,17,21,modified,validated,modified
2026-06-13 01:15,26,9,17,modified,validated,modified
2026-06-13 01:30,28,11,17,modified,validated,modified
2026-06-13 01:45,24,9,15,modified,validated,modified
2026-06-13 02:00,27,13,14,modified,validated,modified
2026-06-13 02:15,20,9,11,modified,validated,modified
2026-06-13 02:30,23,14,9,modified,validated,modified
2026-06-13 02:45,19,10,9,modified,validated,modified
2026-06-13 03:00,13,4,9,modified,validated,modified
2026-06-13 03:15,9,3,6,modified,validated,modified
2026-06-13 03:30,17,10,7,modified,validated,modified
2026-06-13 03:45,11,5,6,modified,validated,modified
2026-06-13 04:00,4,0,4,modified,validated,modified
2026-06-13 04:15,11,5,6,modified,validated,modified
2026-06-13 04:30,9,4,5,modified,validated,modified
2026-06-13 04:45,7,2,5,modified,validated,modified
2026-06-13 05:00,4,1,3,modified,validated,modified
2026-06-13 05:15,7,2,5,modified,validated,modified
2026-06-13 05:30,10,3,7,modified,validated,modified
2026-06-13 05:45,10,1,9,modified,validated,modified
2026-06-13 06:00,12,3,9,modified,validated,modified
2026-06-13 06:15,9,0,9,modified,validated,modified
2026-06-13 06:30,17,8,9,modified,validated,modified
2026-06-13 06:45,14,5,9,modified,validated,modified
2026-06-13 07:00,20,9,11,modified,validated,modified
2026-06-13 07:15,28,9,19,modified,validated,modified
2026-06-13 07:30,35,12,23,modified,validated,modified
2026-06-13 07:45,45,9,36,modified,validated,modified
2026-06-13 08:00,48,19,29,modified,validated,modified
2026-06-13 08:15,48,13,35,modified,validated,modified
2026-06-13 08:30,67,23,44,modified,validated,modified
2026-06-13 08:45,89,30,59,modified,validated,modified
2026-06-13 09:00,88,34,54,modified,validated,modified
2026-06-13 09:15,106,36,70,modified,validated,modified
2026-06-13 09:30,122,40,82,modified,validated,modified
2026-06-13 09:45,162,42,120,modified,validated,modified
2026-06-13 10:00,149,51,98,modified,validated,modified
2026-06-13 10:15,167,58,109,modified,validated,modified
2026-06-13 10:30,155,50,105,modified,validated,modified
2026-06-13 10:45,173,46,127,modified,validated,modified
2026-06-13 11:00,184,74,110,modified,validated,modified
2026-06-13 11:15,176,60,116,modified,validated,modified
2026-06-13 11:30,179,65,114,modified,validated,modified
2026-06-13 11:45,192,75,117,modified,validated,modified
2026-06-13 12:00,175,69,106,modified,validated,modified
2026-06-13 12:15,196,87,109,modified,validated,modified
2026-06-13 12:30,178,72,106,modified,validated,modified
2026-06-13 12:45,195,89,106,modified,validated,modified
2026-06-13 13:00,198,103,95,modified,validated,modified
2026-06-13 13:15,189,101,88,modified,validated,modified
2026-06-13 13:30,198,102,96,modified,validated,modified
2026-06-13 13:45,191,103,88,modified,validated,modified
2026-06-13 14:00,202,113,89,modified,validated,modified
2026-06-13 14:15,201,118,83,modified,validated,modified
2026-06-13 14:30,163,91,72,modified,validated,modified
2026-06-13 14:45,190,104,86,modified,validated,modified
2026-06-13 15:00,195,113,82,modified,validated,modified
2026-06-13 15:15,174,104,70,modified,validated,modified
2026-06-13 15:30,140,68,72,modified,validated,modified
2026-06-13 15:45,172,91,81,modified,validated,modified
2026-06-13 16:00,164,102,62,modified,validated,modified
2026-06-13 16:15,148,81,67,modified,validated,modified
2026-06-13 16:30,151,84,67,modified,validated,modified
2026-06-13 16:45,155,82,73,modified,validated,modified
2026-06-13 17:00,140,80,60,modified,validated,modified
2026-06-13 17:15,148,85,63,modified,validated,modified
2026-06-13 17:30,147,78,69,modified,validated,modified
2026-06-13 17:45,183,100,83,modified,validated,modified
2026-06-13 18:00,147,75,72,modified,validated,modified
2026-06-13 18:15,151,86,65,modified,validated,modified
2026-06-13 18:30,132,65,67,modified,validated,modified
2026-06-13 18:45,131,59,72,modified,validated,modified
2026-06-13 19:00,128,66,62,modified,validated,modified
2026-06-13 19:15,136,71,65,modified,validated,modified
2026-06-13 19:30,115,58,57,modified,validated,modified
2026-06-13 19:45,118,60,58,modified,validated,modified
2026-06-13 20:00,104,53,51,modified,validated,modified
2026-06-13 20:15,104,62,42,modified,validated,modified
2026-06-13 20:30,92,45,47,modified,validated,modified
2026-06-13 20:45,72,30,42,modified,validated,modified
2026-06-13 21:00,70,30,40,modified,validated,modified
2026-06-13 21:15,66,25,41,modified,validated,modified
2026-06-13 21:30,67,29,38,modified,validated,modified
2026-06-13 21:45,71,35,36,modified,validated,modified
2026-06-13 22:00,68,30,38,modified,validated,modified
2026-06-13 22:15,65,26,39,modified,validated,modified
2026-06-13 22:30,73,36,37,modified,validated,modified
2026-06-13 22:45,73,37,36,modified,validated,modified
2026-06-13 23:00,73,33,40,modified,validated,modified
2026-06-13 23:15,59,22,37,modified,validated,modified
2026-06-13 23:30,68,34,34,modified,validated,modified
2026-06-13 23:45,54,23,31,modified,validated,modified
2026-06-14 00:00,64,25,39,modified,validated,modified
2026-06-14 00:15,66,29,37,modified,validated,modified
2026-06-14 00:30,58,28,30,modified,validated,modified
2026-06-14 00:45,38,11,27,modified,validated,modified
2026-06-14 01:00,52,26,26,modified,validated,modified
2026-06-14 01:15,36,10,26,modified,validated,modified
2026-06-14 01:30,35,11,24,modified,validated,modified
2026-06-14 01:45,27,6,21,modified,validated,modified
2026-06-14 02:00,25,7,18,modified,validated,modified
2026-06-14 02:15,40,23,17,modified,validated,modified
2026-06-14 02:30,26,10,16,modified,validated,modified
2026-06-14 02:45,23,11,12,modified,validated,modified
2026-06-14 03:00,24,13,11,modified,validated,modified
2026-06-14 03:15,14,5,9,modified,validated,modified
2026-06-14 03:30,17,9,8,modified,validated,modified
2026-06-14 03:45,11,0,11,modified,validated,modified
2026-06-14 04:00,13,3,10,modified,validated,modified
2026-06-14 04:15,7,0,7,modified,validated,modified
2026-06-14 04:30,8,0,8,modified,validated,modified
2026-06-14 04:45,7,1,6,modified,validated,modified
2026-06-14 05:00,4,0,4,modified,validated,modified
2026-06-14 05:15,7,1,6,modified,validated,modified
2026-06-14 05:30,14,4,10,modified,validated,modified
2026-06-14 05:45,8,2,6,modified,validated,modified
2026-06-14 06:00,9,2,7,modified,validated,modified
2026-06-14 06:15,8,2,6,modified,validated,modified
2026-06-14 06:30,11,4,7,modified,validated,modified
2026-06-14 06:45,6,2,4,modified,validated,modified
2026-06-14 07:00,8,4,4,modified,validated,modified
2026-06-14 07:15,9,4,5,modified,validated,modified
2026-06-14 07:30,15,7,8,modified,validated,modified
2026-06-14 07:45,21,8,13,modified,validated,modified
2026-06-14 08:00,13,4,9,modified,validated,modified
2026-06-14 08:15,20,8,12,modified,validated,modified
2026-06-14 08:30,21,7,14,modified,validated,modified
2026-06-14 08:45,33,14,19,modified,validated,modified
2026-06-14 09:00,40,19,21,modified,validated,modified
2026-06-14 09:15,37,16,21,modified,validated,modified
2026-06-14 09:30,51,21,30,modified,validated,modified
2026-06-14 09:45,80,28,52,modified,validated,modified
2026-06-14 10:00,67,23,44,modified,validated,modified
2026-06-14 10:15,73,30,43,modified,validated,modified
2026-06-14 10:30,87,41,46,modified,validated,modified
2026-06-14 10:45,77,23,54,modified,validated,modified
2026-06-14 11:00,75,29,46,modified,validated,modified
2026-06-14 11:15,80,30,50,modified,validated,modified
2026-06-14 11:30,96,40,56,modified,validated,modified
2026-06-14 11:45,93,33,60,modified,validated,modified
2026-06-14 12:00,90,35,55,modified,validated,modified
2026-06-14 12:15,83,26,57,modified,validated,modified
2026-06-14 12:30,108,44,64,modified,validated,modified
2026-06-14 12:45,107,42,65,modified,validated,modified
2026-06-14 13:00,110,50,60,modified,validated,modified
2026-06-14 13:15,102,38,64,modified,validated,modified
2026-06-14 13:30,116,52,64,modified,validated,modified
2026-06-14 13:45,111,37,74,modified,validated,modified
2026-06-14 14:00,116,40,76,modified,validated,modified
2026-06-14 14:15,119,45,74,modified,validated,modified
2026-06-14 14:30,121,48,73,modified,validated,modified
2026-06-14 14:45,115,33,82,modified,validated,modified
2026-06-14 15:00,121,47,74,modified,validated,modified
2026-06-14 15:15,129,58,71,modified,validated,modified
2026-06-14 15:30,121,50,71,modified,validated,modified
2026-06-14 15:45,127,57,70,modified,validated,modified
2026-06-14 16:00,132,63,69,modified,validated,modified
2026-06-14 16:15,148,82,66,modified,validated,modified
2026-06-14 16:30,170,100,70,modified,validated,modified
2026-06-14 16:45,163,90,73,modified,validated,modified
2026-06-14 17:00,132,66,66,modified,validated,modified
2026-06-14 17:15,142,71,71,modified,validated,modified
2026-06-14 17:30,156,81,75,modified,validated,modified
2026-06-14 17:45,179,102,77,modified,validated,modified
2026-06-14 18:00,169,97,72,modified,validated,modified
2026-06-14 18:15,161,94,67,modified,validated,modified
2026-06-14 18:30,145,82,63,modified,validated,modified
2026-06-14 18:45,128,58,70,modified,validated,modified
2026-06-14 19:00,98,33,65,modified,validated,modified
2026-06-14 19:15,104,42,62,modified,validated,modified
2026-06-14 19:30,86,33,53,modified,validated,modified
2026-06-14 19:45,77,23,54,modified,validated,modified
2026-06-14 20:00,94,39,55,modified,validated,modified
2026-06-14 20:15,70,24,46,modified,validated,modified
2026-06-14 20:30,69,26,43,modified,validated,modified
2026-06-14 20:45,58,21,37,modified,validated,modified
2026-06-14 21:00,114,77,37,modified,validated,modified
2026-06-14 21:15,157,121,36,modified,validated,modified
2026-06-14 21:30,100,71,29,modified,validated,modified
2026-06-14 21:45,87,60,27,modified,validated,modified
2026-06-14 22:00,52,23,29,modified,validated,modified
2026-06-14 22:15,53,28,25,modified,validated,modified
2026-06-14 22:30,51,29,22,modified,validated,modified
2026-06-14 22:45,44,26,18,modified,validated,modified
2026-06-14 23:00,38,22,16,modified,validated,modified
2026-06-14 23:15,28,14,14,modified,validated,modified
2026-06-14 23:30,23,9,14,modified,validated,modified
2026-06-14 23:45,22,12,10,modified,validated,modified
2026-06-15 00:00,14,7,7,modified,validated,modified
2026-06-15 00:15,11,4,7,modified,validated,modified
2026-06-15 00:30,9,4,5,modified,validated,modified
2026-06-15 00:45,8,4,4,modified,validated,modified
2026-06-15 01:00,7,5,2,modified,validated,modified
2026-06-15 01:15,3,1,2,modified,validated,modified
2026-06-15 01:30,4,2,2,modified,validated,modified
2026-06-15 01:45,3,1,2,modified,validated,modified
2026-06-15 02:00,3,1,2,modified,validated,modified
2026-06-15 02:15,3,2,1,modified,validated,modified
2026-06-15 02:30,1,0,1,modified,validated,modified
2026-06-15 02:45,0,0,0,validated,validated,validated
2026-06-15 03:00,2,1,1,modified,validated,modified
2026-06-15 03:15,1,0,1,modified,validated,modified
2026-06-15 03:30,2,1,1,modified,validated,modified
2026-06-15 03:45,3,1,2,modified,validated,modified
2026-06-15 04:00,2,1,1,modified,validated,modified
2026-06-15 04:15,0,0,0,validated,validated,validated
2026-06-15 04:30,5,2,3,modified,validated,modified
2026-06-15 04:45,7,4,3,modified,validated,modified
2026-06-15 05:00,11,9,2,modified,validated,modified
2026-06-15 05:15,12,6,6,modified,validated,modified
2026-06-15 05:30,19,7,12,modified,validated,modified
2026-06-15 05:45,24,10,14,modified,validated,modified
2026-06-15 06:00,24,9,15,modified,validated,modified
2026-06-15 06:15,53,24,29,modified,validated,modified
2026-06-15 06:30,64,24,40,modified,validated,modified
2026-06-15 06:45,79,32,47,modified,validated,modified
2026-06-15 07:00,96,31,65,modified,validated,modified
2026-06-15 07:15,180,62,118,modified,validated,modified
2026-06-15 07:30,259,71,188,modified,validated,modified
2026-06-15 07:45,267,84,183,modified,validated,modified
2026-06-15 08:00,219,74,145,modified,validated,modified
2026-06-15 08:15,187,59,128,modified,validated,modified
2026-06-15 08:30,190,58,132,modified,validated,modified
2026-06-15 08:45,193,56,137,modified,validated,modified
2026-06-15 09:00,147,45,102,modified,validated,modified
2026-06-15 09:15,128,36,92,modified,validated,modified
2026-06-15 09:30,143,43,100,modified,validated,modified
2026-06-15 09:45,168,37,131,modified,validated,modified
2026-06-15 10:00,152,47,105,modified,validated,modified
2026-06-15 10:15,114,31,83,modified,validated,modified
2026-06-15 10:30,117,39,78,modified,validated,modified
2026-06-15 10:45,133,44,89,modified,validated,modified
2026-06-15 11:00,113,41,72,modified,validated,modified
2026-06-15 11:15,127,44,83,modified,validated,modified
2026-06-15 11:30,128,44,84,modified,validated,modified
2026-06-15 11:45,155,54,101,modified,validated,modified
2026-06-15 12:00,146,61,85,modified,validated,modified
2026-06-15 12:15,157,74,83,modified,validated,modified
2026-06-15 12:30,158,81,77,modified,validated,modified
2026-06-15 12:45,159,76,83,modified,validated,modified
2026-06-15 13:00,187,104,83,modified,validated,modified
2026-06-15 13:15,173,96,77,modified,validated,modified
2026-06-15 13:30,147,65,82,modified,validated,modified
2026-06-15 13:45,188,89,99,modified,validated,modified
2026-06-15 14:00,191,105,86,modified,validated,modified
2026-06-15 14:15,162,83,79,modified,validated,modified
2026-06-15 14:30,168,80,88,modified,validated,modified
2026-06-15 14:45,184,83,101,modified,validated,modified
2026-06-15 15:00,195,111,84,modified,validated,modified
2026-06-15 15:15,156,72,84,modified,validated,modified
2026-06-15 15:30,207,116,91,modified,validated,modified
2026-06-15 15:45,229,120,109,modified,validated,modified
2026-06-15 16:00,219,110,109,modified,validated,modified
2026-06-15 16:15,227,120,107,modified,validated,modified
2026-06-15 16:30,238,131,107,modified,validated,modified
2026-06-15 16:45,246,137,109,modified,validated,modified
2026-06-15 17:00,234,125,109,modified,validated,modified
2026-06-15 17:15,231,120,111,modified,validated,modified
2026-06-15 17:30,238,126,112,modified,validated,modified
2026-06-15 17:45,269,151,118,modified,validated,modified
2026-06-15 18:00,229,128,101,modified,validated,modified
2026-06-15 18:15,201,104,97,modified,validated,modified
2026-06-15 18:30,204,121,83,modified,validated,modified
2026-06-15 18:45,175,91,84,modified,validated,modified
2026-06-15 19:00,156,83,73,modified,validated,modified
2026-06-15 19:15,156,87,69,modified,validated,modified
2026-06-15 19:30,138,73,65,modified,validated,modified
2026-06-15 19:45,160,93,67,modified,validated,modified
2026-06-15 20:00,134,75,59,modified,validated,modified
2026-06-15 20:15,127,75,52,modified,validated,modified
2026-06-15 20:30,82,35,47,modified,validated,modified
2026-06-15 20:45,89,45,44,modified,validated,modified
2026-06-15 21:00,98,61,37,modified,validated,modified
2026-06-15 21:15,100,56,44,modified,validated,modified
2026-06-15 21:30,85,50,35,modified,validated,modified
2026-06-15 21:45,83,49,34,modified,validated,modified
2026-06-15 22:00,71,38,33,modified,validated,modified
2026-06-15 22:15,64,34,30,modified,validated,modified
2026-06-15 22:30,62,31,31,modified,validated,modified
2026-06-15 22:45,42,18,24,modified,validated,modified
2026-06-15 23:00,36,18,18,modified,validated,modified
2026-06-15 23:15,37,19,18,modified,validated,modified
2026-06-15 23:30,18,7,11,modified,validated,modified
2026-06-15 23:45,16,5,11,modified,validated,modified
2026-06-16 00:00,14,5,9,modified,validated,modified
2026-06-16 00:15,11,5,6,modified,validated,modified
2026-06-16 00:30,11,5,6,modified,validated,modified
2026-06-16 00:45,9,5,4,modified,validated,modified
2026-06-16 01:00,4,1,3,modified,validated,modified
2026-06-16 01:15,6,2,4,modified,validated,modified
2026-06-16 01:30,3,1,2,modified,validated,modified
2026-06-16 01:45,2,0,2,modified,validated,modified
2026-06-16 02:00,4,2,2,modified,validated,modified
2026-06-16 02:15,2,1,1,modified,validated,modified
2026-06-16 02:30,5,4,1,modified,validated,modified
2026-06-16 02:45,2,1,1,modified,validated,modified
2026-06-16 03:00,1,0,1,modified,validated,modified
2026-06-16 03:15,1,0,1,modified,validated,modified
2026-06-16 03:30,1,0,1,modified,validated,modified
2026-06-16 03:45,3,1,2,modified,validated,modified
2026-06-16 04:00,3,2,1,modified,validated,modified
2026-06-16 04:15,1,0,1,modified,validated,modified
2026-06-16 04:30,5,2,3,modified,validated,modified
2026-06-16 04:45,6,3,3,modified,validated,modified
2026-06-16 05:00,11,9,2,modified,validated,modified
2026-06-16 05:15,12,5,7,modified,validated,modified
2026-06-16 05:30,22,8,14,modified,validated,modified
2026-06-16 05:45,31,15,16,modified,validated,modified
2026-06-16 06:00,24,7,17,modified,validated,modified
2026-06-16 06:15,55,20,35,modified,validated,modified
2026-06-16 06:30,66,22,44,modified,validated,modified
2026-06-16 06:45,102,42,60,modified,validated,modified
2026-06-16 07:00,112,37,75,modified,validated,modified
2026-06-16 07:15,170,44,126,modified,validated,modified
2026-06-16 07:30,312,96,216,modified,validated,modified
2026-06-16 07:45,319,99,220,modified,validated,modified
2026-06-16 08:00,246,67,179,modified,validated,modified
2026-06-16 08:15,245,73,172,modified,validated,modified
2026-06-16 08:30,219,56,163,modified,validated,modified
2026-06-16 08:45,235,71,164,modified,validated,modified
2026-06-16 09:00,161,56,105,modified,validated,modified
2026-06-16 09:15,146,48,98,modified,validated,modified
2026-06-16 09:30,168,53,115,modified,validated,modified
2026-06-16 09:45,222,63,159,modified,validated,modified
2026-06-16 10:00,173,47,126,modified,validated,modified
2026-06-16 10:15,121,38,83,modified,validated,modified
2026-06-16 10:30,136,51,85,modified,validated,modified
2026-06-16 10:45,140,48,92,modified,validated,modified
2026-06-16 11:00,136,52,84,modified,validated,modified
2026-06-16 11:15,142,57,85,modified,validated,modified
2026-06-16 11:30,138,53,85,modified,validated,modified
2026-06-16 11:45,192,82,110,modified,validated,modified
2026-06-16 12:00,200,100,100,modified,validated,modified
2026-06-16 12:15,172,82,90,modified,validated,modified
2026-06-16 12:30,173,84,89,modified,validated,modified
2026-06-16 12:45,176,77,99,modified,validated,modified
2026-06-16 13:00,199,110,89,modified,validated,modified
2026-06-16 13:15,198,104,94,modified,validated,modified
2026-06-16 13:30,175,83,92,modified,validated,modified
2026-06-16 13:45,210,97,113,modified,validated,modified
2026-06-16 14:00,210,113,97,modified,validated,modified
2026-06-16 14:15,179,82,97,modified,validated,modified
2026-06-16 14:30,185,93,92,modified,validated,modified
2026-06-16 14:45,214,104,110,modified,validated,modified
2026-06-16 15:00,196,103,93,modified,validated,modified
2026-06-16 15:15,214,115,99,modified,validated,modified
2026-06-16 15:30,234,122,112,modified,validated,modified
2026-06-16 15:45,282,162,120,modified,validated,modified
2026-06-16 16:00,258,146,112,modified,validated,modified
2026-06-16 16:15,277,158,119,modified,validated,modified
2026-06-16 16:30,237,116,121,modified,validated,modified
2026-06-16 16:45,271,130,141,modified,validated,modified
2026-06-16 17:00,279,156,123,modified,validated,modified
2026-06-16 17:15,287,165,122,modified,validated,modified
2026-06-16 17:30,280,152,128,modified,validated,modified
2026-06-16 17:45,294,156,138,modified,validated,modified
2026-06-16 18:00,264,147,117,modified,validated,modified
2026-06-16 18:15,274,166,108,modified,validated,modified
2026-06-16 18:30,219,116,103,modified,validated,modified
2026-06-16 18:45,229,119,110,modified,validated,modified
2026-06-16 19:00,192,102,90,modified,validated,modified
2026-06-16 19:15,195,104,91,modified,validated,modified
2026-06-16 19:30,159,84,75,modified,validated,modified
2026-06-16 19:45,188,103,85,modified,validated,modified
2026-06-16 20:00,179,107,72,modified,validated,modified
2026-06-16 20:15,137,73,64,modified,validated,modified
2026-06-16 20:30,110,55,55,modified,validated,modified
2026-06-16 20:45,102,48,54,modified,validated,modified
2026-06-16 21:00,113,61,52,modified,validated,modified
2026-06-16 21:15,98,46,52,modified,validated,modified
2026-06-16 21:30,110,64,46,modified,validated,modified
2026-06-16 21:45,97,50,47,modified,validated,modified
2026-06-16 22:00,94,49,45,modified,validated,modified
2026-06-16 22:15,86,41,45,modified,validated,modified
2026-06-16 22:30,77,33,44,modified,validated,modified
2026-06-16 22:45,65,33,32,modified,validated,modified
2026-06-16 23:00,53,20,33,modified,validated,modified
2026-06-16 23:15,51,25,26,modified,validated,modified
2026-06-16 23:30,43,22,21,modified,validated,modified
2026-06-16 23:45,29,12,17,modified,validated,modified
2026-06-17 00:00,17,4,13,modified,validated,modified
2026-06-17 00:15,19,10,9,modified,validated,modified
2026-06-17 00:30,23,12,11,modified,validated,modified
2026-06-17 00:45,10,4,6,modified,validated,modified
2026-06-17 01:00,10,4,6,modified,validated,modified
2026-06-17 01:15,7,3,4,modified,validated,modified
2026-06-17 01:30,6,3,3,modified,validated,modified
2026-06-17 01:45,4,1,3,modified,validated,modified
2026-06-17 02:00,7,5,2,modified,validated,modified
2026-06-17 02:15,9,7,2,modified,validated,modified
2026-06-17 02:30,2,1,1,modified,validated,modified
2026-06-17 02:45,1,0,1,modified,validated,modified
2026-06-17 03:00,2,1,1,modified,validated,modified
2026-06-17 03:15,3,2,1,modified,validated,modified
2026-06-17 03:30,1,0,1,modified,validated,modified
2026-06-17 03:45,4,1,3,modified,validated,modified
2026-06-17 04:00,1,0,1,modified,validated,modified
2026-06-17 04:15,2,1,1,modified,validated,modified
2026-06-17 04:30,5,2,3,modified,validated,modified
2026-06-17 04:45,4,0,4,modified,validated,modified
2026-06-17 05:00,11,8,3,modified,validated,modified
2026-06-17 05:15,15,10,5,modified,validated,modified
2026-06-17 05:30,23,8,15,modified,validated,modified
2026-06-17 05:45,30,12,18,modified,validated,modified
2026-06-17 06:00,20,4,16,modified,validated,modified
2026-06-17 06:15,58,22,36,modified,validated,modified
2026-06-17 06:30,73,26,47,modified,validated,modified
2026-06-17 06:45,108,48,60,modified,validated,modified
2026-06-17 07:00,125,43,82,modified,validated,modified
2026-06-17 07:15,198,55,143,modified,validated,modified
2026-06-17 07:30,316,82,234,modified,validated,modified
2026-06-17 07:45,324,101,223,modified,validated,modified
2026-06-17 08:00,252,72,180,modified,validated,modified
2026-06-17 08:15,239,63,176,modified,validated,modified
2026-06-17 08:30,233,64,169,modified,validated,modified
2026-06-17 08:45,268,91,177,modified,validated,modified
2026-06-17 09:00,176,46,130,modified,validated,modified
2026-06-17 09:15,178,60,118,modified,validated,modified
2026-06-17 09:30,169,41,128,modified,validated,modified
2026-06-17 09:45,213,49,164,modified,validated,modified
2026-06-17 10:00,187,57,130,modified,validated,modified
2026-06-17 10:15,158,57,101,modified,validated,modified
2026-06-17 10:30,159,53,106,modified,validated,modified
2026-06-17 10:45,168,52,116,modified,validated,modified
2026-06-17 11:00,163,65,98,modified,validated,modified
2026-06-17 11:15,159,58,101,modified,validated,modified
2026-06-17 11:30,174,72,102,modified,validated,modified
2026-06-17 11:45,207,80,127,modified,validated,modified
2026-06-17 12:00,224,108,116,modified,validated,modified
2026-06-17 12:15,189,84,105,modified,validated,modified
2026-06-17 12:30,218,120,98,modified,validated,modified
2026-06-17 12:45,198,93,105,modified,validated,modified
2026-06-17 13:00,207,111,96,modified,validated,modified
2026-06-17 13:15,225,125,100,modified,validated,modified
2026-06-17 13:30,200,103,97,modified,validated,modified
2026-06-17 13:45,248,135,113,modified,validated,modified
2026-06-17 14:00,212,109,103,modified,validated,modified
2026-06-17 14:15,192,108,84,modified,validated,modified
2026-06-17 14:30,181,96,85,modified,validated,modified
2026-06-17 14:45,220,116,104,modified,validated,modified
2026-06-17 15:00,185,106,79,modified,validated,modified
2026-06-17 15:15,186,104,82,modified,validated,modified
2026-06-17 15:30,224,125,99,modified,validated,modified
2026-06-17 15:45,252,129,123,modified,validated,modified
2026-06-17 16:00,258,146,112,modified,validated,modified
2026-06-17 16:15,256,144,112,modified,validated,modified
2026-06-17 16:30,253,136,117,modified,validated,modified
2026-06-17 16:45,275,143,132,modified,validated,modified
2026-06-17 17:00,275,145,130,modified,validated,modified
2026-06-17 17:15,250,121,129,modified,validated,modified
2026-06-17 17:30,257,125,132,modified,validated,modified
2026-06-17 17:45,319,164,155,modified,validated,modified
2026-06-17 18:00,274,157,117,modified,validated,modified
2026-06-17 18:15,238,127,111,modified,validated,modified
2026-06-17 18:30,233,132,101,modified,validated,modified
2026-06-17 18:45,227,122,105,modified,validated,modified
2026-06-17 19:00,226,134,92,modified,validated,modified
2026-06-17 19:15,198,114,84,modified,validated,modified
2026-06-17 19:30,195,116,79,modified,validated,modified
2026-06-17 19:45,188,108,80,modified,validated,modified
2026-06-17 20:00,165,94,71,modified,validated,modified
2026-06-17 20:15,132,69,63,modified,validated,modified
2026-06-17 20:30,134,74,60,modified,validated,modified
2026-06-17 20:45,97,44,53,modified,validated,modified
2026-06-17 21:00,113,61,52,modified,validated,modified
2026-06-17 21:15,124,75,49,modified,validated,modified
2026-06-17 21:30,118,66,52,modified,validated,modified
2026-06-17 21:45,97,47,50,modified,validated,modified
2026-06-17 22:00,95,49,46,modified,validated,modified
2026-06-17 22:15,99,54,45,modified,validated,modified
2026-06-17 22:30,88,48,40,modified,validated,modified
2026-06-17 22:45,68,33,35,modified,validated,modified
2026-06-17 23:00,70,37,33,modified,validated,modified
2026-06-17 23:15,55,22,33,modified,validated,modified
2026-06-17 23:30,47,20,27,modified,validated,modified
2026-06-17 23:45,33,12,21,modified,validated,modified
2026-06-18 00:00,46,22,24,modified,validated,modified
2026-06-18 00:15,29,11,18,modified,validated,modified
2026-06-18 00:30,29,13,16,modified,validated,modified
2026-06-18 00:45,19,4,15,modified,validated,modified
2026-06-18 01:00,22,9,13,modified,validated,modified
2026-06-18 01:15,16,5,11,modified,validated,modified
2026-06-18 01:30,14,7,7,modified,validated,modified
2026-06-18 01:45,16,7,9,modified,validated,modified
2026-06-18 02:00,16,8,8,modified,validated,modified
2026-06-18 02:15,15,7,8,modified,validated,modified
2026-06-18 02:30,13,5,8,modified,validated,modified
2026-06-18 02:45,11,5,6,modified,validated,modified
2026-06-18 03:00,12,6,6,modified,validated,modified
2026-06-18 03:15,8,3,5,modified,validated,modified
2026-06-18 03:30,5,1,4,modified,validated,modified
2026-06-18 03:45,6,0,6,modified,validated,modified
2026-06-18 04:00,9,3,6,modified,validated,modified
2026-06-18 04:15,4,1,3,modified,validated,modified
2026-06-18 04:30,7,2,5,modified,validated,modified
2026-06-18 04:45,8,3,5,modified,validated,modified
2026-06-18 05:00,10,7,3,modified,validated,modified
2026-06-18 05:15,12,6,6,modified,validated,modified
2026-06-18 05:30,20,6,14,modified,validated,modified
2026-06-18 05:45,28,12,16,modified,validated,modified
2026-06-18 06:00,32,13,19,modified,validated,modified
2026-06-18 06:15,58,23,35,modified,validated,modified
2026-06-18 06:30,70,25,45,modified,validated,modified
2026-06-18 06:45,85,29,56,modified,validated,modified
2026-06-18 07:00,115,43,72,modified,validated,modified
2026-06-18 07:15,179,48,131,modified,validated,modified
2026-06-18 07:30,297,78,219,modified,validated,modified
2026-06-18 07:45,316,93,223,modified,validated,modified
2026-06-18 08:00,247,71,176,modified,validated,modified
2026-06-18 08:15,218,59,159,modified,validated,modified
2026-06-18 08:30,216,62,154,modified,validated,modified
2026-06-18 08:45,233,70,163,modified,validated,modified
2026-06-18 09:00,165,53,112,modified,validated,modified
2026-06-18 09:15,167,63,104,modified,validated,modified
2026-06-18 09:30,167,51,116,modified,validated,modified
2026-06-18 09:45,215,53,162,modified,validated,modified
2026-06-18 10:00,172,50,122,modified,validated,modified
2026-06-18 10:15,148,54,94,modified,validated,modified
2026-06-18 10:30,143,48,95,modified,validated,modified
2026-06-18 10:45,153,54,99,modified,validated,modified
2026-06-18 11:00,147,61,86,modified,validated,modified
2026-06-18 11:15,159,67,92,modified,validated,modified
2026-06-18 11:30,172,72,100,modified,validated,modified
2026-06-18 11:45,193,74,119,modified,validated,modified
2026-06-18 12:00,180,81,99,modified,validated,modified
2026-06-18 12:15,198,91,107,modified,validated,modified
2026-06-18 12:30,216,116,100,modified,validated,modified
2026-06-18 12:45,201,93,108,modified,validated,modified
2026-06-18 13:00,224,122,102,modified,validated,modified
2026-06-18 13:15,196,94,102,modified,validated,modified
2026-06-18 13:30,203,95,108,modified,validated,modified
2026-06-18 13:45,219,96,123,modified,validated,modified
2026-06-18 14:00,226,120,106,modified,validated,modified
2026-06-18 14:15,225,126,99,modified,validated,modified
2026-06-18 14:30,209,108,101,modified,validated,modified
2026-06-18 14:45,232,119,113,modified,validated,modified
2026-06-18 15:00,202,102,100,modified,validated,modified
2026-06-18 15:15,229,131,98,modified,validated,modified
2026-06-18 15:30,272,156,116,modified,validated,modified
2026-06-18 15:45,291,152,139,modified,validated,modified
2026-06-18 16:00,294,166,128,modified,validated,modified
2026-06-18 16:15,291,167,124,modified,validated,modified
2026-06-18 16:30,288,154,134,modified,validated,modified
2026-06-18 16:45,310,169,141,modified,validated,modified
2026-06-18 17:00,295,166,129,modified,validated,modified
2026-06-18 17:15,293,151,142,modified,validated,modified
2026-06-18 17:30,306,176,130,modified,validated,modified
2026-06-18 17:45,312,166,146,modified,validated,modified
2026-06-18 18:00,272,143,129,modified,validated,modified
2026-06-18 18:15,266,149,117,modified,validated,modified
2026-06-18 18:30,260,148,112,modified,validated,modified
2026-06-18 18:45,279,152,127,modified,validated,modified
2026-06-18 19:00,208,112,96,modified,validated,modified
2026-06-18 19:15,211,114,97,modified,validated,modified
2026-06-18 19:30,194,96,98,modified,validated,modified
2026-06-18 19:45,179,89,90,modified,validated,modified
2026-06-18 20:00,152,83,69,modified,validated,modified
2026-06-18 20:15,146,80,66,modified,validated,modified
2026-06-18 20:30,133,72,61,modified,validated,modified
2026-06-18 20:45,120,65,55,modified,validated,modified
2026-06-18 21:00,109,51,58,modified,validated,modified
2026-06-18 21:15,133,80,53,modified,validated,modified
2026-06-18 21:30,98,45,53,modified,validated,modified
2026-06-18 21:45,93,45,48,modified,validated,modified
2026-06-18 22:00,99,47,52,modified,validated,modified
2026-06-18 22:15,102,52,50,modified,validated,modified
2026-06-18 22:30,91,44,47,modified,validated,modified
2026-06-18 22:45,90,47,43,modified,validated,modified
2026-06-18 23:00,74,36,38,modified,validated,modified
2026-06-18 23:15,69,35,34,modified,validated,modified
2026-06-18 23:30,43,16,27,modified,validated,modified
2026-06-18 23:45,33,12,21,modified,validated,modified
2026-06-19 00:00,28,11,17,modified,validated,modified
2026-06-19 00:15,26,14,12,modified,validated,modified
2026-06-19 00:30,16,5,11,modified,validated,modified
2026-06-19 00:45,15,8,7,modified,validated,modified
2026-06-19 01:00,12,4,8,modified,validated,modified
2026-06-19 01:15,15,8,7,modified,validated,modified
2026-06-19 01:30,11,5,6,modified,validated,modified
2026-06-19 01:45,10,5,5,modified,validated,modified
2026-06-19 02:00,7,3,4,modified,validated,modified
2026-06-19 02:15,6,2,4,modified,validated,modified
2026-06-19 02:30,5,2,3,modified,validated,modified
2026-06-19 02:45,3,1,2,modified,validated,modified
2026-06-19 03:00,4,2,2,modified,validated,modified
2026-06-19 03:15,5,3,2,modified,validated,modified
2026-06-19 03:30,2,0,2,modified,validated,modified
2026-06-19 03:45,4,1,3,modified,validated,modified
2026-06-19 04:00,3,1,2,modified,validated,modified
2026-06-19 04:15,4,2,2,modified,validated,modified
2026-06-19 04:30,4,1,3,modified,validated,modified
2026-06-19 04:45,3,0,3,modified,validated,modified
2026-06-19 05:00,8,6,2,modified,validated,modified
2026-06-19 05:15,9,3,6,modified,validated,modified
2026-06-19 05:30,16,6,10,modified,validated,modified
2026-06-19 05:45,28,15,13,modified,validated,modified
2026-06-19 06:00,28,10,18,modified,validated,modified
2026-06-19 06:15,48,16,32,modified,validated,modified
2026-06-19 06:30,52,15,37,modified,validated,modified
2026-06-19 06:45,76,30,46,modified,validated,modified
2026-06-19 07:00,91,26,65,modified,validated,modified
2026-06-19 07:15,155,44,111,modified,validated,modified
2026-06-19 07:30,274,67,207,modified,validated,modified
2026-06-19 07:45,249,79,170,modified,validated,modified
2026-06-19 08:00,201,68,133,modified,validated,modified
2026-06-19 08:15,174,47,127,modified,validated,modified
2026-06-19 08:30,185,59,126,modified,validated,modified
2026-06-19 08:45,202,57,145,modified,validated,modified
2026-06-19 09:00,159,57,102,modified,validated,modified
2026-06-19 09:15,151,54,97,modified,validated,modified
2026-06-19 09:30,153,44,109,modified,validated,modified
2026-06-19 09:45,199,51,148,modified,validated,modified
2026-06-19 10:00,145,46,99,modified,validated,modified
2026-06-19 10:15,157,61,96,modified,validated,modified
2026-06-19 10:30,161,63,98,modified,validated,modified
2026-06-19 10:45,167,57,110,modified,validated,modified
2026-06-19 11:00,159,62,97,modified,validated,modified
2026-06-19 11:15,173,75,98,modified,validated,modified
2026-06-19 11:30,183,84,99,modified,validated,modified
2026-06-19 11:45,214,97,117,modified,validated,modified
2026-06-19 12:00,208,103,105,modified,validated,modified
2026-06-19 12:15,203,101,102,modified,validated,modified
2026-06-19 12:30,226,128,98,modified,validated,modified
2026-06-19 12:45,226,110,116,modified,validated,modified
2026-06-19 13:00,220,120,100,modified,validated,modified
2026-06-19 13:15,261,143,118,modified,validated,modified
2026-06-19 13:30,216,111,105,modified,validated,modified
2026-06-19 13:45,252,131,121,modified,validated,modified
2026-06-19 14:00,249,137,112,modified,validated,modified
2026-06-19 14:15,236,120,116,modified,validated,modified
2026-06-19 14:30,212,107,105,modified,validated,modified
2026-06-19 14:45,256,143,113,modified,validated,modified
2026-06-19 15:00,210,107,103,modified,validated,modified
2026-06-19 15:15,217,117,100,modified,validated,modified
2026-06-19 15:30,215,111,104,modified,validated,modified
2026-06-19 15:45,228,116,112,modified,validated,modified
2026-06-19 16:00,225,112,113,modified,validated,modified
2026-06-19 16:15,219,110,109,modified,validated,modified
2026-06-19 16:30,202,101,101,modified,validated,modified
2026-06-19 16:45,232,122,110,modified,validated,modified
2026-06-19 17:00,203,97,106,modified,validated,modified
2026-06-19 17:15,216,112,104,modified,validated,modified
2026-06-19 17:30,191,88,103,modified,validated,modified
2026-06-19 17:45,235,112,123,modified,validated,modified
2026-06-19 18:00,203,99,104,modified,validated,modified
2026-06-19 18:15,197,97,100,modified,validated,modified
2026-06-19 18:30,205,107,98,modified,validated,modified
2026-06-19 18:45,214,98,116,modified,validated,modified
2026-06-19 19:00,187,86,101,modified,validated,modified
2026-06-19 19:15,191,101,90,modified,validated,modified
2026-06-19 19:30,148,63,85,modified,validated,modified
2026-06-19 19:45,158,69,89,modified,validated,modified
2026-06-19 20:00,165,80,85,modified,validated,modified
2026-06-19 20:15,143,71,72,modified,validated,modified
2026-06-19 20:30,113,51,62,modified,validated,modified
2026-06-19 20:45,117,59,58,modified,validated,modified
2026-06-19 21:00,110,48,62,modified,validated,modified
2026-06-19 21:15,120,63,57,modified,validated,modified
2026-06-19 21:30,127,76,51,modified,validated,modified
2026-06-19 21:45,129,72,57,modified,validated,modified
2026-06-19 22:00,150,101,49,modified,validated,modified
2026-06-19 22:15,147,93,54,modified,validated,modified
2026-06-19 22:30,100,55,45,modified,validated,modified
2026-06-19 22:45,87,43,44,modified,validated,modified
2026-06-19 23:00,97,51,46,modified,validated,modified
2026-06-19 23:15,86,43,43,modified,validated,modified
2026-06-19 23:30,95,58,37,modified,validated,modified
2026-06-19 23:45,72,35,37,modified,validated,modified
2026-06-20 00:00,82,44,38,modified,validated,modified
2026-06-20 00:15,67,35,32,modified,validated,modified
2026-06-20 00:30,69,42,27,modified,validated,modified
2026-06-20 00:45,50,26,24,modified,validated,modified
2026-06-20 01:00,53,29,24,modified,validated,modified
2026-06-20 01:15,38,18,20,modified,validated,modified
2026-06-20 01:30,29,10,19,modified,validated,modified
2026-06-20 01:45,34,17,17,modified,validated,modified
2026-06-20 02:00,38,22,16,modified,validated,modified
2026-06-20 02:15,31,18,13,modified,validated,modified
2026-06-20 02:30,23,13,10,modified,validated,modified
2026-06-20 02:45,17,7,10,modified,validated,modified
2026-06-20 03:00,17,7,10,modified,validated,modified
2026-06-20 03:15,15,8,7,modified,validated,modified
2026-06-20 03:30,15,7,8,modified,validated,modified
2026-06-20 03:45,11,4,7,modified,validated,modified
2026-06-20 04:00,9,4,5,modified,validated,modified
2026-06-20 04:15,13,6,7,modified,validated,modified
2026-06-20 04:30,6,1,5,modified,validated,modified
2026-06-20 04:45,7,2,5,modified,validated,modified
2026-06-20 05:00,6,2,4,modified,validated,modified
2026-06-20 05:15,5,0,5,modified,validated,modified
2026-06-20 05:30,10,1,9,modified,validated,modified
2026-06-20 05:45,18,8,10,modified,validated,modified
2026-06-20 06:00,12,1,11,modified,validated,modified
2026-06-20 06:15,12,1,11,modified,validated,modified
2026-06-20 06:30,15,5,10,modified,validated,modified
2026-06-20 06:45,22,11,11,modified,validated,modified
2026-06-20 07:00,19,7,12,modified,validated,modified
2026-06-20 07:15,34,12,22,modified,validated,modified
2026-06-20 07:30,36,9,27,modified,validated,modified
2026-06-20 07:45,54,13,41,modified,validated,modified
2026-06-20 08:00,49,15,34,modified,validated,modified
2026-06-20 08:15,66,26,40,modified,validated,modified
2026-06-20 08:30,86,35,51,modified,validated,modified
2026-06-20 08:45,95,26,69,modified,validated,modified
2026-06-20 09:00,102,40,62,modified,validated,modified
2026-06-20 09:15,125,44,81,modified,validated,modified
2026-06-20 09:30,143,48,95,modified,validated,modified
2026-06-20 09:45,208,69,139,modified,validated,modified
2026-06-20 10:00,165,51,114,modified,validated,modified
2026-06-20 10:15,181,55,126,modified,validated,modified
2026-06-20 10:30,179,57,122,modified,validated,modified
2026-06-20 10:45,222,75,147,modified,validated,modified
2026-06-20 11:00,187,59,128,modified,validated,modified
2026-06-20 11:15,211,77,134,modified,validated,modified
2026-06-20 11:30,216,84,132,modified,validated,modified
2026-06-20 11:45,225,89,136,modified,validated,modified
2026-06-20 12:00,226,103,123,modified,validated,modified
2026-06-20 12:15,211,84,127,modified,validated,modified
2026-06-20 12:30,207,85,122,modified,validated,modified
2026-06-20 12:45,238,115,123,modified,validated,modified
2026-06-20 13:00,214,103,111,modified,validated,modified
2026-06-20 13:15,191,89,102,modified,validated,modified
2026-06-20 13:30,205,94,111,modified,validated,modified
2026-06-20 13:45,202,101,101,modified,validated,modified
2026-06-20 14:00,200,97,103,modified,validated,modified
2026-06-20 14:15,208,112,96,modified,validated,modified
2026-06-20 14:30,185,102,83,modified,validated,modified
2026-06-20 14:45,223,124,99,modified,validated,modified
2026-06-20 15:00,212,117,95,modified,validated,modified
2026-06-20 15:15,182,101,81,modified,validated,modified
2026-06-20 15:30,165,81,84,modified,validated,modified
2026-06-20 15:45,175,81,94,modified,validated,modified
2026-06-20 16:00,163,91,72,modified,validated,modified
2026-06-20 16:15,170,93,77,modified,validated,modified
2026-06-20 16:30,181,104,77,modified,validated,modified
2026-06-20 16:45,173,89,84,modified,validated,modified
2026-06-20 17:00,180,110,70,modified,validated,modified
2026-06-20 17:15,159,86,73,modified,validated,modified
2026-06-20 17:30,170,90,80,modified,validated,modified
2026-06-20 17:45,202,105,97,modified,validated,modified
2026-06-20 18:00,176,93,83,modified,validated,modified
2026-06-20 18:15,168,92,76,modified,validated,modified
2026-06-20 18:30,169,91,78,modified,validated,modified
2026-06-20 18:45,166,83,83,modified,validated,modified
2026-06-20 19:00,155,83,72,modified,validated,modified
2026-06-20 19:15,139,64,75,modified,validated,modified
2026-06-20 19:30,131,65,66,modified,validated,modified
2026-06-20 19:45,154,87,67,modified,validated,modified
2026-06-20 20:00,121,62,59,modified,validated,modified
2026-06-20 20:15,91,42,49,modified,validated,modified
2026-06-20 20:30,123,68,55,modified,validated,modified
2026-06-20 20:45,124,75,49,modified,validated,modified
2026-06-20 21:00,125,78,47,modified,validated,modified
2026-06-20 21:15,120,72,48,modified,validated,modified
2026-06-20 21:30,108,64,44,modified,validated,modified
2026-06-20 21:45,93,52,41,modified,validated,modified
2026-06-20 22:00,91,47,44,modified,validated,modified
2026-06-20 22:15,85,40,45,modified,validated,modified
2026-06-20 22:30,74,31,43,modified,validated,modified
2026-06-20 22:45,61,19,42,modified,validated,modified
2026-06-20 23:00,83,37,46,modified,validated,modified
2026-06-20 23:15,68,25,43,modified,validated,modified
2026-06-20 23:30,59,20,39,modified,validated,modified
2026-06-20 23:45,49,14,35,modified,validated,modified
2026-06-21 00:00,113,65,48,modified,validated,modified
2026-06-21 00:15,144,99,45,modified,validated,modified
2026-06-21 00:30,100,63,37,modified,validated,modified
2026-06-21 00:45,70,36,34,modified,validated,modified
2026-06-21 01:00,68,36,32,modified,validated,modified
2026-06-21 01:15,61,29,32,modified,validated,modified
2026-06-21 01:30,64,34,30,modified,validated,modified
2026-06-21 01:45,52,26,26,modified,validated,modified
2026-06-21 02:00,46,24,22,modified,validated,modified
2026-06-21 02:15,45,24,21,modified,validated,modified
2026-06-21 02:30,43,23,20,modified,validated,modified
2026-06-21 02:45,29,14,15,modified,validated,modified
2026-06-21 03:00,43,30,13,modified,validated,modified
2026-06-21 03:15,20,9,11,modified,validated,modified
2026-06-21 03:30,19,9,10,modified,validated,modified
2026-06-21 03:45,23,9,14,modified,validated,modified
2026-06-21 04:00,21,8,13,modified,validated,modified
2026-06-21 04:15,10,1,9,modified,validated,modified
2026-06-21 04:30,13,4,9,modified,validated,modified
2026-06-21 04:45,10,2,8,modified,validated,modified
2026-06-21 05:00,9,4,5,modified,validated,modified
2026-06-21 05:15,7,0,7,modified,validated,modified
2026-06-21 05:30,15,3,12,modified,validated,modified
2026-06-21 05:45,8,1,7,modified,validated,modified
2026-06-21 06:00,10,1,9,modified,validated,modified
2026-06-21 06:15,9,2,7,modified,validated,modified
2026-06-21 06:30,10,2,8,modified,validated,modified
2026-06-21 06:45,12,7,5,modified,validated,modified
2026-06-21 07:00,10,5,5,modified,validated,modified
2026-06-21 07:15,8,2,6,modified,validated,modified
2026-06-21 07:30,14,5,9,modified,validated,modified
2026-06-21 07:45,24,8,16,modified,validated,modified
2026-06-21 08:00,32,20,12,modified,validated,modified
2026-06-21 08:15,25,11,14,modified,validated,modified
2026-06-21 08:30,31,13,18,modified,validated,modified
2026-06-21 08:45,62,39,23,modified,validated,modified
2026-06-21 09:00,45,19,26,modified,validated,modified
2026-06-21 09:15,68,42,26,modified,validated,modified
2026-06-21 09:30,71,35,36,modified,validated,modified
2026-06-21 09:45,128,65,63,modified,validated,modified
2026-06-21 10:00,97,43,54,modified,validated,modified
2026-06-21 10:15,95,42,53,modified,validated,modified
2026-06-21 10:30,116,60,56,modified,validated,modified
2026-06-21 10:45,137,71,66,modified,validated,modified
2026-06-21 11:00,112,56,56,modified,validated,modified
2026-06-21 11:15,132,70,62,modified,validated,modified
2026-06-21 11:30,146,78,68,modified,validated,modified
2026-06-21 11:45,144,70,74,modified,validated,modified
2026-06-21 12:00,150,82,68,modified,validated,modified
2026-06-21 12:15,128,58,70,modified,validated,modified
2026-06-21 12:30,145,67,78,modified,validated,modified
2026-06-21 12:45,160,80,80,modified,validated,modified
2026-06-21 13:00,140,67,73,modified,validated,modified
2026-06-21 13:15,137,59,78,modified,validated,modified
2026-06-21 13:30,152,74,78,modified,validated,modified
2026-06-21 13:45,164,73,91,modified,validated,modified
2026-06-21 14:00,148,55,93,modified,validated,modified
2026-06-21 14:15,155,64,91,modified,validated,modified
2026-06-21 14:30,153,63,90,modified,validated,modified
2026-06-21 14:45,166,66,100,modified,validated,modified
2026-06-21 15:00,134,43,91,modified,validated,modified
2026-06-21 15:15,162,75,87,modified,validated,modified
2026-06-21 15:30,139,52,87,modified,validated,modified
2026-06-21 15:45,146,60,86,modified,validated,modified
2026-06-21 16:00,148,63,85,modified,validated,modified
2026-06-21 16:15,130,49,81,modified,validated,modified
2026-06-21 16:30,140,54,86,modified,validated,modified
2026-06-21 16:45,157,68,89,modified,validated,modified
2026-06-21 17:00,146,66,80,modified,validated,modified
2026-06-21 17:15,141,54,87,modified,validated,modified
2026-06-21 17:30,145,53,92,modified,validated,modified
2026-06-21 17:45,158,63,95,modified,validated,modified
2026-06-21 18:00,156,67,89,modified,validated,modified
2026-06-21 18:15,157,75,82,modified,validated,modified
2026-06-21 18:30,137,60,77,modified,validated,modified
2026-06-21 18:45,145,60,85,modified,validated,modified
2026-06-21 19:00,139,60,79,modified,validated,modified
2026-06-21 19:15,135,59,76,modified,validated,modified
2026-06-21 19:30,118,53,65,modified,validated,modified
2026-06-21 19:45,111,45,66,modified,validated,modified
2026-06-21 20:00,125,58,67,modified,validated,modified
2026-06-21 20:15,97,40,57,modified,validated,modified
2026-06-21 20:30,101,48,53,modified,validated,modified
2026-06-21 20:45,103,57,46,modified,validated,modified
2026-06-21 21:00,87,41,46,modified,validated,modified
2026-06-21 21:15,75,31,44,modified,validated,modified
2026-06-21 21:30,68,33,35,modified,validated,modified
2026-06-21 21:45,65,31,34,modified,validated,modified
2026-06-21 22:00,59,24,35,modified,validated,modified
2026-06-21 22:15,51,20,31,modified,validated,modified
2026-06-21 22:30,43,15,28,modified,validated,modified
2026-06-21 22:45,33,11,22,modified,validated,modified
2026-06-21 23:00,28,8,20,modified,validated,modified
2026-06-21 23:15,28,11,17,modified,validated,modified
2026-06-21 23:30,21,4,17,modified,validated,modified
2026-06-21 23:45,21,9,12,modified,validated,modified
2026-06-22 00:00,18,10,8,modified,validated,modified
2026-06-22 00:15,12,3,9,modified,validated,modified
2026-06-22 00:30,6,0,6,modified,validated,modified
2026-06-22 00:45,7,3,4,modified,validated,modified
2026-06-22 01:00,6,3,3,modified,validated,modified
2026-06-22 01:15,6,3,3,modified,validated,modified
2026-06-22 01:30,7,5,2,modified,validated,modified
2026-06-22 01:45,2,0,2,modified,validated,modified
2026-06-22 02:00,4,2,2,modified,validated,modified
2026-06-22 02:15,2,1,1,modified,validated,modified
2026-06-22 02:30,2,1,1,modified,validated,modified
2026-06-22 02:45,1,0,1,modified,validated,modified
2026-06-22 03:00,2,1,1,modified,validated,modified
2026-06-22 03:15,1,0,1,modified,validated,modified
2026-06-22 03:30,2,1,1,modified,validated,modified
2026-06-22 03:45,2,0,2,modified,validated,modified
2026-06-22 04:00,2,0,2,modified,validated,modified
2026-06-22 04:15,2,1,1,modified,validated,modified
2026-06-22 04:30,5,2,3,modified,validated,modified
2026-06-22 04:45,7,4,3,modified,validated,modified
2026-06-22 05:00,7,5,2,modified,validated,modified
2026-06-22 05:15,13,6,7,modified,validated,modified
2026-06-22 05:30,17,4,13,modified,validated,modified
2026-06-22 05:45,35,19,16,modified,validated,modified
2026-06-22 06:00,26,8,18,modified,validated,modified
2026-06-22 06:15,54,21,33,modified,validated,modified
2026-06-22 06:30,71,25,46,modified,validated,modified
2026-06-22 06:45,98,43,55,modified,validated,modified
2026-06-22 07:00,106,30,76,modified,validated,modified
2026-06-22 07:15,194,58,136,modified,validated,modified
2026-06-22 07:30,299,82,217,modified,validated,modified
2026-06-22 07:45,308,96,212,modified,validated,modified
2026-06-22 08:00,247,80,167,modified,validated,modified
2026-06-22 08:15,217,69,148,modified,validated,modified
2026-06-22 08:30,206,54,152,modified,validated,modified
2026-06-22 08:45,225,67,158,modified,validated,modified
2026-06-22 09:00,159,42,117,modified,validated,modified
2026-06-22 09:15,151,45,106,modified,validated,modified
2026-06-22 09:30,156,41,115,modified,validated,modified
2026-06-22 09:45,206,54,152,modified,validated,modified
2026-06-22 10:00,153,31,122,modified,validated,modified
2026-06-22 10:15,157,60,97,modified,validated,modified
2026-06-22 10:30,128,38,90,modified,validated,modified
2026-06-22 10:45,161,58,103,modified,validated,modified
2026-06-22 11:00,137,54,83,modified,validated,modified
2026-06-22 11:15,144,49,95,modified,validated,modified
2026-06-22 11:30,159,62,97,modified,validated,modified
2026-06-22 11:45,186,69,117,modified,validated,modified
2026-06-22 12:00,173,75,98,modified,validated,modified
2026-06-22 12:15,185,89,96,modified,validated,modified
2026-06-22 12:30,224,135,89,modified,validated,modified
2026-06-22 12:45,183,87,96,modified,validated,modified
2026-06-22 13:00,196,100,96,modified,validated,modified
2026-06-22 13:15,198,109,89,modified,validated,modified
2026-06-22 13:30,183,89,94,modified,validated,modified
2026-06-22 13:45,217,103,114,modified,validated,modified
2026-06-22 14:00,213,114,99,modified,validated,modified
2026-06-22 14:15,188,97,91,modified,validated,modified
2026-06-22 14:30,187,86,101,modified,validated,modified
2026-06-22 14:45,220,104,116,modified,validated,modified
2026-06-22 15:00,202,105,97,modified,validated,modified
2026-06-22 15:15,226,129,97,modified,validated,modified
2026-06-22 15:30,212,106,106,modified,validated,modified
2026-06-22 15:45,265,138,127,modified,validated,modified
2026-06-22 16:00,293,167,126,modified,validated,modified
2026-06-22 16:15,283,159,124,modified,validated,modified
2026-06-22 16:30,241,117,124,modified,validated,modified
2026-06-22 16:45,278,152,126,modified,validated,modified
2026-06-22 17:00,276,150,126,modified,validated,modified
2026-06-22 17:15,274,146,128,modified,validated,modified
2026-06-22 17:30,271,141,130,modified,validated,modified
2026-06-22 17:45,306,170,136,modified,validated,modified
2026-06-22 18:00,272,155,117,modified,validated,modified
2026-06-22 18:15,249,137,112,modified,validated,modified
2026-06-22 18:30,233,137,96,modified,validated,modified
2026-06-22 18:45,217,119,98,modified,validated,modified
2026-06-22 19:00,182,98,84,modified,validated,modified
2026-06-22 19:15,175,96,79,modified,validated,modified
2026-06-22 19:30,163,88,75,modified,validated,modified
2026-06-22 19:45,179,102,77,modified,validated,modified
2026-06-22 20:00,139,70,69,modified,validated,modified
2026-06-22 20:15,115,55,60,modified,validated,modified
2026-06-22 20:30,106,52,54,modified,validated,modified
2026-06-22 20:45,110,59,51,modified,validated,modified
2026-06-22 21:00,119,76,43,modified,validated,modified
2026-06-22 21:15,111,60,51,modified,validated,modified
2026-06-22 21:30,82,41,41,modified,validated,modified
2026-06-22 21:45,87,48,39,modified,validated,modified
2026-06-22 22:00,89,51,38,modified,validated,modified
2026-06-22 22:15,73,38,35,modified,validated,modified
2026-06-22 22:30,66,30,36,modified,validated,modified
2026-06-22 22:45,47,19,28,modified,validated,modified
2026-06-22 23:00,43,22,21,modified,validated,modified
2026-06-22 23:15,35,15,20,modified,validated,modified
2026-06-22 23:30,27,14,13,modified,validated,modified
2026-06-22 23:45,25,12,13,modified,validated,modified
2026-06-23 00:00,14,5,9,modified,validated,modified
2026-06-23 00:15,9,2,7,modified,validated,modified
2026-06-23 00:30,13,6,7,modified,validated,modified
2026-06-23 00:45,7,2,5,modified,validated,modified
2026-06-23 01:00,9,5,4,modified,validated,modified
2026-06-23 01:15,7,3,4,modified,validated,modified
2026-06-23 01:30,5,3,2,modified,validated,modified
2026-06-23 01:45,2,0,2,modified,validated,modified
2026-06-23 02:00,4,1,3,modified,validated,modified
2026-06-23 02:15,2,1,1,modified,validated,modified
2026-06-23 02:30,2,1,1,modified,validated,modified
2026-06-23 02:45,1,0,1,modified,validated,modified
2026-06-23 03:00,1,0,1,modified,validated,modified
2026-06-23 03:15,1,0,1,modified,validated,modified
2026-06-23 03:30,1,0,1,modified,validated,modified
2026-06-23 03:45,3,0,3,modified,validated,modified
2026-06-23 04:00,5,4,1,modified,validated,modified
2026-06-23 04:15,1,0,1,modified,validated,modified
2026-06-23 04:30,6,3,3,modified,validated,modified
2026-06-23 04:45,4,1,3,modified,validated,modified
2026-06-23 05:00,8,6,2,modified,validated,modified
2026-06-23 05:15,16,9,7,modified,validated,modified
2026-06-23 05:30,24,9,15,modified,validated,modified
2026-06-23 05:45,29,11,18,modified,validated,modified
2026-06-23 06:00,33,15,18,modified,validated,modified
2026-06-23 06:15,65,27,38,modified,validated,modified
2026-06-23 06:30,71,23,48,modified,validated,modified
2026-06-23 06:45,105,40,65,modified,validated,modified
2026-06-23 07:00,117,35,82,modified,validated,modified
2026-06-23 07:15,202,64,138,modified,validated,modified
2026-06-23 07:30,321,85,236,modified,validated,modified
2026-06-23 07:45,342,102,240,modified,validated,modified
2026-06-23 08:00,283,88,195,modified,validated,modified
2026-06-23 08:15,266,79,187,modified,validated,modified
2026-06-23 08:30,254,77,177,modified,validated,modified
2026-06-23 08:45,261,83,178,modified,validated,modified
2026-06-23 09:00,168,53,115,modified,validated,modified
2026-06-23 09:15,154,47,107,modified,validated,modified
2026-06-23 09:30,188,63,125,modified,validated,modified
2026-06-23 09:45,237,64,173,modified,validated,modified
2026-06-23 10:00,177,40,137,modified,validated,modified
2026-06-23 10:15,143,52,91,modified,validated,modified
2026-06-23 10:30,132,40,92,modified,validated,modified
2026-06-23 10:45,160,60,100,modified,validated,modified
2026-06-23 11:00,157,66,91,modified,validated,modified
2026-06-23 11:15,143,51,92,modified,validated,modified
2026-06-23 11:30,145,53,92,modified,validated,modified
2026-06-23 11:45,201,81,120,modified,validated,modified
2026-06-23 12:00,211,102,109,modified,validated,modified
2026-06-23 12:15,185,86,99,modified,validated,modified
2026-06-23 12:30,210,113,97,modified,validated,modified
2026-06-23 12:45,199,91,108,modified,validated,modified
2026-06-23 13:00,211,114,97,modified,validated,modified
2026-06-23 13:15,187,84,103,modified,validated,modified
2026-06-23 13:30,187,87,100,modified,validated,modified
2026-06-23 13:45,228,104,124,modified,validated,modified
2026-06-23 14:00,227,122,105,modified,validated,modified
2026-06-23 14:15,232,126,106,modified,validated,modified
2026-06-23 14:30,219,118,101,modified,validated,modified
2026-06-23 14:45,228,109,119,modified,validated,modified
2026-06-23 15:00,203,102,101,modified,validated,modified
2026-06-23 15:15,266,158,108,modified,validated,modified
2026-06-23 15:30,254,132,122,modified,validated,modified
2026-06-23 15:45,298,167,131,modified,validated,modified
2026-06-23 16:00,290,168,122,modified,validated,modified
2026-06-23 16:15,277,147,130,modified,validated,modified
2026-06-23 16:30,265,133,132,modified,validated,modified
2026-06-23 16:45,296,142,154,modified,validated,modified
2026-06-23 17:00,298,164,134,modified,validated,modified
2026-06-23 17:15,292,159,133,modified,validated,modified
2026-06-23 17:30,280,141,139,modified,validated,modified
2026-06-23 17:45,340,190,150,modified,validated,modified
2026-06-23 18:00,306,179,127,modified,validated,modified
2026-06-23 18:15,268,150,118,modified,validated,modified
2026-06-23 18:30,255,143,112,modified,validated,modified
2026-06-23 18:45,273,153,120,modified,validated,modified
2026-06-23 19:00,226,127,99,modified,validated,modified
2026-06-23 19:15,219,119,100,modified,validated,modified
2026-06-23 19:30,207,125,82,modified,validated,modified
2026-06-23 19:45,182,90,92,modified,validated,modified
2026-06-23 20:00,179,100,79,modified,validated,modified
2026-06-23 20:15,137,67,70,modified,validated,modified
2026-06-23 20:30,117,57,60,modified,validated,modified
2026-06-23 20:45,132,73,59,modified,validated,modified
2026-06-23 21:00,118,62,56,modified,validated,modified
2026-06-23 21:15,120,63,57,modified,validated,modified
2026-06-23 21:30,103,53,50,modified,validated,modified
2026-06-23 21:45,118,67,51,modified,validated,modified
2026-06-23 22:00,100,51,49,modified,validated,modified
2026-06-23 22:15,104,55,49,modified,validated,modified
2026-06-23 22:30,73,25,48,modified,validated,modified
2026-06-23 22:45,59,24,35,modified,validated,modified
2026-06-23 23:00,64,28,36,modified,validated,modified
2026-06-23 23:15,47,19,28,modified,validated,modified
2026-06-23 23:30,37,14,23,modified,validated,modified
2026-06-23 23:45,31,12,19,modified,validated,modified
2026-06-24 00:00,28,15,13,modified,validated,modified
2026-06-24 00:15,16,6,10,modified,validated,modified
2026-06-24 00:30,18,6,12,modified,validated,modified
2026-06-24 00:45,7,1,6,modified,validated,modified
2026-06-24 01:00,15,9,6,modified,validated,modified
2026-06-24 01:15,9,5,4,modified,validated,modified
2026-06-24 01:30,7,3,4,modified,validated,modified
2026-06-24 01:45,5,2,3,modified,validated,modified
2026-06-24 02:00,5,3,2,modified,validated,modified
2026-06-24 02:15,3,1,2,modified,validated,modified
2026-06-24 02:30,2,1,1,modified,validated,modified
2026-06-24 02:45,4,2,2,modified,validated,modified
2026-06-24 03:00,1,0,1,modified,validated,modified
2026-06-24 03:15,1,0,1,modified,validated,modified
2026-06-24 03:30,1,0,1,modified,validated,modified
2026-06-24 03:45,4,1,3,modified,validated,modified
2026-06-24 04:00,2,1,1,modified,validated,modified
2026-06-24 04:15,2,1,1,modified,validated,modified
2026-06-24 04:30,4,1,3,modified,validated,modified
2026-06-24 04:45,8,3,5,modified,validated,modified
2026-06-24 05:00,9,6,3,modified,validated,modified
2026-06-24 05:15,14,8,6,modified,validated,modified
2026-06-24 05:30,27,11,16,modified,validated,modified
2026-06-24 05:45,32,13,19,modified,validated,modified
2026-06-24 06:00,34,17,17,modified,validated,modified
2026-06-24 06:15,56,18,38,modified,validated,modified
2026-06-24 06:30,80,30,50,modified,validated,modified
2026-06-24 06:45,113,49,64,modified,validated,modified
2026-06-24 07:00,135,49,86,modified,validated,modified
2026-06-24 07:15,215,65,150,modified,validated,modified
2026-06-24 07:30,339,93,246,modified,validated,modified
2026-06-24 07:45,341,105,236,modified,validated,modified
2026-06-24 08:00,275,85,190,modified,validated,modified
2026-06-24 08:15,258,72,186,modified,validated,modified
2026-06-24 08:30,249,71,178,modified,validated,modified
2026-06-24 08:45,256,70,186,modified,validated,modified
2026-06-24 09:00,192,55,137,modified,validated,modified
2026-06-24 09:15,182,57,125,modified,validated,modified
2026-06-24 09:30,183,48,135,modified,validated,modified
2026-06-24 09:45,231,58,173,modified,validated,modified
2026-06-24 10:00,204,67,137,modified,validated,modified
2026-06-24 10:15,167,61,106,modified,validated,modified
2026-06-24 10:30,173,62,111,modified,validated,modified
2026-06-24 10:45,176,54,122,modified,validated,modified
2026-06-24 11:00,181,78,103,modified,validated,modified
2026-06-24 11:15,226,120,106,modified,validated,modified
2026-06-24 11:30,201,93,108,modified,validated,modified
2026-06-24 11:45,218,84,134,modified,validated,modified
2026-06-24 12:00,244,122,122,modified,validated,modified
2026-06-24 12:15,249,138,111,modified,validated,modified
2026-06-24 12:30,211,108,103,modified,validated,modified
2026-06-24 12:45,214,103,111,modified,validated,modified
2026-06-24 13:00,224,122,102,modified,validated,modified
2026-06-24 13:15,200,94,106,modified,validated,modified
2026-06-24 13:30,188,86,102,modified,validated,modified
2026-06-24 13:45,238,119,119,modified,validated,modified
2026-06-24 14:00,223,115,108,modified,validated,modified
2026-06-24 14:15,190,102,88,modified,validated,modified
2026-06-24 14:30,185,96,89,modified,validated,modified
2026-06-24 14:45,217,107,110,modified,validated,modified
2026-06-24 15:00,213,129,84,modified,validated,modified
2026-06-24 15:15,198,111,87,modified,validated,modified
2026-06-24 15:30,221,117,104,modified,validated,modified
2026-06-24 15:45,270,140,130,modified,validated,modified
2026-06-24 16:00,249,131,118,modified,validated,modified
2026-06-24 16:15,249,131,118,modified,validated,modified
2026-06-24 16:30,259,135,124,modified,validated,modified
2026-06-24 16:45,270,131,139,modified,validated,modified
2026-06-24 17:00,267,130,137,modified,validated,modified
2026-06-24 17:15,272,136,136,modified,validated,modified
2026-06-24 17:30,261,122,139,modified,validated,modified
2026-06-24 17:45,324,160,164,modified,validated,modified
2026-06-24 18:00,286,163,123,modified,validated,modified
2026-06-24 18:15,240,123,117,modified,validated,modified
2026-06-24 18:30,253,147,106,modified,validated,modified
2026-06-24 18:45,244,134,110,modified,validated,modified
2026-06-24 19:00,215,119,96,modified,validated,modified
2026-06-24 19:15,202,114,88,modified,validated,modified
2026-06-24 19:30,172,89,83,modified,validated,modified
2026-06-24 19:45,190,105,85,modified,validated,modified
2026-06-24 20:00,195,120,75,modified,validated,modified
2026-06-24 20:15,153,87,66,modified,validated,modified
2026-06-24 20:30,127,64,63,modified,validated,modified
2026-06-24 20:45,132,76,56,modified,validated,modified
2026-06-24 21:00,122,67,55,modified,validated,modified
2026-06-24 21:15,121,70,51,modified,validated,modified
2026-06-24 21:30,138,84,54,modified,validated,modified
2026-06-24 21:45,106,54,52,modified,validated,modified
2026-06-24 22:00,133,84,49,modified,validated,modified
2026-06-24 22:15,110,63,47,modified,validated,modified
2026-06-24 22:30,92,49,43,modified,validated,modified
2026-06-24 22:45,70,33,37,modified,validated,modified
2026-06-24 23:00,71,36,35,modified,validated,modified
2026-06-24 23:15,68,33,35,modified,validated,modified
2026-06-24 23:30,52,24,28,modified,validated,modified
2026-06-24 23:45,45,22,23,modified,validated,modified
2026-06-25 00:00,45,23,22,modified,validated,modified
2026-06-25 00:15,25,9,16,modified,validated,modified
2026-06-25 00:30,32,18,14,modified,validated,modified
2026-06-25 00:45,28,14,14,modified,validated,modified
2026-06-25 01:00,28,16,12,modified,validated,modified
2026-06-25 01:15,15,5,10,modified,validated,modified
2026-06-25 01:30,11,4,7,modified,validated,modified
2026-06-25 01:45,12,4,8,modified,validated,modified
2026-06-25 02:00,13,6,7,modified,validated,modified
2026-06-25 02:15,14,7,7,modified,validated,modified
2026-06-25 02:30,10,2,8,modified,validated,modified
2026-06-25 02:45,10,5,5,modified,validated,modified
2026-06-25 03:00,8,2,6,modified,validated,modified
2026-06-25 03:15,9,4,5,modified,validated,modified
2026-06-25 03:30,5,1,4,modified,validated,modified
2026-06-25 03:45,7,2,5,modified,validated,modified
2026-06-25 04:00,8,3,5,modified,validated,modified
2026-06-25 04:15,6,3,3,modified,validated,modified
2026-06-25 04:30,7,2,5,modified,validated,modified
2026-06-25 04:45,8,4,4,modified,validated,modified
2026-06-25 05:00,10,7,3,modified,validated,modified
2026-06-25 05:15,11,5,6,modified,validated,modified
2026-06-25 05:30,17,4,13,modified,validated,modified
2026-06-25 05:45,29,14,15,modified,validated,modified
2026-06-25 06:00,34,17,17,modified,validated,modified
2026-06-25 06:15,56,24,32,modified,validated,modified
2026-06-25 06:30,74,33,41,modified,validated,modified
2026-06-25 06:45,96,45,51,modified,validated,modified
2026-06-25 07:00,107,42,65,modified,validated,modified
2026-06-25 07:15,173,54,119,modified,validated,modified
2026-06-25 07:30,286,86,200,modified,validated,modified
2026-06-25 07:45,307,104,203,modified,validated,modified
2026-06-25 08:00,222,62,160,modified,validated,modified
2026-06-25 08:15,199,54,145,modified,validated,modified
2026-06-25 08:30,195,54,141,modified,validated,modified
2026-06-25 08:45,217,68,149,modified,validated,modified
2026-06-25 09:00,155,53,102,modified,validated,modified
2026-06-25 09:15,148,53,95,modified,validated,modified
2026-06-25 09:30,162,56,106,modified,validated,modified
2026-06-25 09:45,214,67,147,modified,validated,modified
2026-06-25 10:00,152,40,112,modified,validated,modified
2026-06-25 10:15,141,55,86,modified,validated,modified
2026-06-25 10:30,137,50,87,modified,validated,modified
2026-06-25 10:45,149,59,90,modified,validated,modified
2026-06-25 11:00,143,64,79,modified,validated,modified
2026-06-25 11:15,192,108,84,modified,validated,modified
2026-06-25 11:30,172,81,91,modified,validated,modified
2026-06-25 11:45,182,73,109,modified,validated,modified
2026-06-25 12:00,188,98,90,modified,validated,modified
2026-06-25 12:15,207,110,97,modified,validated,modified
2026-06-25 12:30,184,93,91,modified,validated,modified
2026-06-25 12:45,185,87,98,modified,validated,modified
2026-06-25 13:00,178,85,93,modified,validated,modified
2026-06-25 13:15,172,79,93,modified,validated,modified
2026-06-25 13:30,196,97,99,modified,validated,modified
2026-06-25 13:45,218,106,112,modified,validated,modified
2026-06-25 14:00,184,87,97,modified,validated,modified
2026-06-25 14:15,189,99,90,modified,validated,modified
2026-06-25 14:30,178,86,92,modified,validated,modified
2026-06-25 14:45,215,112,103,modified,validated,modified
2026-06-25 15:00,201,110,91,modified,validated,modified
2026-06-25 15:15,195,106,89,modified,validated,modified
2026-06-25 15:30,229,123,106,modified,validated,modified
2026-06-25 15:45,256,130,126,modified,validated,modified
2026-06-25 16:00,244,128,116,modified,validated,modified
2026-06-25 16:15,234,121,113,modified,validated,modified
2026-06-25 16:30,238,116,122,modified,validated,modified
2026-06-25 16:45,266,137,129,modified,validated,modified
2026-06-25 17:00,278,160,118,modified,validated,modified
2026-06-25 17:15,266,136,130,modified,validated,modified
2026-06-25 17:30,234,115,119,modified,validated,modified
2026-06-25 17:45,280,147,133,modified,validated,modified
2026-06-25 18:00,241,124,117,modified,validated,modified
2026-06-25 18:15,214,108,106,modified,validated,modified
2026-06-25 18:30,204,102,102,modified,validated,modified
2026-06-25 18:45,245,129,116,modified,validated,modified
2026-06-25 19:00,188,100,88,modified,validated,modified
2026-06-25 19:15,185,97,88,modified,validated,modified
2026-06-25 19:30,193,103,90,modified,validated,modified
2026-06-25 19:45,181,99,82,modified,validated,modified
2026-06-25 20:00,134,71,63,modified,validated,modified
2026-06-25 20:15,134,74,60,modified,validated,modified
2026-06-25 20:30,120,65,55,modified,validated,modified
2026-06-25 20:45,140,90,50,modified,validated,modified
2026-06-25 21:00,115,63,52,modified,validated,modified
2026-06-25 21:15,114,66,48,modified,validated,modified
2026-06-25 21:30,112,64,48,modified,validated,modified
2026-06-25 21:45,83,39,44,modified,validated,modified
2026-06-25 22:00,89,42,47,modified,validated,modified
2026-06-25 22:15,84,38,46,modified,validated,modified
2026-06-25 22:30,63,20,43,modified,validated,modified
2026-06-25 22:45,72,33,39,modified,validated,modified
2026-06-25 23:00,66,31,35,modified,validated,modified
2026-06-25 23:15,48,17,31,modified,validated,modified
2026-06-25 23:30,42,18,24,modified,validated,modified
2026-06-25 23:45,23,4,19,modified,validated,modified
2026-06-26 00:00,137,120,17,modified,validated,modified
2026-06-26 00:15,167,155,12,modified,validated,modified
2026-06-26 00:30,74,63,11,modified,validated,modified
2026-06-26 00:45,39,32,7,modified,validated,modified
2026-06-26 01:00,32,24,8,modified,validated,modified
2026-06-26 01:15,17,10,7,modified,validated,modified
2026-06-26 01:30,18,12,6,modified,validated,modified
2026-06-26 01:45,13,8,5,modified,validated,modified
2026-06-26 02:00,12,8,4,modified,validated,modified
2026-06-26 02:15,10,6,4,modified,validated,modified
2026-06-26 02:30,9,6,3,modified,validated,modified
2026-06-26 02:45,5,3,2,modified,validated,modified
2026-06-26 03:00,5,3,2,modified,validated,modified
2026-06-26 03:15,3,1,2,modified,validated,modified
2026-06-26 03:30,7,5,2,modified,validated,modified
2026-06-26 03:45,4,1,3,modified,validated,modified
2026-06-26 04:00,4,2,2,modified,validated,modified
2026-06-26 04:15,7,5,2,modified,validated,modified
2026-06-26 04:30,3,0,3,modified,validated,modified
2026-06-26 04:45,6,3,3,modified,validated,modified
2026-06-26 05:00,5,3,2,modified,validated,modified
2026-06-26 05:15,14,8,6,modified,validated,modified
2026-06-26 05:30,20,10,10,modified,validated,modified
2026-06-26 05:45,23,10,13,modified,validated,modified
2026-06-26 06:00,28,10,18,modified,validated,modified
2026-06-26 06:15,47,15,32,modified,validated,modified
2026-06-26 06:30,53,16,37,modified,validated,modified
2026-06-26 06:45,77,31,46,modified,validated,modified
2026-06-26 07:00,93,28,65,modified,validated,modified
2026-06-26 07:15,156,45,111,modified,validated,modified
2026-06-26 07:30,270,63,207,modified,validated,modified
2026-06-26 07:45,245,75,170,modified,validated,modified
2026-06-26 08:00,191,58,133,modified,validated,modified
2026-06-26 08:15,183,56,127,modified,validated,modified
2026-06-26 08:30,191,65,126,modified,validated,modified
2026-06-26 08:45,209,64,145,modified,validated,modified
2026-06-26 09:00,149,47,102,modified,validated,modified
2026-06-26 09:15,135,38,97,modified,validated,modified
2026-06-26 09:30,151,42,109,modified,validated,modified
2026-06-26 09:45,195,47,148,modified,validated,modified
2026-06-26 10:00,158,59,99,modified,validated,modified
2026-06-26 10:15,157,61,96,modified,validated,modified
2026-06-26 10:30,148,50,98,modified,validated,modified
2026-06-26 10:45,173,63,110,modified,validated,modified
2026-06-26 11:00,173,76,97,modified,validated,modified
2026-06-26 11:15,224,126,98,modified,validated,modified
2026-06-26 11:30,222,123,99,modified,validated,modified
2026-06-26 11:45,215,97,118,modified,validated,modified
2026-06-26 12:00,209,104,105,modified,validated,modified
2026-06-26 12:15,223,121,102,modified,validated,modified
2026-06-26 12:30,196,98,98,modified,validated,modified
2026-06-26 12:45,225,109,116,modified,validated,modified
2026-06-26 13:00,215,115,100,modified,validated,modified
2026-06-26 13:15,219,101,118,modified,validated,modified
2026-06-26 13:30,214,109,105,modified,validated,modified
2026-06-26 13:45,226,105,121,modified,validated,modified
2026-06-26 14:00,221,109,112,modified,validated,modified
2026-06-26 14:15,208,92,116,modified,validated,modified
2026-06-26 14:30,191,86,105,modified,validated,modified
2026-06-26 14:45,203,90,113,modified,validated,modified
2026-06-26 15:00,194,91,103,modified,validated,modified
2026-06-26 15:15,205,105,100,modified,validated,modified
2026-06-26 15:30,211,107,104,modified,validated,modified
2026-06-26 15:45,232,120,112,modified,validated,modified
2026-06-26 16:00,227,114,113,modified,validated,modified
2026-06-26 16:15,200,91,109,modified,validated,modified
2026-06-26 16:30,208,107,101,modified,validated,modified
2026-06-26 16:45,199,89,110,modified,validated,modified
2026-06-26 17:00,203,97,106,modified,validated,modified
2026-06-26 17:15,214,110,104,modified,validated,modified
2026-06-26 17:30,215,112,103,modified,validated,modified
2026-06-26 17:45,221,98,123,modified,validated,modified
2026-06-26 18:00,188,84,104,modified,validated,modified
2026-06-26 18:15,204,104,100,modified,validated,modified
2026-06-26 18:30,190,92,98,modified,validated,modified
2026-06-26 18:45,206,90,116,modified,validated,modified
2026-06-26 19:00,169,68,101,modified,validated,modified
2026-06-26 19:15,168,78,90,modified,validated,modified
2026-06-26 19:30,170,85,85,modified,validated,modified
2026-06-26 19:45,156,67,89,modified,validated,modified
2026-06-26 20:00,172,87,85,modified,validated,modified
2026-06-26 20:15,150,78,72,modified,validated,modified
2026-06-26 20:30,135,73,62,modified,validated,modified
2026-06-26 20:45,123,65,58,modified,validated,modified
2026-06-26 21:00,137,75,62,modified,validated,modified
2026-06-26 21:15,114,57,57,modified,validated,modified
2026-06-26 21:30,99,48,51,modified,validated,modified
2026-06-26 21:45,96,39,57,modified,validated,modified
2026-06-26 22:00,92,43,49,modified,validated,modified
2026-06-26 22:15,89,35,54,modified,validated,modified
2026-06-26 22:30,102,57,45,modified,validated,modified
2026-06-26 22:45,72,28,44,modified,validated,modified
2026-06-26 23:00,82,36,46,modified,validated,modified
2026-06-26 23:15,110,67,43,modified,validated,modified
2026-06-26 23:30,75,38,37,modified,validated,modified
2026-06-26 23:45,66,29,37,modified,validated,modified
2026-06-27 00:00,66,36,30,modified,validated,modified
2026-06-27 00:15,47,21,26,modified,validated,modified
2026-06-27 00:30,48,27,21,modified,validated,modified
2026-06-27 00:45,36,17,19,modified,validated,modified
2026-06-27 01:00,37,18,19,modified,validated,modified
2026-06-27 01:15,42,26,16,modified,validated,modified
2026-06-27 01:30,35,20,15,modified,validated,modified
2026-06-27 01:45,25,11,14,modified,validated,modified
2026-06-27 02:00,28,15,13,modified,validated,modified
2026-06-27 02:15,21,11,10,modified,validated,modified
2026-06-27 02:30,16,8,8,modified,validated,modified
2026-06-27 02:45,15,7,8,modified,validated,modified
2026-06-27 03:00,17,9,8,modified,validated,modified
2026-06-27 03:15,10,4,6,modified,validated,modified
2026-06-27 03:30,11,4,7,modified,validated,modified
2026-06-27 03:45,18,12,6,modified,validated,modified
2026-06-27 04:00,11,7,4,modified,validated,modified
2026-06-27 04:15,9,4,5,modified,validated,modified
2026-06-27 04:30,9,5,4,modified,validated,modified
2026-06-27 04:45,7,3,4,modified,validated,modified
2026-06-27 05:00,7,4,3,modified,validated,modified
2026-06-27 05:15,7,3,4,modified,validated,modified
2026-06-27 05:30,10,3,7,modified,validated,modified
2026-06-27 05:45,10,2,8,modified,validated,modified
2026-06-27 06:00,10,1,9,modified,validated,modified
2026-06-27 06:15,19,10,9,modified,validated,modified
2026-06-27 06:30,13,5,8,modified,validated,modified
2026-06-27 06:45,18,9,9,modified,validated,modified
2026-06-27 07:00,21,11,10,modified,validated,modified
2026-06-27 07:15,32,14,18,modified,validated,modified
2026-06-27 07:30,41,20,21,modified,validated,modified
2026-06-27 07:45,63,30,33,modified,validated,modified
2026-06-27 08:00,54,27,27,modified,validated,modified
2026-06-27 08:15,58,26,32,modified,validated,modified
2026-06-27 08:30,74,34,40,modified,validated,modified
2026-06-27 08:45,86,31,55,modified,validated,modified
2026-06-27 09:00,87,37,50,modified,validated,modified
2026-06-27 09:15,84,20,64,modified,validated,modified
2026-06-27 09:30,125,49,76,modified,validated,modified
2026-06-27 09:45,161,50,111,modified,validated,modified
2026-06-27 10:00,142,51,91,modified,validated,modified
2026-06-27 10:15,141,41,100,modified,validated,modified
2026-06-27 10:30,135,38,97,modified,validated,modified
2026-06-27 10:45,172,55,117,modified,validated,modified
2026-06-27 11:00,155,53,102,modified,validated,modified
2026-06-27 11:15,160,53,107,modified,validated,modified
2026-06-27 11:30,170,65,105,modified,validated,modified
2026-06-27 11:45,174,66,108,modified,validated,modified
2026-06-27 12:00,166,68,98,modified,validated,modified
2026-06-27 12:15,171,70,101,modified,validated,modified
2026-06-27 12:30,163,65,98,modified,validated,modified
2026-06-27 12:45,178,80,98,modified,validated,modified
2026-06-27 13:00,185,97,88,modified,validated,modified
2026-06-27 13:15,167,86,81,modified,validated,modified
2026-06-27 13:30,152,63,89,modified,validated,modified
2026-06-27 13:45,167,86,81,modified,validated,modified
2026-06-27 14:00,167,85,82,modified,validated,modified
2026-06-27 14:15,154,78,76,modified,validated,modified
2026-06-27 14:30,133,67,66,modified,validated,modified
2026-06-27 14:45,160,81,79,modified,validated,modified
2026-06-27 15:00,148,72,76,modified,validated,modified
2026-06-27 15:15,146,82,64,modified,validated,modified
2026-06-27 15:30,125,58,67,modified,validated,modified
2026-06-27 15:45,142,67,75,modified,validated,modified
2026-06-27 16:00,134,77,57,modified,validated,modified
2026-06-27 16:15,133,71,62,modified,validated,modified
2026-06-27 16:30,135,73,62,modified,validated,modified
2026-06-27 16:45,142,75,67,modified,validated,modified
2026-06-27 17:00,110,54,56,modified,validated,modified
2026-06-27 17:15,135,76,59,modified,validated,modified
2026-06-27 17:30,134,70,64,modified,validated,modified
2026-06-27 17:45,150,73,77,modified,validated,modified
2026-06-27 18:00,140,74,66,modified,validated,modified
2026-06-27 18:15,146,86,60,modified,validated,modified
2026-06-27 18:30,125,63,62,modified,validated,modified
2026-06-27 18:45,140,74,66,modified,validated,modified
2026-06-27 19:00,138,81,57,modified,validated,modified
2026-06-27 19:15,124,64,60,modified,validated,modified
2026-06-27 19:30,121,68,53,modified,validated,modified
2026-06-27 19:45,123,69,54,modified,validated,modified
2026-06-27 20:00,118,71,47,modified,validated,modified
2026-06-27 20:15,86,47,39,modified,validated,modified
2026-06-27 20:30,90,46,44,modified,validated,modified
2026-06-27 20:45,100,61,39,modified,validated,modified
2026-06-27 21:00,65,28,37,modified,validated,modified
2026-06-27 21:15,80,42,38,modified,validated,modified
2026-06-27 21:30,73,38,35,modified,validated,modified
2026-06-27 21:45,66,33,33,modified,validated,modified
2026-06-27 22:00,65,30,35,modified,validated,modified
2026-06-27 22:15,67,31,36,modified,validated,modified
2026-06-27 22:30,57,23,34,modified,validated,modified
2026-06-27 22:45,63,30,33,modified,validated,modified
2026-06-27 23:00,63,26,37,modified,validated,modified
2026-06-27 23:15,51,17,34,modified,validated,modified
2026-06-27 23:30,51,19,32,modified,validated,modified
2026-06-27 23:45,48,20,28,modified,validated,modified
2026-06-28 00:00,65,28,37,modified,validated,modified
2026-06-28 00:15,70,36,34,modified,validated,modified
2026-06-28 00:30,53,24,29,modified,validated,modified
2026-06-28 00:45,51,25,26,modified,validated,modified
2026-06-28 01:00,51,26,25,modified,validated,modified
2026-06-28 01:15,39,14,25,modified,validated,modified
2026-06-28 01:30,35,12,23,modified,validated,modified
2026-06-28 01:45,30,10,20,modified,validated,modified
2026-06-28 02:00,23,6,17,modified,validated,modified
2026-06-28 02:15,31,15,16,modified,validated,modified
2026-06-28 02:30,30,15,15,modified,validated,modified
2026-06-28 02:45,22,11,11,modified,validated,modified
2026-06-28 03:00,15,5,10,modified,validated,modified
2026-06-28 03:15,16,7,9,modified,validated,modified
2026-06-28 03:30,14,6,8,modified,validated,modified
2026-06-28 03:45,22,12,10,modified,validated,modified
2026-06-28 04:00,13,3,10,modified,validated,modified
2026-06-28 04:15,14,7,7,modified,validated,modified
2026-06-28 04:30,7,0,7,modified,validated,modified
2026-06-28 04:45,6,0,6,modified,validated,modified
2026-06-28 05:00,9,5,4,modified,validated,modified
2026-06-28 05:15,8,2,6,modified,validated,modified
2026-06-28 05:30,10,0,10,modified,validated,modified
2026-06-28 05:45,9,4,5,modified,validated,modified
2026-06-28 06:00,7,1,6,modified,validated,modified
2026-06-28 06:15,9,4,5,modified,validated,modified
2026-06-28 06:30,9,3,6,modified,validated,modified
2026-06-28 06:45,7,3,4,modified,validated,modified
2026-06-28 07:00,9,5,4,modified,validated,modified
2026-06-28 07:15,11,6,5,modified,validated,modified
2026-06-28 07:30,15,8,7,modified,validated,modified
2026-06-28 07:45,21,9,12,modified,validated,modified
2026-06-28 08:00,13,4,9,modified,validated,modified
2026-06-28 08:15,18,7,11,modified,validated,modified
2026-06-28 08:30,31,17,14,modified,validated,modified
2026-06-28 08:45,38,20,18,modified,validated,modified
2026-06-28 09:00,35,15,20,modified,validated,modified
2026-06-28 09:15,33,13,20,modified,validated,modified
2026-06-28 09:30,48,20,28,modified,validated,modified
2026-06-28 09:45,73,24,49,modified,validated,modified
2026-06-28 10:00,71,30,41,modified,validated,modified
2026-06-28 10:15,78,37,41,modified,validated,modified
2026-06-28 10:30,95,52,43,modified,validated,modified
2026-06-28 10:45,86,35,51,modified,validated,modified
2026-06-28 11:00,80,37,43,modified,validated,modified
2026-06-28 11:15,89,42,47,modified,validated,modified
2026-06-28 11:30,93,41,52,modified,validated,modified
2026-06-28 11:45,97,40,57,modified,validated,modified
2026-06-28 12:00,88,36,52,modified,validated,modified
2026-06-28 12:15,88,34,54,modified,validated,modified
2026-06-28 12:30,100,40,60,modified,validated,modified
2026-06-28 12:45,115,54,61,modified,validated,modified
2026-06-28 13:00,102,46,56,modified,validated,modified
2026-06-28 13:15,111,51,60,modified,validated,modified
2026-06-28 13:30,99,39,60,modified,validated,modified
2026-06-28 13:45,128,58,70,modified,validated,modified
2026-06-28 14:00,130,59,71,modified,validated,modified
2026-06-28 14:15,130,60,70,modified,validated,modified
2026-06-28 14:30,120,51,69,modified,validated,modified
2026-06-28 14:45,145,68,77,modified,validated,modified
2026-06-28 15:00,141,71,70,modified,validated,modified
2026-06-28 15:15,132,65,67,modified,validated,modified
2026-06-28 15:30,128,61,67,modified,validated,modified
2026-06-28 15:45,126,60,66,modified,validated,modified
2026-06-28 16:00,129,64,65,modified,validated,modified
2026-06-28 16:15,116,54,62,modified,validated,modified
2026-06-28 16:30,129,63,66,modified,validated,modified
2026-06-28 16:45,132,63,69,modified,validated,modified
2026-06-28 17:00,125,63,62,modified,validated,modified
2026-06-28 17:15,122,55,67,modified,validated,modified
2026-06-28 17:30,146,75,71,modified,validated,modified
2026-06-28 17:45,156,83,73,modified,validated,modified
2026-06-28 18:00,106,38,68,modified,validated,modified
2026-06-28 18:15,130,67,63,modified,validated,modified
2026-06-28 18:30,108,49,59,modified,validated,modified
2026-06-28 18:45,110,44,66,modified,validated,modified
2026-06-28 19:00,120,59,61,modified,validated,modified
2026-06-28 19:15,111,53,58,modified,validated,modified
2026-06-28 19:30,101,51,50,modified,validated,modified
2026-06-28 19:45,101,50,51,modified,validated,modified
2026-06-28 20:00,82,30,52,modified,validated,modified
2026-06-28 20:15,84,40,44,modified,validated,modified
2026-06-28 20:30,68,27,41,modified,validated,modified
2026-06-28 20:45,80,45,35,modified,validated,modified
2026-06-28 21:00,66,31,35,modified,validated,modified
2026-06-28 21:15,64,30,34,modified,validated,modified
2026-06-28 21:30,60,33,27,modified,validated,modified
2026-06-28 21:45,50,24,26,modified,validated,modified
2026-06-28 22:00,50,23,27,modified,validated,modified
2026-06-28 22:15,30,7,23,modified,validated,modified
2026-06-28 22:30,36,15,21,modified,validated,modified
2026-06-28 22:45,32,15,17,modified,validated,modified
2026-06-28 23:00,20,5,15,modified,validated,modified
2026-06-28 23:15,20,7,13,modified,validated,modified
2026-06-28 23:30,25,12,13,modified,validated,modified
2026-06-28 23:45,15,6,9,modified,validated,modified
2026-06-29 00:00,14,7,7,modified,validated,modified
2026-06-29 00:15,10,2,8,modified,validated,modified
2026-06-29 00:30,11,6,5,modified,validated,modified
2026-06-29 00:45,7,3,4,modified,validated,modified
2026-06-29 01:00,5,2,3,modified,validated,modified
2026-06-29 01:15,6,3,3,modified,validated,modified
2026-06-29 01:30,3,1,2,modified,validated,modified
2026-06-29 01:45,4,2,2,modified,validated,modified
2026-06-29 02:00,5,3,2,modified,validated,modified
2026-06-29 02:15,1,0,1,modified,validated,modified
2026-06-29 02:30,4,3,1,modified,validated,modified
2026-06-29 02:45,1,0,1,modified,validated,modified
2026-06-29 03:00,1,0,1,modified,validated,modified
2026-06-29 03:15,2,1,1,modified,validated,modified
2026-06-29 03:30,1,0,1,modified,validated,modified
2026-06-29 03:45,2,0,2,modified,validated,modified
2026-06-29 04:00,2,1,1,modified,validated,modified
2026-06-29 04:15,2,1,1,modified,validated,modified
2026-06-29 04:30,4,1,3,modified,validated,modified
2026-06-29 04:45,9,6,3,modified,validated,modified
2026-06-29 05:00,9,7,2,modified,validated,modified
2026-06-29 05:15,10,3,7,modified,validated,modified
2026-06-29 05:30,19,6,13,modified,validated,modified
2026-06-29 05:45,33,17,16,modified,validated,modified
2026-06-29 06:00,27,10,17,modified,validated,modified
2026-06-29 06:15,46,14,32,modified,validated,modified
2026-06-29 06:30,70,25,45,modified,validated,modified
2026-06-29 06:45,82,29,53,modified,validated,modified
2026-06-29 07:00,105,31,74,modified,validated,modified
2026-06-29 07:15,183,50,133,modified,validated,modified
2026-06-29 07:30,302,90,212,modified,validated,modified
2026-06-29 07:45,296,89,207,modified,validated,modified
2026-06-29 08:00,231,68,163,modified,validated,modified
2026-06-29 08:15,208,63,145,modified,validated,modified
2026-06-29 08:30,205,56,149,modified,validated,modified
2026-06-29 08:45,227,73,154,modified,validated,modified
2026-06-29 09:00,159,44,115,modified,validated,modified
2026-06-29 09:15,145,41,104,modified,validated,modified
2026-06-29 09:30,159,47,112,modified,validated,modified
2026-06-29 09:45,203,55,148,modified,validated,modified
2026-06-29 10:00,156,37,119,modified,validated,modified
2026-06-29 10:15,144,50,94,modified,validated,modified
2026-06-29 10:30,144,56,88,modified,validated,modified
2026-06-29 10:45,149,49,100,modified,validated,modified
2026-06-29 11:00,135,54,81,modified,validated,modified
2026-06-29 11:15,159,66,93,modified,validated,modified
2026-06-29 11:30,143,48,95,modified,validated,modified
2026-06-29 11:45,175,61,114,modified,validated,modified
2026-06-29 12:00,181,85,96,modified,validated,modified
2026-06-29 12:15,169,76,93,modified,validated,modified
2026-06-29 12:30,183,96,87,modified,validated,modified
2026-06-29 12:45,164,71,93,modified,validated,modified
2026-06-29 13:00,224,130,94,modified,validated,modified
2026-06-29 13:15,173,86,87,modified,validated,modified
2026-06-29 13:30,164,72,92,modified,validated,modified
2026-06-29 13:45,220,108,112,modified,validated,modified
2026-06-29 14:00,198,101,97,modified,validated,modified
2026-06-29 14:15,187,98,89,modified,validated,modified
2026-06-29 14:30,195,96,99,modified,validated,modified
2026-06-29 14:45,219,106,113,modified,validated,modified
2026-06-29 15:00,199,104,95,modified,validated,modified
2026-06-29 15:15,196,101,95,modified,validated,modified
2026-06-29 15:30,210,107,103,modified,validated,modified
2026-06-29 15:45,241,118,123,modified,validated,modified
2026-06-29 16:00,270,147,123,modified,validated,modified
2026-06-29 16:15,264,143,121,modified,validated,modified
2026-06-29 16:30,241,120,121,modified,validated,modified
2026-06-29 16:45,253,130,123,modified,validated,modified
2026-06-29 17:00,263,140,123,modified,validated,modified
2026-06-29 17:15,259,134,125,modified,validated,modified
2026-06-29 17:30,273,146,127,modified,validated,modified
2026-06-29 17:45,304,171,133,modified,validated,modified
2026-06-29 18:00,258,144,114,modified,validated,modified
2026-06-29 18:15,233,123,110,modified,validated,modified
2026-06-29 18:30,208,114,94,modified,validated,modified
2026-06-29 18:45,217,122,95,modified,validated,modified
2026-06-29 19:00,188,106,82,modified,validated,modified
2026-06-29 19:15,165,88,77,modified,validated,modified
2026-06-29 19:30,156,83,73,modified,validated,modified
2026-06-29 19:45,156,81,75,modified,validated,modified
2026-06-29 20:00,150,83,67,modified,validated,modified
2026-06-29 20:15,143,84,59,modified,validated,modified
2026-06-29 20:30,121,68,53,modified,validated,modified
2026-06-29 20:45,131,82,49,modified,validated,modified
2026-06-29 21:00,105,63,42,modified,validated,modified
2026-06-29 21:15,121,72,49,modified,validated,modified
2026-06-29 21:30,127,87,40,modified,validated,modified
2026-06-29 21:45,100,62,38,modified,validated,modified
2026-06-29 22:00,93,56,37,modified,validated,modified
2026-06-29 22:15,81,47,34,modified,validated,modified
2026-06-29 22:30,60,24,36,modified,validated,modified
2026-06-29 22:45,40,13,27,modified,validated,modified
2026-06-29 23:00,31,10,21,modified,validated,modified
2026-06-29 23:15,36,16,20,modified,validated,modified
2026-06-29 23:30,43,30,13,modified,validated,modified
2026-06-29 23:45,21,8,13,modified,validated,modified
2026-06-30 00:00,23,14,9,modified,validated,modified
2026-06-30 00:15,11,5,6,modified,validated,modified
2026-06-30 00:30,44,37,7,modified,validated,modified
2026-06-30 00:45,21,16,5,modified,validated,modified
2026-06-30 01:00,12,8,4,modified,validated,modified
2026-06-30 01:15,10,6,4,modified,validated,modified
2026-06-30 01:30,120,118,2,modified,validated,modified
2026-06-30 01:45,98,96,2,modified,validated,modified
2026-06-30 02:00,30,27,3,modified,validated,modified
2026-06-30 02:15,11,10,1,modified,validated,modified
2026-06-30 02:30,10,9,1,modified,validated,modified
2026-06-30 02:45,3,2,1,modified,validated,modified
2026-06-30 03:00,4,3,1,modified,validated,modified
2026-06-30 03:15,6,5,1,modified,validated,modified
2026-06-30 03:30,3,2,1,modified,validated,modified
2026-06-30 03:45,4,2,2,modified,validated,modified
2026-06-30 04:00,1,0,1,modified,validated,modified
2026-06-30 04:15,2,1,1,modified,validated,modified
2026-06-30 04:30,5,2,3,modified,validated,modified
2026-06-30 04:45,6,3,3,modified,validated,modified
2026-06-30 05:00,10,8,2,modified,validated,modified
2026-06-30 05:15,16,9,7,modified,validated,modified
2026-06-30 05:30,22,8,14,modified,validated,modified
2026-06-30 05:45,27,10,17,modified,validated,modified
2026-06-30 06:00,28,10,18,modified,validated,modified
2026-06-30 06:15,55,18,37,modified,validated,modified
2026-06-30 06:30,85,39,46,modified,validated,modified
2026-06-30 06:45,103,40,63,modified,validated,modified
2026-06-30 07:00,114,34,80,modified,validated,modified
2026-06-30 07:15,187,53,134,modified,validated,modified
2026-06-30 07:30,297,67,230,modified,validated,modified
2026-06-30 07:45,327,93,234,modified,validated,modified
2026-06-30 08:00,270,80,190,modified,validated,modified
2026-06-30 08:15,262,80,182,modified,validated,modified
2026-06-30 08:30,244,71,173,modified,validated,modified
2026-06-30 08:45,243,69,174,modified,validated,modified
2026-06-30 09:00,180,68,112,modified,validated,modified
2026-06-30 09:15,156,52,104,modified,validated,modified
2026-06-30 09:30,160,38,122,modified,validated,modified
2026-06-30 09:45,218,49,169,modified,validated,modified
2026-06-30 10:00,181,47,134,modified,validated,modified
2026-06-30 10:15,137,49,88,modified,validated,modified
2026-06-30 10:30,138,48,90,modified,validated,modified
2026-06-30 10:45,155,58,97,modified,validated,modified
2026-06-30 11:00,138,49,89,modified,validated,modified
2026-06-30 11:15,142,52,90,modified,validated,modified
2026-06-30 11:30,141,51,90,modified,validated,modified
2026-06-30 11:45,204,87,117,modified,validated,modified
2026-06-30 12:00,178,72,106,modified,validated,modified
2026-06-30 12:15,184,88,96,modified,validated,modified
2026-06-30 12:30,190,96,94,modified,validated,modified
2026-06-30 12:45,186,81,105,modified,validated,modified
2026-06-30 13:00,224,129,95,modified,validated,modified
2026-06-30 13:15,217,117,100,modified,validated,modified
2026-06-30 13:30,188,91,97,modified,validated,modified
2026-06-30 13:45,212,92,120,modified,validated,modified
2026-06-30 14:00,223,120,103,modified,validated,modified
2026-06-30 14:15,198,95,103,modified,validated,modified
2026-06-30 14:30,188,90,98,modified,validated,modified
2026-06-30 14:45,222,106,116,modified,validated,modified
2026-06-30 15:00,220,121,99,modified,validated,modified
2026-06-30 15:15,227,122,105,modified,validated,modified
2026-06-30 15:30,250,131,119,modified,validated,modified
2026-06-30 15:45,268,140,128,modified,validated,modified
2026-06-30 16:00,258,139,119,modified,validated,modified
2026-06-30 16:15,276,149,127,modified,validated,modified
2026-06-30 16:30,267,138,129,modified,validated,modified
2026-06-30 16:45,310,161,149,modified,validated,modified
2026-06-30 17:00,270,140,130,modified,validated,modified
2026-06-30 17:15,263,133,130,modified,validated,modified
2026-06-30 17:30,249,113,136,modified,validated,modified
2026-06-30 17:45,283,137,146,modified,validated,modified
2026-06-30 18:00,282,158,124,modified,validated,modified
2026-06-30 18:15,272,157,115,modified,validated,modified
2026-06-30 18:30,220,111,109,modified,validated,modified
2026-06-30 18:45,261,144,117,modified,validated,modified
2026-06-30 19:00,200,104,96,modified,validated,modified
2026-06-30 19:15,218,121,97,modified,validated,modified
2026-06-30 19:30,178,98,80,modified,validated,modified
2026-06-30 19:45,185,95,90,modified,validated,modified
2026-06-30 20:00,170,93,77,modified,validated,modified
2026-06-30 20:15,131,63,68,modified,validated,modified
2026-06-30 20:30,123,65,58,modified,validated,modified
2026-06-30 20:45,110,53,57,modified,validated,modified
2026-06-30 21:00,107,52,55,modified,validated,modified
2026-06-30 21:15,103,48,55,modified,validated,modified
2026-06-30 21:30,94,45,49,modified,validated,modified
2026-06-30 21:45,107,57,50,modified,validated,modified
2026-06-30 22:00,97,49,48,modified,validated,modified
2026-06-30 22:15,102,54,48,modified,validated,modified
2026-06-30 22:30,100,54,46,modified,validated,modified
2026-06-30 22:45,68,34,34,modified,validated,modified
2026-06-30 23:00,49,14,35,modified,validated,modified
2026-06-30 23:15,41,14,27,modified,validated,modified
2026-06-30 23:30,35,13,22,modified,validated,modified
2026-06-30 23:45,26,8,18,modified,validated,modified
