Datetime,100031297 (Promenade (nördl. Salzstraße)),101031297 (Promenade Radfahrer FR Mauritztor),102031297 (Promenade Radfahrer FR Salzstraße),103031297 (Promenade Radfahrer FR Mauritztor),104031297 (Promenade Radfahrer FR Salzstraße),105031297 (Promenade Radfahrer FR Mauritztor),106031297 (Promenade Radfahrer FR Salzstraße),100031297-status,101031297-status,102031297-status,103031297-status,104031297-status,105031297-status,106031297-status
2026-07-01 00:00,30,1,16,6,3,4,0,0,0,0,0,0,0,0
2026-07-01 00:15,27,0,7,11,1,6,2,0,0,0,0,0,0,0
2026-07-01 00:30,21,1,8,6,0,5,1,0,0,0,0,0,0,0
2026-07-01 00:45,15,0,4,4,2,4,1,0,0,0,0,0,0,0
2026-07-01 01:00,18,2,4,6,0,6,0,0,0,0,0,0,0,0
2026-07-01 01:15,19,1,4,5,0,9,0,0,0,0,0,0,0,0
2026-07-01 01:30,5,0,1,3,0,1,0,0,0,0,0,0,0,0
2026-07-01 01:45,7,0,2,1,1,3,0,0,0,0,0,0,0,0
2026-07-01 02:00,3,0,2,0,0,1,0,0,0,0,0,0,0,0
2026-07-01 02:15,3,0,0,1,0,2,0,0,0,0,0,0,0,0
2026-07-01 02:30,5,0,2,0,1,1,1,0,0,0,0,0,0,0
2026-07-01 02:45,2,0,0,1,0,1,0,0,0,0,0,0,0,0
2026-07-01 03:00,4,0,1,2,1,0,0,0,0,0,0,0,0,0
2026-07-01 03:15,3,0,1,1,0,1,0,0,0,0,0,0,0,0
2026-07-01 03:30,1,0,1,0,0,0,0,0,0,0,0,0,0,0
2026-07-01 03:45,0,0,0,0,0,0,0,0,0,0,0,0,0,0
2026-07-01 04:00,8,0,4,3,0,1,0,0,0,0,0,0,0,0
2026-07-01 04:15,4,0,3,1,0,0,0,0,0,0,0,0,0,0
2026-07-01 04:30,3,0,3,0,0,0,0,0,0,0,0,0,0,0
2026-07-01 04:45,16,0,11,3,1,1,0,0,0,0,0,0,0,0
2026-07-01 05:00,4,0,3,0,0,1,0,0,0,0,0,0,0,0
2026-07-01 05:15,41,2,24,6,1,7,1,0,0,0,0,0,0,0
2026-07-01 05:30,70,1,30,16,1,21,1,0,0,0,0,0,0,0
2026-07-01 05:45,82,1,37,15,1,25,3,0,0,0,0,0,0,0
2026-07-01 06:00,81,1,49,8,3,19,1,0,0,0,0,0,0,0
2026-07-01 06:15,190,1,92,22,16,55,4,0,0,0,0,0,0,0
2026-07-01 06:30,162,1,85,15,8,52,1,0,0,0,0,0,0,0
2026-07-01 06:45,263,2,155,13,23,67,3,0,0,0,0,0,0,0
2026-07-01 07:00,273,1,140,20,17,93,2,0,0,0,0,0,0,0
2026-07-01 07:15,397,2,204,38,26,123,4,0,0,0,0,0,0,0
2026-07-01 07:30,658,2,335,47,66,204,4,0,0,0,0,0,0,0
2026-07-01 07:45,613,4,306,44,52,206,1,0,0,0,0,0,0,0
2026-07-01 08:00,501,2,253,34,45,167,0,0,0,0,0,0,0,0
2026-07-01 08:15,473,2,240,31,35,160,5,0,0,0,0,0,0,0
2026-07-01 08:30,425,3,224,20,40,136,2,0,0,0,0,0,0,0
2026-07-01 08:45,471,2,248,36,45,136,4,0,0,0,0,0,0,0
2026-07-01 09:00,274,1,146,17,16,89,5,0,0,0,0,0,0,0
2026-07-01 09:15,274,0,152,25,23,74,0,0,0,0,0,0,0,0
2026-07-01 09:30,264,0,146,17,14,87,0,0,0,0,0,0,0,0
2026-07-01 09:45,365,0,188,25,24,125,3,0,0,0,0,0,0,0
2026-07-01 10:00,281,4,143,24,19,86,5,0,0,0,0,0,0,0
2026-07-01 10:15,245,3,127,24,13,76,2,0,0,0,0,0,0,0
2026-07-01 10:30,260,0,148,21,15,74,2,0,0,0,0,0,0,0
2026-07-01 10:45,248,2,125,22,14,84,1,0,0,0,0,0,0,0
2026-07-01 11:00,275,1,144,27,17,83,3,0,0,0,0,0,0,0
2026-07-01 11:15,243,0,104,35,11,92,1,0,0,0,0,0,0,0
2026-07-01 11:30,294,0,150,30,15,92,7,0,0,0,0,0,0,0
2026-07-01 11:45,328,0,150,39,17,119,3,0,0,0,0,0,0,0
2026-07-01 12:00,334,3,156,38,20,113,4,0,0,0,0,0,0,0
2026-07-01 12:15,326,1,152,30,23,118,2,0,0,0,0,0,0,0
2026-07-01 12:30,401,5,147,69,17,154,9,0,0,0,0,0,0,0
2026-07-01 12:45,371,4,166,36,28,132,5,0,0,0,0,0,0,0
2026-07-01 13:00,408,2,196,34,39,132,5,0,0,0,0,0,0,0
2026-07-01 13:15,327,2,136,39,10,136,4,0,0,0,0,0,0,0
2026-07-01 13:30,341,3,152,34,21,126,5,0,0,0,0,0,0,0
2026-07-01 13:45,415,2,187,43,22,157,4,0,0,0,0,0,0,0
2026-07-01 14:00,349,3,142,39,12,150,3,0,0,0,0,0,0,0
2026-07-01 14:15,339,2,153,36,23,122,3,0,0,0,0,0,0,0
2026-07-01 14:30,349,5,145,41,16,140,2,0,0,0,0,0,0,0
2026-07-01 14:45,371,1,165,56,8,137,4,0,0,0,0,0,0,0
2026-07-01 15:00,350,3,146,36,18,144,3,0,0,0,0,0,0,0
2026-07-01 15:15,402,4,202,39,28,125,4,0,0,0,0,0,0,0
2026-07-01 15:30,475,6,211,52,45,153,8,0,0,0,0,0,0,0
2026-07-01 15:45,478,2,200,64,29,180,3,0,0,0,0,0,0,0
2026-07-01 16:00,480,1,213,45,32,186,3,0,0,0,0,0,0,0
2026-07-01 16:15,518,5,225,63,25,193,7,0,0,0,0,0,0,0
2026-07-01 16:30,514,2,200,72,34,200,6,0,0,0,0,0,0,0
2026-07-01 16:45,510,6,232,58,34,179,1,0,0,0,0,0,0,0
2026-07-01 17:00,487,4,192,59,28,201,3,0,0,0,0,0,0,0
2026-07-01 17:15,515,4,214,81,28,181,7,0,0,0,0,0,0,0
2026-07-01 17:30,509,2,194,78,25,196,14,0,0,0,0,0,0,0
2026-07-01 17:45,550,1,238,56,37,217,1,0,0,0,0,0,0,0
2026-07-01 18:00,471,5,189,63,32,178,4,0,0,0,0,0,0,0
2026-07-01 18:15,488,7,208,62,32,171,8,0,0,0,0,0,0,0
2026-07-01 18:30,396,5,180,58,27,122,4,0,0,0,0,0,0,0
2026-07-01 18:45,406,5,175,61,22,141,2,0,0,0,0,0,0,0
2026-07-01 19:00,405,3,147,65,26,160,4,0,0,0,0,0,0,0
2026-07-01 19:15,312,4,114,55,18,118,3,0,0,0,0,0,0,0
2026-07-01 19:30,261,2,102,41,19,91,6,0,0,0,0,0,0,0
2026-07-01 19:45,277,1,104,52,20,92,8,0,0,0,0,0,0,0
2026-07-01 20:00,252,3,91,39,16,97,6,0,0,0,0,0,0,0
2026-07-01 20:15,241,1,93,44,16,82,5,0,0,0,0,0,0,0
2026-07-01 20:30,244,5,88,39,15,94,3,0,0,0,0,0,0,0
2026-07-01 20:45,212,6,83,48,17,51,7,0,0,0,0,0,0,0
2026-07-01 21:00,196,1,54,58,7,75,1,0,0,0,0,0,0,0
2026-07-01 21:15,237,6,72,58,17,78,6,0,0,0,0,0,0,0
2026-07-01 21:30,176,4,58,40,4,65,5,0,0,0,0,0,0,0
2026-07-01 21:45,216,3,56,55,9,88,5,0,0,0,0,0,0,0
2026-07-01 22:00,181,4,53,43,12,67,2,0,0,0,0,0,0,0
2026-07-01 22:15,169,4,61,32,14,56,2,0,0,0,0,0,0,0
2026-07-01 22:30,157,0,60,34,10,51,2,0,0,0,0,0,0,0
2026-07-01 22:45,139,3,52,29,6,48,1,0,0,0,0,0,0,0
2026-07-01 23:00,105,1,29,23,7,43,2,0,0,0,0,0,0,0
2026-07-01 23:15,71,2,23,18,9,15,4,0,0,0,0,0,0,0
2026-07-01 23:30,65,0,19,22,2,21,1,0,0,0,0,0,0,0
2026-07-01 23:45,42,0,13,15,1,13,0,0,0,0,0,0,0,0
2026-07-02 00:00,45,1,21,8,5,9,1,0,0,0,0,0,0,0
2026-07-02 00:15,27,2,10,8,4,2,1,0,0,0,0,0,0,0
2026-07-02 00:30,31,3,5,10,3,9,1,0,0,0,0,0,0,0
2026-07-02 00:45,20,1,12,1,3,3,0,0,0,0,0,0,0,0
2026-07-02 01:00,38,0,16,6,5,11,0,0,0,0,0,0,0,0
2026-07-02 01:15,18,2,5,6,1,4,0,0,0,0,0,0,0,0
2026-07-02 01:30,13,1,4,3,3,1,1,0,0,0,0,0,0,0
2026-07-02 01:45,21,1,6,3,4,6,1,0,0,0,0,0,0,0
2026-07-02 02:00,3,1,1,0,0,1,0,0,0,0,0,0,0,0
2026-07-02 02:15,10,0,4,3,1,2,0,0,0,0,0,0,0,0
2026-07-02 02:30,10,0,2,3,3,2,0,0,0,0,0,0,0,0
2026-07-02 02:45,2,0,1,0,0,1,0,0,0,0,0,0,0,0
2026-07-02 03:00,11,0,3,3,1,3,1,0,0,0,0,0,0,0
2026-07-02 03:15,6,0,4,0,1,0,1,0,0,0,0,0,0,0
2026-07-02 03:30,2,0,1,1,0,0,0,0,0,0,0,0,0,0
2026-07-02 03:45,3,0,1,1,0,0,1,0,0,0,0,0,0,0
2026-07-02 04:00,11,0,6,2,1,1,1,0,0,0,0,0,0,0
2026-07-02 04:15,9,0,7,1,1,0,0,0,0,0,0,0,0,0
2026-07-02 04:30,7,0,3,2,1,1,0,0,0,0,0,0,0,0
2026-07-02 04:45,14,0,8,3,1,2,0,0,0,0,0,0,0,0
2026-07-02 05:00,11,0,7,1,2,1,0,0,0,0,0,0,0,0
2026-07-02 05:15,45,0,26,7,2,10,0,0,0,0,0,0,0,0
2026-07-02 05:30,56,2,22,13,3,16,0,0,0,0,0,0,0,0
2026-07-02 05:45,85,0,48,13,3,21,0,0,0,0,0,0,0,0
2026-07-02 06:00,81,0,46,11,5,19,0,0,0,0,0,0,0,0
2026-07-02 06:15,161,2,81,20,6,51,1,0,0,0,0,0,0,0
2026-07-02 06:30,157,1,79,18,9,50,0,0,0,0,0,0,0,0
2026-07-02 06:45,279,1,161,17,24,74,2,0,0,0,0,0,0,0
2026-07-02 07:00,269,2,136,32,14,84,1,0,0,0,0,0,0,0
2026-07-02 07:15,422,3,212,28,39,137,3,0,0,0,0,0,0,0
2026-07-02 07:30,632,3,327,36,64,199,3,0,0,0,0,0,0,0
2026-07-02 07:45,647,2,333,46,61,205,0,0,0,0,0,0,0,0
2026-07-02 08:00,520,4,227,52,30,200,7,0,0,0,0,0,0,0
2026-07-02 08:15,444,1,223,26,40,152,2,0,0,0,0,0,0,0
2026-07-02 08:30,416,2,213,30,32,138,1,0,0,0,0,0,0,0
2026-07-02 08:45,424,4,242,17,33,127,1,0,0,0,0,0,0,0
2026-07-02 09:00,303,9,163,20,24,86,1,0,0,0,0,0,0,0
2026-07-02 09:15,250,0,123,16,15,96,0,0,0,0,0,0,0,0
2026-07-02 09:30,255,2,132,21,15,83,2,0,0,0,0,0,0,0
2026-07-02 09:45,371,5,191,30,24,120,1,0,0,0,0,0,0,0
2026-07-02 10:00,259,1,126,23,21,88,0,0,0,0,0,0,0,0
2026-07-02 10:15,247,3,116,33,10,84,1,0,0,0,0,0,0,0
2026-07-02 10:30,215,2,109,19,9,75,1,0,0,0,0,0,0,0
2026-07-02 10:45,281,4,131,37,8,96,5,0,0,0,0,0,0,0
2026-07-02 11:00,235,4,110,30,10,80,1,0,0,0,0,0,0,0
2026-07-02 11:15,245,2,125,26,16,71,5,0,0,0,0,0,0,0
2026-07-02 11:30,239,1,101,31,10,95,1,0,0,0,0,0,0,0
2026-07-02 11:45,329,3,158,28,21,116,3,0,0,0,0,0,0,0
2026-07-02 12:00,287,4,120,30,19,110,4,0,0,0,0,0,0,0
2026-07-02 12:15,317,5,141,45,18,104,4,0,0,0,0,0,0,0
2026-07-02 12:30,319,2,133,46,12,124,2,0,0,0,0,0,0,0
2026-07-02 12:45,338,3,154,32,18,131,0,0,0,0,0,0,0,0
2026-07-02 13:00,365,1,188,31,27,114,4,0,0,0,0,0,0,0
2026-07-02 13:15,350,4,150,56,16,119,5,0,0,0,0,0,0,0
2026-07-02 13:30,307,2,114,46,11,125,9,0,0,0,0,0,0,0
2026-07-02 13:45,384,3,169,50,17,142,3,0,0,0,0,0,0,0
2026-07-02 14:00,328,0,118,60,15,130,5,0,0,0,0,0,0,0
2026-07-02 14:15,236,1,102,22,15,93,3,0,0,0,0,0,0,0
2026-07-02 14:30,256,2,92,36,14,111,1,0,0,0,0,0,0,0
2026-07-02 14:45,307,5,139,19,17,126,1,0,0,0,0,0,0,0
2026-07-02 15:00,344,3,147,30,30,133,1,0,0,0,0,0,0,0
2026-07-02 15:15,345,7,167,23,27,119,2,0,0,0,0,0,0,0
2026-07-02 15:30,412,0,187,38,27,155,5,0,0,0,0,0,0,0
2026-07-02 15:45,440,4,199,46,17,174,0,0,0,0,0,0,0,0
2026-07-02 16:00,455,1,205,43,26,177,3,0,0,0,0,0,0,0
2026-07-02 16:15,315,5,124,39,10,134,3,0,0,0,0,0,0,0
2026-07-02 16:30,408,3,179,39,27,157,3,0,0,0,0,0,0,0
2026-07-02 16:45,455,6,216,42,28,163,0,0,0,0,0,0,0,0
2026-07-02 17:00,407,5,170,40,20,171,1,0,0,0,0,0,0,0
2026-07-02 17:15,348,2,152,25,27,142,0,0,0,0,0,0,0,0
2026-07-02 17:30,422,1,163,53,32,170,3,0,0,0,0,0,0,0
2026-07-02 17:45,435,3,177,36,38,179,2,0,0,0,0,0,0,0
2026-07-02 18:00,411,1,177,30,28,173,2,0,0,0,0,0,0,0
2026-07-02 18:15,414,7,192,25,48,136,6,0,0,0,0,0,0,0
2026-07-02 18:30,323,2,134,27,21,138,1,0,0,0,0,0,0,0
2026-07-02 18:45,337,3,158,20,26,129,1,0,0,0,0,0,0,0
2026-07-02 19:00,265,1,108,19,11,126,0,0,0,0,0,0,0,0
2026-07-02 19:15,295,2,115,25,17,136,0,0,0,0,0,0,0,0
2026-07-02 19:30,210,0,82,22,15,90,1,0,0,0,0,0,0,0
2026-07-02 19:45,213,3,90,13,11,96,0,0,0,0,0,0,0,0
2026-07-02 20:00,202,1,77,14,13,97,0,0,0,0,0,0,0,0
2026-07-02 20:15,175,3,57,21,5,89,0,0,0,0,0,0,0,0
2026-07-02 20:30,156,0,52,15,2,86,1,0,0,0,0,0,0,0
2026-07-02 20:45,177,2,69,23,10,73,0,0,0,0,0,0,0,0
2026-07-02 21:00,191,4,76,27,11,72,1,0,0,0,0,0,0,0
2026-07-02 21:15,146,1,53,15,9,68,0,0,0,0,0,0,0,0
2026-07-02 21:30,120,0,48,22,3,47,0,0,0,0,0,0,0,0
2026-07-02 21:45,175,1,56,35,11,72,0,0,0,0,0,0,0,0
2026-07-02 22:00,148,1,54,22,6,65,0,0,0,0,0,0,0,0
2026-07-02 22:15,146,3,52,31,4,55,1,0,0,0,0,0,0,0
2026-07-02 22:30,106,0,43,24,4,35,0,0,0,0,0,0,0,0
2026-07-02 22:45,122,2,36,25,7,50,2,0,0,0,0,0,0,0
2026-07-02 23:00,85,3,28,17,3,33,1,0,0,0,0,0,0,0
2026-07-02 23:15,71,0,26,12,5,27,1,0,0,0,0,0,0,0
2026-07-02 23:30,68,2,23,16,6,21,0,0,0,0,0,0,0,0
2026-07-02 23:45,39,1,9,11,3,15,0,0,0,0,0,0,0,0
2026-07-03 00:00,33,0,11,8,4,10,0,0,0,0,0,0,0,0
2026-07-03 00:15,36,2,5,14,2,13,0,0,0,0,0,0,0,0
2026-07-03 00:30,40,3,13,9,6,9,0,0,0,0,0,0,0,0
2026-07-03 00:45,32,2,6,9,4,10,1,0,0,0,0,0,0,0
2026-07-03 01:00,21,1,5,6,1,8,0,0,0,0,0,0,0,0
2026-07-03 01:15,18,1,3,5,1,8,0,0,0,0,0,0,0,0
2026-07-03 01:30,8,0,2,3,0,3,0,0,0,0,0,0,0,0
2026-07-03 01:45,13,0,6,2,1,4,0,0,0,0,0,0,0,0
2026-07-03 02:00,7,0,1,2,2,2,0,0,0,0,0,0,0,0
2026-07-03 02:15,4,1,0,1,0,2,0,0,0,0,0,0,0,0
2026-07-03 02:30,2,0,0,2,0,0,0,0,0,0,0,0,0,0
2026-07-03 02:45,2,0,1,0,0,1,0,0,0,0,0,0,0,0
2026-07-03 03:00,3,0,1,0,0,2,0,0,0,0,0,0,0,0
2026-07-03 03:15,6,0,4,2,0,0,0,0,0,0,0,0,0,0
2026-07-03 03:30,4,1,1,0,1,1,0,0,0,0,0,0,0,0
2026-07-03 03:45,0,0,0,0,0,0,0,0,0,0,0,0,0,0
2026-07-03 04:00,11,0,4,2,3,2,0,0,0,0,0,0,0,0
2026-07-03 04:15,9,0,7,1,1,0,0,0,0,0,0,0,0,0
2026-07-03 04:30,8,1,1,2,0,3,1,0,0,0,0,0,0,0
2026-07-03 04:45,13,0,8,2,2,1,0,0,0,0,0,0,0,0
2026-07-03 05:00,3,0,2,0,0,1,0,0,0,0,0,0,0,0
2026-07-03 05:15,35,1,11,9,1,12,1,0,0,0,0,0,0,0
2026-07-03 05:30,63,1,30,12,2,18,0,0,0,0,0,0,0,0
2026-07-03 05:45,64,0,32,9,3,20,0,0,0,0,0,0,0,0
2026-07-03 06:00,63,1,41,5,5,11,0,0,0,0,0,0,0,0
2026-07-03 06:15,110,1,62,5,6,36,0,0,0,0,0,0,0,0
2026-07-03 06:30,124,0,68,7,6,42,1,0,0,0,0,0,0,0
2026-07-03 06:45,200,2,124,6,15,53,0,0,0,0,0,0,0,0
2026-07-03 07:00,181,0,97,13,7,63,1,0,0,0,0,0,0,0
2026-07-03 07:15,312,1,174,15,18,104,0,0,0,0,0,0,0,0
2026-07-03 07:30,512,5,276,24,61,143,3,0,0,0,0,0,0,0
2026-07-03 07:45,557,5,293,37,49,168,5,0,0,0,0,0,0,0
2026-07-03 08:00,354,3,199,15,22,113,2,0,0,0,0,0,0,0
2026-07-03 08:15,313,1,148,25,26,111,2,0,0,0,0,0,0,0
2026-07-03 08:30,358,0,199,19,26,112,2,0,0,0,0,0,0,0
2026-07-03 08:45,362,2,198,19,30,111,2,0,0,0,0,0,0,0
2026-07-03 09:00,239,1,130,17,19,67,5,0,0,0,0,0,0,0
2026-07-03 09:15,217,0,108,20,14,72,3,0,0,0,0,0,0,0
2026-07-03 09:30,266,4,123,26,14,99,0,0,0,0,0,0,0,0
2026-07-03 09:45,313,5,173,17,20,97,1,0,0,0,0,0,0,0
2026-07-03 10:00,248,0,140,20,10,75,3,0,0,0,0,0,0,0
2026-07-03 10:15,260,7,116,20,15,101,1,0,0,0,0,0,0,0
2026-07-03 10:30,222,1,109,18,9,85,0,0,0,0,0,0,0,0
2026-07-03 10:45,255,0,132,15,17,89,2,0,0,0,0,0,0,0
2026-07-03 11:00,241,2,114,27,13,84,1,0,0,0,0,0,0,0
2026-07-03 11:15,296,0,136,32,16,109,3,0,0,0,0,0,0,0
2026-07-03 11:30,264,3,119,27,15,100,0,0,0,0,0,0,0,0
2026-07-03 11:45,266,3,134,14,14,100,1,0,0,0,0,0,0,0
2026-07-03 12:00,280,0,117,24,13,122,4,0,0,0,0,0,0,0
2026-07-03 12:15,330,0,145,36,19,130,0,0,0,0,0,0,0,0
2026-07-03 12:30,366,3,149,44,7,163,0,0,0,0,0,0,0,0
2026-07-03 12:45,353,3,179,29,28,113,1,0,0,0,0,0,0,0
2026-07-03 13:00,416,1,229,29,28,129,0,0,0,0,0,0,0,0
2026-07-03 13:15,377,4,190,33,16,132,2,0,0,0,0,0,0,0
2026-07-03 13:30,347,2,154,30,15,145,1,0,0,0,0,0,0,0
2026-07-03 13:45,403,1,170,43,17,171,1,0,0,0,0,0,0,0
2026-07-03 14:00,390,3,144,57,14,171,1,0,0,0,0,0,0,0
2026-07-03 14:15,354,2,154,37,13,143,5,0,0,0,0,0,0,0
2026-07-03 14:30,367,3,176,29,29,125,5,0,0,0,0,0,0,0
2026-07-03 14:45,356,1,162,32,24,136,1,0,0,0,0,0,0,0
2026-07-03 15:00,363,2,162,22,26,150,1,0,0,0,0,0,0,0
2026-07-03 15:15,380,3,172,31,29,142,3,0,0,0,0,0,0,0
2026-07-03 15:30,359,2,169,33,15,139,1,0,0,0,0,0,0,0
2026-07-03 15:45,347,3,163,23,27,129,2,0,0,0,0,0,0,0
2026-07-03 16:00,346,1,161,35,22,125,2,0,0,0,0,0,0,0
2026-07-03 16:15,358,0,161,37,12,144,4,0,0,0,0,0,0,0
2026-07-03 16:30,337,0,152,28,20,135,2,0,0,0,0,0,0,0
2026-07-03 16:45,397,1,196,27,26,146,1,0,0,0,0,0,0,0
2026-07-03 17:00,338,1,162,30,15,128,2,0,0,0,0,0,0,0
2026-07-03 17:15,337,2,173,23,23,116,0,0,0,0,0,0,0,0
2026-07-03 17:30,330,6,149,30,17,128,0,0,0,0,0,0,0,0
2026-07-03 17:45,399,1,177,37,30,152,2,0,0,0,0,0,0,0
2026-07-03 18:00,308,4,134,39,20,109,2,0,0,0,0,0,0,0
2026-07-03 18:15,360,8,124,49,13,165,1,0,0,0,0,0,0,0
2026-07-03 18:30,310,4,116,48,10,128,4,0,0,0,0,0,0,0
2026-07-03 18:45,400,5,162,51,28,154,0,0,0,0,0,0,0,0
2026-07-03 19:00,342,2,140,46,22,131,1,0,0,0,0,0,0,0
2026-07-03 19:15,265,0,100,48,10,102,5,0,0,0,0,0,0,0
2026-07-03 19:30,260,4,104,30,17,105,0,0,0,0,0,0,0,0
2026-07-03 19:45,273,6,111,47,14,94,1,0,0,0,0,0,0,0
2026-07-03 20:00,263,2,107,44,17,93,0,0,0,0,0,0,0,0
2026-07-03 20:15,185,0,80,34,9,61,1,0,0,0,0,0,0,0
2026-07-03 20:30,183,0,68,29,9,76,1,0,0,0,0,0,0,0
2026-07-03 20:45,168,0,73,21,9,63,2,0,0,0,0,0,0,0
2026-07-03 21:00,181,1,80,25,10,64,1,0,0,0,0,0,0,0
2026-07-03 21:15,129,1,50,24,8,44,2,0,0,0,0,0,0,0
2026-07-03 21:30,169,2,61,26,9,71,0,0,0,0,0,0,0,0
2026-07-03 21:45,131,3,49,20,7,51,1,0,0,0,0,0,0,0
2026-07-03 22:00,160,1,63,23,11,62,0,0,0,0,0,0,0,0
2026-07-03 22:15,151,1,65,26,6,53,0,0,0,0,0,0,0,0
2026-07-03 22:30,159,2,70,14,16,57,0,0,0,0,0,0,0,0
2026-07-03 22:45,128,0,52,15,15,44,2,0,0,0,0,0,0,0
2026-07-03 23:00,117,2,43,19,9,43,1,0,0,0,0,0,0,0
2026-07-03 23:15,88,5,27,14,7,35,0,0,0,0,0,0,0,0
2026-07-03 23:30,107,4,39,15,6,42,1,0,0,0,0,0,0,0
2026-07-03 23:45,116,0,48,19,9,40,0,0,0,0,0,0,0,0
2026-07-04 00:00,100,0,41,16,8,35,0,0,0,0,0,0,0,0
2026-07-04 00:15,109,1,52,16,7,33,0,0,0,0,0,0,0,0
2026-07-04 00:30,72,1,25,14,7,24,1,0,0,0,0,0,0,0
2026-07-04 00:45,75,2,28,14,6,25,0,0,0,0,0,0,0,0
2026-07-04 01:00,81,0,30,15,5,30,1,0,0,0,0,0,0,0
2026-07-04 01:15,50,2,29,4,2,13,0,0,0,0,0,0,0,0
2026-07-04 01:30,36,0,13,5,8,10,0,0,0,0,0,0,0,0
2026-07-04 01:45,43,1,23,4,4,11,0,0,0,0,0,0,0,0
2026-07-04 02:00,30,0,13,4,3,10,0,0,0,0,0,0,0,0
2026-07-04 02:15,26,0,11,4,2,9,0,0,0,0,0,0,0,0
2026-07-04 02:30,26,1,10,4,2,9,0,0,0,0,0,0,0,0
2026-07-04 02:45,31,0,13,5,4,8,1,0,0,0,0,0,0,0
2026-07-04 03:00,32,1,14,7,4,6,0,0,0,0,0,0,0,0
2026-07-04 03:15,17,1,4,4,1,7,0,0,0,0,0,0,0,0
2026-07-04 03:30,11,0,6,0,0,4,1,0,0,0,0,0,0,0
2026-07-04 03:45,17,0,6,4,1,6,0,0,0,0,0,0,0,0
2026-07-04 04:00,19,2,7,2,3,4,1,0,0,0,0,0,0,0
2026-07-04 04:15,9,0,6,1,1,0,1,0,0,0,0,0,0,0
2026-07-04 04:30,6,0,1,1,0,3,1,0,0,0,0,0,0,0
2026-07-04 04:45,7,0,7,0,0,0,0,0,0,0,0,0,0,0
2026-07-04 05:00,4,0,3,0,0,1,0,0,0,0,0,0,0,0
2026-07-04 05:15,13,1,4,4,1,3,0,0,0,0,0,0,0,0
2026-07-04 05:30,18,0,10,2,0,6,0,0,0,0,0,0,0,0
2026-07-04 05:45,20,1,9,2,3,5,0,0,0,0,0,0,0,0
2026-07-04 06:00,20,0,8,2,2,8,0,0,0,0,0,0,0,0
2026-07-04 06:15,18,0,6,5,1,6,0,0,0,0,0,0,0,0
2026-07-04 06:30,28,0,16,1,2,9,0,0,0,0,0,0,0,0
2026-07-04 06:45,22,1,9,2,2,8,0,0,0,0,0,0,0,0
2026-07-04 07:00,22,0,14,2,4,2,0,0,0,0,0,0,0,0
2026-07-04 07:15,36,0,20,8,1,7,0,0,0,0,0,0,0,0
2026-07-04 07:30,41,1,24,3,3,10,0,0,0,0,0,0,0,0
2026-07-04 07:45,58,0,35,4,4,15,0,0,0,0,0,0,0,0
2026-07-04 08:00,64,0,40,3,6,15,0,0,0,0,0,0,0,0
2026-07-04 08:15,86,0,52,9,5,19,1,0,0,0,0,0,0,0
2026-07-04 08:30,86,0,48,6,7,25,0,0,0,0,0,0,0,0
2026-07-04 08:45,145,0,84,11,8,41,1,0,0,0,0,0,0,0
2026-07-04 09:00,130,0,71,9,9,41,0,0,0,0,0,0,0,0
2026-07-04 09:15,138,0,83,6,13,35,1,0,0,0,0,0,0,0
2026-07-04 09:30,188,2,110,12,17,46,1,0,0,0,0,0,0,0
2026-07-04 09:45,253,3,143,18,21,68,0,0,0,0,0,0,0,0
2026-07-04 10:00,163,0,95,10,7,51,0,0,0,0,0,0,0,0
2026-07-04 10:15,250,0,132,19,30,69,0,0,0,0,0,0,0,0
2026-07-04 10:30,185,1,90,12,7,75,0,0,0,0,0,0,0,0
2026-07-04 10:45,234,3,125,20,13,72,1,0,0,0,0,0,0,0
2026-07-04 11:00,247,1,140,23,22,60,1,0,0,0,0,0,0,0
2026-07-04 11:15,258,1,133,22,15,86,1,0,0,0,0,0,0,0
2026-07-04 11:30,306,2,140,32,21,110,1,0,0,0,0,0,0,0
2026-07-04 11:45,272,0,157,18,10,85,2,0,0,0,0,0,0,0
2026-07-04 12:00,278,2,135,31,23,86,1,0,0,0,0,0,0,0
2026-07-04 12:15,259,2,123,17,18,99,0,0,0,0,0,0,0,0
2026-07-04 12:30,302,3,139,18,20,122,0,0,0,0,0,0,0,0
2026-07-04 12:45,371,3,170,35,45,117,1,0,0,0,0,0,0,0
2026-07-04 13:00,293,1,128,41,11,111,1,0,0,0,0,0,0,0
2026-07-04 13:15,318,1,137,31,31,117,1,0,0,0,0,0,0,0
2026-07-04 13:30,297,4,132,31,24,104,2,0,0,0,0,0,0,0
2026-07-04 13:45,311,1,148,27,18,117,0,0,0,0,0,0,0,0
2026-07-04 14:00,281,2,119,35,15,110,0,0,0,0,0,0,0,0
2026-07-04 14:15,497,8,160,115,14,198,2,0,0,0,0,0,0,0
2026-07-04 14:30,350,15,141,47,19,127,1,0,0,0,0,0,0,0
2026-07-04 14:45,330,8,127,52,15,128,0,0,0,0,0,0,0,0
2026-07-04 15:00,314,8,116,53,22,112,3,0,0,0,0,0,0,0
2026-07-04 15:15,277,3,120,41,9,102,2,0,0,0,0,0,0,0
2026-07-04 15:30,339,3,129,65,15,123,4,0,0,0,0,0,0,0
2026-07-04 15:45,317,6,116,38,20,136,1,0,0,0,0,0,0,0
2026-07-04 16:00,326,6,123,51,25,120,1,0,0,0,0,0,0,0
2026-07-04 16:15,270,0,111,36,15,107,1,0,0,0,0,0,0,0
2026-07-04 16:30,295,6,128,42,9,105,5,0,0,0,0,0,0,0
2026-07-04 16:45,348,6,151,50,19,121,1,0,0,0,0,0,0,0
2026-07-04 17:00,275,6,103,49,11,105,1,0,0,0,0,0,0,0
2026-07-04 17:15,320,2,148,34,18,118,0,0,0,0,0,0,0,0
2026-07-04 17:30,292,2,104,47,14,125,0,0,0,0,0,0,0,0
2026-07-04 17:45,318,2,134,31,23,122,6,0,0,0,0,0,0,0
2026-07-04 18:00,274,3,124,31,15,99,2,0,0,0,0,0,0,0
2026-07-04 18:15,289,1,117,32,15,121,3,0,0,0,0,0,0,0
2026-07-04 18:30,269,1,126,26,21,94,1,0,0,0,0,0,0,0
2026-07-04 18:45,290,7,109,51,12,109,2,0,0,0,0,0,0,0
2026-07-04 19:00,233,5,97,30,17,84,0,0,0,0,0,0,0,0
2026-07-04 19:15,238,1,76,46,7,108,0,0,0,0,0,0,0,0
2026-07-04 19:30,255,6,72,57,6,113,1,0,0,0,0,0,0,0
2026-07-04 19:45,222,3,82,34,15,86,2,0,0,0,0,0,0,0
2026-07-04 20:00,217,3,75,35,11,93,0,0,0,0,0,0,0,0
2026-07-04 20:15,176,0,58,31,12,73,2,0,0,0,0,0,0,0
2026-07-04 20:30,169,5,46,38,4,73,3,0,0,0,0,0,0,0
2026-07-04 20:45,162,0,51,30,9,72,0,0,0,0,0,0,0,0
2026-07-04 21:00,202,2,56,44,9,90,1,0,0,0,0,0,0,0
2026-07-04 21:15,188,1,56,43,8,78,2,0,0,0,0,0,0,0
2026-07-04 21:30,107,1,26,21,3,55,1,0,0,0,0,0,0,0
2026-07-04 21:45,146,2,49,27,6,61,1,0,0,0,0,0,0,0
2026-07-04 22:00,154,3,55,17,16,61,2,0,0,0,0,0,0,0
2026-07-04 22:15,148,1,53,30,8,55,1,0,0,0,0,0,0,0
2026-07-04 22:30,134,3,36,31,11,51,2,0,0,0,0,0,0,0
2026-07-04 22:45,127,4,24,32,7,59,1,0,0,0,0,0,0,0
2026-07-04 23:00,140,6,26,41,9,57,1,0,0,0,0,0,0,0
2026-07-04 23:15,122,0,36,30,8,47,1,0,0,0,0,0,0,0
2026-07-04 23:30,118,1,29,20,9,58,1,0,0,0,0,0,0,0
2026-07-04 23:45,141,3,35,27,8,68,0,0,0,0,0,0,0,0
2026-07-05 00:00,122,5,22,32,9,54,0,0,0,0,0,0,0,0
2026-07-05 00:15,131,0,40,25,10,51,5,0,0,0,0,0,0,0
2026-07-05 00:30,100,1,28,19,9,42,1,0,0,0,0,0,0,0
2026-07-05 00:45,114,2,21,31,4,55,1,0,0,0,0,0,0,0
2026-07-05 01:00,133,9,24,40,3,57,0,0,0,0,0,0,0,0
2026-07-05 01:15,104,0,36,21,6,41,0,0,0,0,0,0,0,0
2026-07-05 01:30,91,1,26,15,7,41,1,0,0,0,0,0,0,0
2026-07-05 01:45,60,0,8,19,2,28,3,0,0,0,0,0,0,0
2026-07-05 02:00,78,3,10,25,3,37,0,0,0,0,0,0,0,0
2026-07-05 02:15,70,7,16,27,2,18,0,0,0,0,0,0,0,0
2026-07-05 02:30,58,0,6,13,3,36,0,0,0,0,0,0,0,0
2026-07-05 02:45,54,2,6,20,3,23,0,0,0,0,0,0,0,0
2026-07-05 03:00,55,1,9,16,4,25,0,0,0,0,0,0,0,0
2026-07-05 03:15,48,1,8,12,2,25,0,0,0,0,0,0,0,0
2026-07-05 03:30,55,0,11,19,1,23,1,0,0,0,0,0,0,0
2026-07-05 03:45,49,0,10,14,1,23,1,0,0,0,0,0,0,0
2026-07-05 04:00,38,2,2,10,2,22,0,0,0,0,0,0,0,0
2026-07-05 04:15,43,2,2,14,0,25,0,0,0,0,0,0,0,0
2026-07-05 04:30,35,1,3,11,0,20,0,0,0,0,0,0,0,0
2026-07-05 04:45,33,0,3,14,0,14,2,0,0,0,0,0,0,0
2026-07-05 05:00,18,0,1,11,0,6,0,0,0,0,0,0,0,0
2026-07-05 05:15,43,0,4,13,0,26,0,0,0,0,0,0,0,0
2026-07-05 05:30,46,0,11,16,0,18,1,0,0,0,0,0,0,0
2026-07-05 05:45,41,0,9,11,1,20,0,0,0,0,0,0,0,0
2026-07-05 06:00,52,0,7,16,1,27,1,0,0,0,0,0,0,0
2026-07-05 06:15,38,0,3,16,0,19,0,0,0,0,0,0,0,0
2026-07-05 06:30,45,0,7,13,0,25,0,0,0,0,0,0,0,0
2026-07-05 06:45,50,2,7,14,0,26,1,0,0,0,0,0,0,0
2026-07-05 07:00,53,0,10,12,3,28,0,0,0,0,0,0,0,0
2026-07-05 07:15,48,0,11,14,2,21,0,0,0,0,0,0,0,0
2026-07-05 07:30,59,0,19,12,0,26,2,0,0,0,0,0,0,0
2026-07-05 07:45,74,1,23,11,5,33,1,0,0,0,0,0,0,0
2026-07-05 08:00,82,1,24,18,4,35,0,0,0,0,0,0,0,0
2026-07-05 08:15,63,1,18,12,2,30,0,0,0,0,0,0,0,0
2026-07-05 08:30,84,0,29,15,3,36,1,0,0,0,0,0,0,0
2026-07-05 08:45,106,0,37,13,2,53,1,0,0,0,0,0,0,0
2026-07-05 09:00,106,0,35,21,4,45,1,0,0,0,0,0,0,0
2026-07-05 09:15,105,0,43,16,3,43,0,0,0,0,0,0,0,0
2026-07-05 09:30,119,0,50,16,6,46,1,0,0,0,0,0,0,0
2026-07-05 09:45,152,1,67,24,7,52,1,0,0,0,0,0,0,0
2026-07-05 10:00,158,1,73,19,12,52,1,0,0,0,0,0,0,0
2026-07-05 10:15,173,1,69,23,12,68,0,0,0,0,0,0,0,0
2026-07-05 10:30,155,1,70,26,9,48,1,0,0,0,0,0,0,0
2026-07-05 10:45,171,0,73,29,7,62,0,0,0,0,0,0,0,0
2026-07-05 11:00,160,1,50,30,7,72,0,0,0,0,0,0,0,0
2026-07-05 11:15,136,3,46,28,3,56,0,0,0,0,0,0,0,0
2026-07-05 11:30,168,4,58,33,8,64,1,0,0,0,0,0,0,0
2026-07-05 11:45,181,3,66,33,7,71,1,0,0,0,0,0,0,0
2026-07-05 12:00,183,3,53,32,8,86,1,0,0,0,0,0,0,0
2026-07-05 12:15,188,4,64,42,9,66,3,0,0,0,0,0,0,0
2026-07-05 12:30,138,1,42,32,1,61,1,0,0,0,0,0,0,0
2026-07-05 12:45,187,4,66,31,12,72,2,0,0,0,0,0,0,0
2026-07-05 13:00,145,3,60,17,9,56,0,0,0,0,0,0,0,0
2026-07-05 13:15,181,4,71,26,10,68,2,0,0,0,0,0,0,0
2026-07-05 13:30,136,1,48,23,5,59,0,0,0,0,0,0,0,0
2026-07-05 13:45,262,7,67,75,4,108,1,0,0,0,0,0,0,0
2026-07-05 14:00,148,1,72,16,8,51,0,0,0,0,0,0,0,0
2026-07-05 14:15,143,0,74,15,3,49,2,0,0,0,0,0,0,0
2026-07-05 14:30,148,5,61,15,6,59,2,0,0,0,0,0,0,0
2026-07-05 14:45,70,0,26,10,4,29,1,0,0,0,0,0,0,0
2026-07-05 15:00,124,0,50,24,6,42,2,0,0,0,0,0,0,0
2026-07-05 15:15,181,0,72,29,8,72,0,0,0,0,0,0,0,0
2026-07-05 15:30,133,1,54,22,10,46,0,0,0,0,0,0,0,0
2026-07-05 15:45,131,1,64,18,9,39,0,0,0,0,0,0,0,0
2026-07-05 16:00,144,2,62,19,12,48,1,0,0,0,0,0,0,0
2026-07-05 16:15,152,0,57,29,4,61,1,0,0,0,0,0,0,0
2026-07-05 16:30,121,2,44,25,3,46,1,0,0,0,0,0,0,0
2026-07-05 16:45,160,2,66,17,13,58,4,0,0,0,0,0,0,0
2026-07-05 17:00,144,3,58,18,13,50,2,0,0,0,0,0,0,0
2026-07-05 17:15,92,0,25,26,2,38,1,0,0,0,0,0,0,0
2026-07-05 17:30,173,5,66,27,12,62,1,0,0,0,0,0,0,0
2026-07-05 17:45,230,4,95,23,20,87,1,0,0,0,0,0,0,0
2026-07-05 18:00,162,0,57,30,9,66,0,0,0,0,0,0,0,0
2026-07-05 18:15,159,2,82,22,9,43,1,0,0,0,0,0,0,0
2026-07-05 18:30,168,1,62,25,18,62,0,0,0,0,0,0,0,0
2026-07-05 18:45,161,3,69,21,14,51,3,0,0,0,0,0,0,0
2026-07-05 19:00,133,5,49,17,11,51,0,0,0,0,0,0,0,0
2026-07-05 19:15,132,5,59,19,6,42,1,0,0,0,0,0,0,0
2026-07-05 19:30,106,3,41,18,7,37,0,0,0,0,0,0,0,0
2026-07-05 19:45,127,2,51,14,16,43,1,0,0,0,0,0,0,0
2026-07-05 20:00,122,3,47,18,11,42,1,0,0,0,0,0,0,0
2026-07-05 20:15,108,0,44,14,8,41,1,0,0,0,0,0,0,0
2026-07-05 20:30,107,1,43,20,5,38,0,0,0,0,0,0,0,0
2026-07-05 20:45,138,3,43,32,4,56,0,0,0,0,0,0,0,0
2026-07-05 21:00,114,3,50,20,5,35,1,0,0,0,0,0,0,0
2026-07-05 21:15,90,2,37,16,6,28,1,0,0,0,0,0,0,0
2026-07-05 21:30,93,0,30,19,2,41,1,0,0,0,0,0,0,0
2026-07-05 21:45,97,3,27,23,1,43,0,0,0,0,0,0,0,0
2026-07-05 22:00,68,2,15,15,4,32,0,0,0,0,0,0,0,0
2026-07-05 22:15,62,3,23,14,3,18,1,0,0,0,0,0,0,0
2026-07-05 22:30,51,2,14,13,1,20,1,0,0,0,0,0,0,0
2026-07-05 22:45,41,0,13,5,5,18,0,0,0,0,0,0,0,0
2026-07-05 23:00,41,1,15,8,2,15,0,0,0,0,0,0,0,0
2026-07-05 23:15,27,1,6,9,1,10,0,0,0,0,0,0,0,0
2026-07-05 23:30,27,1,13,5,2,6,0,0,0,0,0,0,0,0
2026-07-05 23:45,21,1,4,8,0,8,0,0,0,0,0,0,0,0
2026-07-06 00:00,36,1,8,10,3,14,0,0,0,0,0,0,0,0
2026-07-06 00:15,17,0,6,4,0,6,1,0,0,0,0,0,0,0
2026-07-06 00:30,16,0,9,1,2,4,0,0,0,0,0,0,0,0
2026-07-06 00:45,12,1,2,6,0,2,1,0,0,0,0,0,0,0
2026-07-06 01:00,17,1,2,5,1,8,0,0,0,0,0,0,0,0
2026-07-06 01:15,10,0,4,2,2,2,0,0,0,0,0,0,0,0
2026-07-06 01:30,5,0,2,0,0,3,0,0,0,0,0,0,0,0
2026-07-06 01:45,9,1,1,3,0,4,0,0,0,0,0,0,0,0
2026-07-06 02:00,2,0,1,0,0,1,0,0,0,0,0,0,0,0
2026-07-06 02:15,1,0,0,1,0,0,0,0,0,0,0,0,0,0
2026-07-06 02:30,1,0,0,0,0,1,0,0,0,0,0,0,0,0
2026-07-06 02:45,1,0,1,0,0,0,0,0,0,0,0,0,0,0
2026-07-06 03:00,0,0,0,0,0,0,0,0,0,0,0,0,0,0
2026-07-06 03:15,2,0,2,0,0,0,0,0,0,0,0,0,0,0
2026-07-06 03:30,0,0,0,0,0,0,0,0,0,0,0,0,0,0
2026-07-06 03:45,1,0,1,0,0,0,0,0,0,0,0,0,0,0
2026-07-06 04:00,6,0,2,2,1,1,0,0,0,0,0,0,0,0
2026-07-06 04:15,2,0,1,0,0,1,0,0,0,0,0,0,0,0
2026-07-06 04:30,3,1,2,0,0,0,0,0,0,0,0,0,0,0
2026-07-06 04:45,17,1,7,2,2,4,1,0,0,0,0,0,0,0
2026-07-06 05:00,11,0,4,2,1,4,0,0,0,0,0,0,0,0
2026-07-06 05:15,35,4,17,4,1,9,0,0,0,0,0,0,0,0
2026-07-06 05:30,46,0,27,6,2,11,0,0,0,0,0,0,0,0
2026-07-06 05:45,65,0,34,7,2,21,1,0,0,0,0,0,0,0
2026-07-06 06:00,69,0,39,8,3,17,2,0,0,0,0,0,0,0
2026-07-06 06:15,139,0,81,6,13,38,1,0,0,0,0,0,0,0
2026-07-06 06:30,150,0,78,13,5,52,2,0,0,0,0,0,0,0
2026-07-06 06:45,225,0,127,10,16,69,3,0,0,0,0,0,0,0
2026-07-06 07:00,232,0,117,13,8,93,1,0,0,0,0,0,0,0
2026-07-06 07:15,351,2,188,20,24,116,1,0,0,0,0,0,0,0
2026-07-06 07:30,582,3,271,33,57,214,4,0,0,0,0,0,0,0
2026-07-06 07:45,543,2,266,17,65,189,4,0,0,0,0,0,0,0
2026-07-06 08:00,386,1,208,13,39,124,1,0,0,0,0,0,0,0
2026-07-06 08:15,434,2,224,29,31,145,3,0,0,0,0,0,0,0
2026-07-06 08:30,363,3,189,20,18,133,0,0,0,0,0,0,0,0
2026-07-06 08:45,412,4,217,23,34,132,2,0,0,0,0,0,0,0
2026-07-06 09:00,241,2,141,6,20,71,1,0,0,0,0,0,0,0
2026-07-06 09:15,183,2,103,16,12,49,1,0,0,0,0,0,0,0
2026-07-06 09:30,242,2,121,16,19,84,0,0,0,0,0,0,0,0
2026-07-06 09:45,270,1,163,14,13,78,1,0,0,0,0,0,0,0
2026-07-06 10:00,229,1,98,21,11,97,1,0,0,0,0,0,0,0
2026-07-06 10:15,203,1,111,9,14,68,0,0,0,0,0,0,0,0
2026-07-06 10:30,211,0,108,17,4,81,1,0,0,0,0,0,0,0
2026-07-06 10:45,211,1,111,13,12,74,0,0,0,0,0,0,0,0
2026-07-06 11:00,228,1,102,21,18,84,2,0,0,0,0,0,0,0
2026-07-06 11:15,186,1,90,16,7,71,1,0,0,0,0,0,0,0
2026-07-06 11:30,235,3,102,16,17,97,0,0,0,0,0,0,0,0
2026-07-06 11:45,251,2,122,28,11,86,2,0,0,0,0,0,0,0
2026-07-06 12:00,247,0,116,22,5,103,1,0,0,0,0,0,0,0
2026-07-06 12:15,274,2,131,21,19,98,3,0,0,0,0,0,0,0
2026-07-06 12:30,265,3,98,29,9,124,2,0,0,0,0,0,0,0
2026-07-06 12:45,293,1,159,22,13,95,3,0,0,0,0,0,0,0
2026-07-06 13:00,316,2,153,21,27,113,0,0,0,0,0,0,0,0
2026-07-06 13:15,306,2,145,27,19,110,3,0,0,0,0,0,0,0
2026-07-06 13:30,268,0,120,20,9,116,3,0,0,0,0,0,0,0
2026-07-06 13:45,332,3,144,24,23,136,2,0,0,0,0,0,0,0
2026-07-06 14:00,279,3,128,25,13,109,1,0,0,0,0,0,0,0
2026-07-06 14:15,300,0,133,20,27,118,2,0,0,0,0,0,0,0
2026-07-06 14:30,295,1,138,20,17,118,1,0,0,0,0,0,0,0
2026-07-06 14:45,346,0,155,25,17,146,3,0,0,0,0,0,0,0
2026-07-06 15:00,321,4,153,24,19,119,2,0,0,0,0,0,0,0
2026-07-06 15:15,330,3,156,26,30,113,2,0,0,0,0,0,0,0
2026-07-06 15:30,445,2,194,35,34,173,7,0,0,0,0,0,0,0
2026-07-06 15:45,445,3,199,26,29,183,5,0,0,0,0,0,0,0
2026-07-06 16:00,451,8,195,28,31,188,1,0,0,0,0,0,0,0
2026-07-06 16:15,453,4,205,36,33,175,0,0,0,0,0,0,0,0
2026-07-06 16:30,438,3,187,47,23,175,3,0,0,0,0,0,0,0
2026-07-06 16:45,420,1,197,25,37,156,4,0,0,0,0,0,0,0
2026-07-06 17:00,432,1,173,29,28,199,2,0,0,0,0,0,0,0
2026-07-06 17:15,410,3,182,27,24,174,0,0,0,0,0,0,0,0
2026-07-06 17:30,458,1,179,43,32,203,0,0,0,0,0,0,0,0
2026-07-06 17:45,506,4,210,42,33,212,5,0,0,0,0,0,0,0
2026-07-06 18:00,448,3,179,29,25,211,1,0,0,0,0,0,0,0
2026-07-06 18:15,378,3,160,34,25,155,1,0,0,0,0,0,0,0
2026-07-06 18:30,333,6,135,24,27,140,1,0,0,0,0,0,0,0
2026-07-06 18:45,353,2,171,32,26,120,2,0,0,0,0,0,0,0
2026-07-06 19:00,327,3,131,39,22,130,2,0,0,0,0,0,0,0
2026-07-06 19:15,266,0,112,27,15,110,2,0,0,0,0,0,0,0
2026-07-06 19:30,245,11,92,43,11,83,5,0,0,0,0,0,0,0
2026-07-06 19:45,243,2,93,32,20,94,2,0,0,0,0,0,0,0
2026-07-06 20:00,209,4,75,29,9,92,0,0,0,0,0,0,0,0
2026-07-06 20:15,227,2,74,33,15,101,2,0,0,0,0,0,0,0
2026-07-06 20:30,178,0,67,31,10,70,0,0,0,0,0,0,0,0
2026-07-06 20:45,189,3,69,26,16,71,4,0,0,0,0,0,0,0
2026-07-06 21:00,149,3,60,27,4,53,2,0,0,0,0,0,0,0
2026-07-06 21:15,156,1,49,26,13,66,1,0,0,0,0,0,0,0
2026-07-06 21:30,157,1,56,20,8,70,2,0,0,0,0,0,0,0
2026-07-06 21:45,124,1,40,19,4,59,1,0,0,0,0,0,0,0
2026-07-06 22:00,132,0,49,16,6,60,1,0,0,0,0,0,0,0
2026-07-06 22:15,103,0,43,15,5,38,2,0,0,0,0,0,0,0
2026-07-06 22:30,79,0,32,12,6,28,1,0,0,0,0,0,0,0
2026-07-06 22:45,79,0,30,10,4,34,1,0,0,0,0,0,0,0
2026-07-06 23:00,70,1,22,13,3,30,1,0,0,0,0,0,0,0
2026-07-06 23:15,108,1,46,15,11,35,0,0,0,0,0,0,0,0
2026-07-06 23:30,62,1,19,15,4,22,1,0,0,0,0,0,0,0
2026-07-06 23:45,30,0,14,5,4,7,0,0,0,0,0,0,0,0
2026-07-07 00:00,24,1,9,2,2,10,0,0,0,0,0,0,0,0
2026-07-07 00:15,25,0,9,3,2,11,0,0,0,0,0,0,0,0
2026-07-07 00:30,19,0,5,6,0,8,0,0,0,0,0,0,0,0
2026-07-07 00:45,23,0,8,3,3,9,0,0,0,0,0,0,0,0
2026-07-07 01:00,11,0,6,2,0,2,1,0,0,0,0,0,0,0
2026-07-07 01:15,4,1,1,1,0,1,0,0,0,0,0,0,0,0
2026-07-07 01:30,6,0,2,1,0,2,1,0,0,0,0,0,0,0
2026-07-07 01:45,10,1,3,2,2,2,0,0,0,0,0,0,0,0
2026-07-07 02:00,5,0,1,1,0,3,0,0,0,0,0,0,0,0
2026-07-07 02:15,3,1,0,1,0,1,0,0,0,0,0,0,0,0
2026-07-07 02:30,7,0,4,1,0,2,0,0,0,0,0,0,0,0
2026-07-07 02:45,1,0,0,0,0,1,0,0,0,0,0,0,0,0
2026-07-07 03:00,2,0,2,0,0,0,0,0,0,0,0,0,0,0
2026-07-07 03:15,3,0,2,0,1,0,0,0,0,0,0,0,0,0
2026-07-07 03:30,4,0,2,1,0,1,0,0,0,0,0,0,0,0
2026-07-07 03:45,3,0,1,1,1,0,0,0,0,0,0,0,0,0
2026-07-07 04:00,4,0,2,0,2,0,0,0,0,0,0,0,0,0
2026-07-07 04:15,6,1,1,1,0,3,0,0,0,0,0,0,0,0
2026-07-07 04:30,5,0,4,0,1,0,0,0,0,0,0,0,0,0
2026-07-07 04:45,15,0,9,2,1,3,0,0,0,0,0,0,0,0
2026-07-07 05:00,11,0,6,1,0,4,0,0,0,0,0,0,0,0
2026-07-07 05:15,38,0,27,3,1,7,0,0,0,0,0,0,0,0
2026-07-07 05:30,55,2,23,10,1,19,0,0,0,0,0,0,0,0
2026-07-07 05:45,93,0,57,6,4,26,0,0,0,0,0,0,0,0
2026-07-07 06:00,95,0,53,5,3,34,0,0,0,0,0,0,0,0
2026-07-07 06:15,141,2,83,5,7,44,0,0,0,0,0,0,0,0
2026-07-07 06:30,177,1,85,14,8,68,1,0,0,0,0,0,0,0
2026-07-07 06:45,258,2,148,9,22,77,0,0,0,0,0,0,0,0
2026-07-07 07:00,245,0,127,14,11,91,2,0,0,0,0,0,0,0
2026-07-07 07:15,416,1,216,19,36,141,3,0,0,0,0,0,0,0
2026-07-07 07:30,622,4,326,135,30,125,2,0,0,0,0,0,0,0
2026-07-07 07:45,647,2,318,59,53,214,1,0,0,0,0,0,0,0
2026-07-07 08:00,485,1,263,13,48,159,1,0,0,0,0,0,0,0
2026-07-07 08:15,432,1,237,15,37,141,1,0,0,0,0,0,0,0
2026-07-07 08:30,395,1,206,22,35,131,0,0,0,0,0,0,0,0
2026-07-07 08:45,437,3,229,17,41,144,3,0,0,0,0,0,0,0
2026-07-07 09:00,308,0,160,10,27,108,3,0,0,0,0,0,0,0
2026-07-07 09:15,236,1,130,11,17,75,2,0,0,0,0,0,0,0
2026-07-07 09:30,227,2,118,5,13,88,1,0,0,0,0,0,0,0
2026-07-07 09:45,370,2,195,22,27,122,2,0,0,0,0,0,0,0
2026-07-07 10:00,253,4,141,16,22,69,1,0,0,0,0,0,0,0
2026-07-07 10:15,270,3,130,12,19,98,8,0,0,0,0,0,0,0
2026-07-07 10:30,216,2,116,9,19,70,0,0,0,0,0,0,0,0
2026-07-07 10:45,257,1,124,20,11,100,1,0,0,0,0,0,0,0
2026-07-07 11:00,234,2,102,18,13,98,1,0,0,0,0,0,0,0
2026-07-07 11:15,253,1,121,13,11,106,1,0,0,0,0,0,0,0
2026-07-07 11:30,253,2,130,9,24,84,4,0,0,0,0,0,0,0
2026-07-07 11:45,300,1,133,23,19,122,2,0,0,0,0,0,0,0
2026-07-07 12:00,323,3,155,21,19,125,0,0,0,0,0,0,0,0
2026-07-07 12:15,273,2,128,14,22,106,1,0,0,0,0,0,0,0
2026-07-07 12:30,324,1,138,28,17,140,0,0,0,0,0,0,0,0
2026-07-07 12:45,290,1,152,12,15,110,0,0,0,0,0,0,0,0
2026-07-07 13:00,364,1,183,18,35,125,2,0,0,0,0,0,0,0
2026-07-07 13:15,319,1,133,26,31,127,1,0,0,0,0,0,0,0
2026-07-07 13:30,332,3,150,15,14,150,0,0,0,0,0,0,0,0
2026-07-07 13:45,396,6,169,32,22,166,1,0,0,0,0,0,0,0
2026-07-07 14:00,367,3,155,31,25,152,1,0,0,0,0,0,0,0
2026-07-07 14:15,383,7,158,38,19,160,1,0,0,0,0,0,0,0
2026-07-07 14:30,353,4,155,27,24,141,2,0,0,0,0,0,0,0
2026-07-07 14:45,393,2,161,25,30,173,2,0,0,0,0,0,0,0
2026-07-07 15:00,386,3,181,25,34,141,2,0,0,0,0,0,0,0
2026-07-07 15:15,386,2,169,24,32,154,5,0,0,0,0,0,0,0
2026-07-07 15:30,412,2,195,29,19,158,9,0,0,0,0,0,0,0
2026-07-07 15:45,441,4,197,26,47,159,8,0,0,0,0,0,0,0
2026-07-07 16:00,514,2,220,40,27,219,6,0,0,0,0,0,0,0
2026-07-07 16:15,466,2,217,32,32,178,5,0,0,0,0,0,0,0
2026-07-07 16:30,454,6,175,47,27,191,8,0,0,0,0,0,0,0
2026-07-07 16:45,479,3,220,27,29,194,6,0,0,0,0,0,0,0
2026-07-07 17:00,504,3,225,41,30,201,4,0,0,0,0,0,0,0
2026-07-07 17:15,478,2,187,58,24,202,5,0,0,0,0,0,0,0
2026-07-07 17:30,463,3,198,42,23,192,5,0,0,0,0,0,0,0
2026-07-07 17:45,560,5,243,51,37,216,8,0,0,0,0,0,0,0
2026-07-07 18:00,458,2,171,55,31,197,2,0,0,0,0,0,0,0
2026-07-07 18:15,414,4,163,46,22,174,5,0,0,0,0,0,0,0
2026-07-07 18:30,320,4,129,31,17,135,4,0,0,0,0,0,0,0
2026-07-07 18:45,355,2,173,31,13,131,5,0,0,0,0,0,0,0
2026-07-07 19:00,343,1,120,44,22,151,5,0,0,0,0,0,0,0
2026-07-07 19:15,286,2,114,35,13,120,2,0,0,0,0,0,0,0
2026-07-07 19:30,288,4,122,33,15,109,5,0,0,0,0,0,0,0
2026-07-07 19:45,256,4,97,34,11,108,2,0,0,0,0,0,0,0
2026-07-07 20:00,208,4,78,24,7,93,2,0,0,0,0,0,0,0
2026-07-07 20:15,213,3,83,28,11,87,1,0,0,0,0,0,0,0
2026-07-07 20:30,152,0,66,14,11,58,3,0,0,0,0,0,0,0
2026-07-07 20:45,157,2,65,16,11,63,0,0,0,0,0,0,0,0
2026-07-07 21:00,168,2,64,22,10,70,0,0,0,0,0,0,0,0
2026-07-07 21:15,143,2,59,19,6,56,1,0,0,0,0,0,0,0
2026-07-07 21:30,186,0,87,14,11,73,1,0,0,0,0,0,0,0
2026-07-07 21:45,143,1,42,19,8,73,0,0,0,0,0,0,0,0
2026-07-07 22:00,147,2,52,18,11,63,1,0,0,0,0,0,0,0
2026-07-07 22:15,129,1,54,13,7,52,2,0,0,0,0,0,0,0
2026-07-07 22:30,105,1,35,15,4,48,2,0,0,0,0,0,0,0
2026-07-07 22:45,83,0,38,9,7,29,0,0,0,0,0,0,0,0
2026-07-07 23:00,75,2,34,6,6,25,2,0,0,0,0,0,0,0
2026-07-07 23:15,49,1,21,3,5,19,0,0,0,0,0,0,0,0
2026-07-07 23:30,41,0,11,6,3,21,0,0,0,0,0,0,0,0
2026-07-07 23:45,25,1,8,5,2,8,1,0,0,0,0,0,0,0
2026-07-08 00:00,17,0,8,1,3,5,0,0,0,0,0,0,0,0
2026-07-08 00:15,19,1,11,1,2,3,1,0,0,0,0,0,0,0
2026-07-08 00:30,20,0,11,2,1,6,0,0,0,0,0,0,0,0
2026-07-08 00:45,13,1,6,2,0,4,0,0,0,0,0,0,0,0
2026-07-08 01:00,22,1,4,6,0,10,1,0,0,0,0,0,0,0
2026-07-08 01:15,10,0,5,0,2,3,0,0,0,0,0,0,0,0
2026-07-08 01:30,5,0,4,0,1,0,0,0,0,0,0,0,0,0
2026-07-08 01:45,4,0,4,0,0,0,0,0,0,0,0,0,0,0
2026-07-08 02:00,8,0,5,1,1,1,0,0,0,0,0,0,0,0
2026-07-08 02:15,2,0,0,0,0,2,0,0,0,0,0,0,0,0
2026-07-08 02:30,4,0,2,1,0,1,0,0,0,0,0,0,0,0
2026-07-08 02:45,3,0,1,0,0,1,1,0,0,0,0,0,0,0
2026-07-08 03:00,6,0,5,0,0,1,0,0,0,0,0,0,0,0
2026-07-08 03:15,3,0,1,0,1,0,1,0,0,0,0,0,0,0
2026-07-08 03:30,2,0,1,0,0,1,0,0,0,0,0,0,0,0
2026-07-08 03:45,0,0,0,0,0,0,0,0,0,0,0,0,0,0
2026-07-08 04:00,2,0,1,0,1,0,0,0,0,0,0,0,0,0
2026-07-08 04:15,5,0,2,1,0,2,0,0,0,0,0,0,0,0
2026-07-08 04:30,3,0,2,0,0,1,0,0,0,0,0,0,0,0
2026-07-08 04:45,12,0,7,2,0,2,1,0,0,0,0,0,0,0
2026-07-08 05:00,13,0,6,3,0,4,0,0,0,0,0,0,0,0
2026-07-08 05:15,33,2,17,2,2,10,0,0,0,0,0,0,0,0
2026-07-08 05:30,43,3,18,4,0,18,0,0,0,0,0,0,0,0
2026-07-08 05:45,73,0,39,3,6,24,1,0,0,0,0,0,0,0
2026-07-08 06:00,77,0,54,4,2,15,2,0,0,0,0,0,0,0
2026-07-08 06:15,158,1,91,7,11,47,1,0,0,0,0,0,0,0
2026-07-08 06:30,163,0,89,5,14,54,1,0,0,0,0,0,0,0
2026-07-08 06:45,268,0,157,10,17,84,0,0,0,0,0,0,0,0
2026-07-08 07:00,247,2,137,14,6,88,0,0,0,0,0,0,0,0
2026-07-08 07:15,381,3,210,20,22,126,0,0,0,0,0,0,0,0
2026-07-08 07:30,548,2,269,30,49,193,5,0,0,0,0,0,0,0
2026-07-08 07:45,596,2,305,22,51,212,4,0,0,0,0,0,0,0
2026-07-08 08:00,453,7,225,23,41,157,0,0,0,0,0,0,0,0
2026-07-08 08:15,408,1,214,21,31,139,2,0,0,0,0,0,0,0
2026-07-08 08:30,420,4,215,33,19,149,0,0,0,0,0,0,0,0
2026-07-08 08:45,390,4,230,22,22,107,5,0,0,0,0,0,0,0
2026-07-08 09:00,260,1,144,18,11,86,0,0,0,0,0,0,0,0
2026-07-08 09:15,245,3,146,8,19,69,0,0,0,0,0,0,0,0
2026-07-08 09:30,264,2,137,11,14,100,0,0,0,0,0,0,0,0
2026-07-08 09:45,311,1,181,17,27,82,3,0,0,0,0,0,0,0
2026-07-08 10:00,249,1,124,14,15,94,1,0,0,0,0,0,0,0
2026-07-08 10:15,204,2,99,14,14,75,0,0,0,0,0,0,0,0
2026-07-08 10:30,223,1,124,11,15,72,0,0,0,0,0,0,0,0
2026-07-08 10:45,244,3,119,24,11,87,0,0,0,0,0,0,0,0
2026-07-08 11:00,222,2,115,15,6,83,1,0,0,0,0,0,0,0
2026-07-08 11:15,240,1,116,21,12,90,0,0,0,0,0,0,0,0
2026-07-08 11:30,230,4,115,21,7,82,1,0,0,0,0,0,0,0
2026-07-08 11:45,304,1,152,14,28,107,2,0,0,0,0,0,0,0
2026-07-08 12:00,269,2,122,20,13,112,0,0,0,0,0,0,0,0
2026-07-08 12:15,313,3,150,22,29,108,1,0,0,0,0,0,0,0
2026-07-08 12:30,317,3,148,23,18,123,2,0,0,0,0,0,0,0
2026-07-08 12:45,315,1,153,21,14,126,0,0,0,0,0,0,0,0
2026-07-08 13:00,307,1,148,29,19,108,2,0,0,0,0,0,0,0
2026-07-08 13:15,282,2,139,16,15,110,0,0,0,0,0,0,0,0
2026-07-08 13:30,331,1,155,19,20,135,1,0,0,0,0,0,0,0
2026-07-08 13:45,315,0,156,19,15,125,0,0,0,0,0,0,0,0
2026-07-08 14:00,328,1,143,21,20,143,0,0,0,0,0,0,0,0
2026-07-08 14:15,349,4,157,22,19,145,2,0,0,0,0,0,0,0
2026-07-08 14:30,304,1,139,27,20,117,0,0,0,0,0,0,0,0
2026-07-08 14:45,323,1,154,26,24,118,0,0,0,0,0,0,0,0
2026-07-08 15:00,345,4,158,28,12,143,0,0,0,0,0,0,0,0
2026-07-08 15:15,333,0,170,22,24,117,0,0,0,0,0,0,0,0
2026-07-08 15:30,452,4,201,32,31,181,3,0,0,0,0,0,0,0
2026-07-08 15:45,493,0,224,34,37,191,7,0,0,0,0,0,0,0
2026-07-08 16:00,434,3,192,38,31,169,1,0,0,0,0,0,0,0
2026-07-08 16:15,490,1,213,46,30,197,3,0,0,0,0,0,0,0
2026-07-08 16:30,438,2,194,29,31,177,5,0,0,0,0,0,0,0
2026-07-08 16:45,419,2,191,25,25,175,1,0,0,0,0,0,0,0
2026-07-08 17:00,443,4,188,36,36,176,3,0,0,0,0,0,0,0
2026-07-08 17:15,439,4,177,43,29,186,0,0,0,0,0,0,0,0
2026-07-08 17:30,480,9,190,45,37,199,0,0,0,0,0,0,0,0
2026-07-08 17:45,504,2,223,34,27,216,2,0,0,0,0,0,0,0
2026-07-08 18:00,478,2,216,45,33,179,3,0,0,0,0,0,0,0
2026-07-08 18:15,382,2,186,28,24,140,2,0,0,0,0,0,0,0
2026-07-08 18:30,366,2,155,38,19,151,1,0,0,0,0,0,0,0
2026-07-08 18:45,377,6,151,40,29,148,3,0,0,0,0,0,0,0
2026-07-08 19:00,325,2,119,47,12,144,1,0,0,0,0,0,0,0
2026-07-08 19:15,327,1,116,38,25,146,1,0,0,0,0,0,0,0
2026-07-08 19:30,279,1,109,30,19,118,2,0,0,0,0,0,0,0
2026-07-08 19:45,272,3,99,33,15,121,1,0,0,0,0,0,0,0
2026-07-08 20:00,235,2,83,34,3,112,1,0,0,0,0,0,0,0
2026-07-08 20:15,189,3,75,18,8,85,0,0,0,0,0,0,0,0
2026-07-08 20:30,183,4,54,27,10,88,0,0,0,0,0,0,0,0
2026-07-08 20:45,160,2,58,19,11,69,1,0,0,0,0,0,0,0
2026-07-08 21:00,185,2,68,28,12,74,1,0,0,0,0,0,0,0
2026-07-08 21:15,164,0,65,20,9,69,1,0,0,0,0,0,0,0
2026-07-08 21:30,173,0,52,29,9,83,0,0,0,0,0,0,0,0
2026-07-08 21:45,155,0,61,14,6,74,0,0,0,0,0,0,0,0
2026-07-08 22:00,181,2,78,16,13,71,1,0,0,0,0,0,0,0
2026-07-08 22:15,163,3,65,27,17,49,2,0,0,0,0,0,0,0
2026-07-08 22:30,144,0,73,10,14,46,1,0,0,0,0,0,0,0
2026-07-08 22:45,117,0,46,18,3,49,1,0,0,0,0,0,0,0
2026-07-08 23:00,103,1,32,20,9,41,0,0,0,0,0,0,0,0
2026-07-08 23:15,66,4,20,12,6,24,0,0,0,0,0,0,0,0
2026-07-08 23:30,60,1,17,9,2,29,2,0,0,0,0,0,0,0
2026-07-08 23:45,36,1,14,3,2,16,0,0,0,0,0,0,0,0
2026-07-09 00:00,39,1,21,5,1,10,1,0,0,0,0,0,0,0
2026-07-09 00:15,34,2,11,7,1,12,1,0,0,0,0,0,0,0
2026-07-09 00:30,37,1,8,7,4,17,0,0,0,0,0,0,0,0
2026-07-09 00:45,21,1,7,3,2,8,0,0,0,0,0,0,0,0
2026-07-09 01:00,28,0,4,9,0,15,0,0,0,0,0,0,0,0
2026-07-09 01:15,21,1,8,4,2,6,0,0,0,0,0,0,0,0
2026-07-09 01:30,14,1,8,0,1,3,1,0,0,0,0,0,0,0
2026-07-09 01:45,8,0,2,3,0,3,0,0,0,0,0,0,0,0
2026-07-09 02:00,12,2,3,3,1,3,0,0,0,0,0,0,0,0
2026-07-09 02:15,13,0,5,2,1,5,0,0,0,0,0,0,0,0
2026-07-09 02:30,8,0,4,1,2,1,0,0,0,0,0,0,0,0
2026-07-09 02:45,9,0,2,3,0,4,0,0,0,0,0,0,0,0
2026-07-09 03:00,4,0,2,2,0,0,0,0,0,0,0,0,0,0
2026-07-09 03:15,9,0,3,2,0,4,0,0,0,0,0,0,0,0
2026-07-09 03:30,4,1,2,0,0,0,1,0,0,0,0,0,0,0
2026-07-09 03:45,2,0,1,0,0,1,0,0,0,0,0,0,0,0
2026-07-09 04:00,4,0,1,0,2,0,1,0,0,0,0,0,0,0
2026-07-09 04:15,8,0,5,0,0,3,0,0,0,0,0,0,0,0
2026-07-09 04:30,5,0,2,0,0,3,0,0,0,0,0,0,0,0
2026-07-09 04:45,12,0,9,0,0,3,0,0,0,0,0,0,0,0
2026-07-09 05:00,12,0,3,4,2,3,0,0,0,0,0,0,0,0
2026-07-09 05:15,35,2,22,2,1,8,0,0,0,0,0,0,0,0
2026-07-09 05:30,49,0,22,4,6,17,0,0,0,0,0,0,0,0
2026-07-09 05:45,80,0,49,4,2,25,0,0,0,0,0,0,0,0
2026-07-09 06:00,73,0,46,5,3,19,0,0,0,0,0,0,0,0
2026-07-09 06:15,157,0,95,6,5,50,1,0,0,0,0,0,0,0
2026-07-09 06:30,159,0,93,6,8,48,4,0,0,0,0,0,0,0
2026-07-09 06:45,232,2,128,10,14,77,1,0,0,0,0,0,0,0
2026-07-09 07:00,241,2,121,21,11,86,0,0,0,0,0,0,0,0
2026-07-09 07:15,342,1,187,12,19,121,2,0,0,0,0,0,0,0
2026-07-09 07:30,558,0,300,25,57,176,0,0,0,0,0,0,0,0
2026-07-09 07:45,588,2,280,31,49,225,1,0,0,0,0,0,0,0
2026-07-09 08:00,455,3,233,20,31,167,1,0,0,0,0,0,0,0
2026-07-09 08:15,433,1,240,9,48,131,4,0,0,0,0,0,0,0
2026-07-09 08:30,384,1,215,14,33,120,1,0,0,0,0,0,0,0
2026-07-09 08:45,436,1,254,15,49,116,1,0,0,0,0,0,0,0
2026-07-09 09:00,282,0,161,9,19,91,2,0,0,0,0,0,0,0
2026-07-09 09:15,249,1,135,11,17,84,1,0,0,0,0,0,0,0
2026-07-09 09:30,239,9,118,15,11,84,2,0,0,0,0,0,0,0
2026-07-09 09:45,338,8,176,20,23,111,0,0,0,0,0,0,0,0
2026-07-09 10:00,245,0,124,14,12,93,2,0,0,0,0,0,0,0
2026-07-09 10:15,207,5,99,15,15,73,0,0,0,0,0,0,0,0
2026-07-09 10:30,200,0,99,14,10,74,3,0,0,0,0,0,0,0
2026-07-09 10:45,267,1,139,19,16,89,3,0,0,0,0,0,0,0
2026-07-09 11:00,236,1,112,12,12,98,1,0,0,0,0,0,0,0
2026-07-09 11:15,229,2,120,14,11,82,0,0,0,0,0,0,0,0
2026-07-09 11:30,264,2,131,17,20,92,2,0,0,0,0,0,0,0
2026-07-09 11:45,275,0,136,17,15,105,2,0,0,0,0,0,0,0
2026-07-09 12:00,264,2,126,21,17,97,1,0,0,0,0,0,0,0
2026-07-09 12:15,295,0,141,19,20,114,1,0,0,0,0,0,0,0
2026-07-09 12:30,332,3,124,39,19,147,0,0,0,0,0,0,0,0
2026-07-09 12:45,313,3,124,35,10,141,0,0,0,0,0,0,0,0
2026-07-09 13:00,311,1,150,20,16,123,1,0,0,0,0,0,0,0
2026-07-09 13:15,285,2,125,21,14,123,0,0,0,0,0,0,0,0
2026-07-09 13:30,309,1,162,23,17,104,2,0,0,0,0,0,0,0
2026-07-09 13:45,323,4,156,20,24,117,2,0,0,0,0,0,0,0
2026-07-09 14:00,347,2,158,32,22,133,0,0,0,0,0,0,0,0
2026-07-09 14:15,344,1,169,18,19,134,3,0,0,0,0,0,0,0
2026-07-09 14:30,377,0,184,21,15,156,1,0,0,0,0,0,0,0
2026-07-09 14:45,398,2,170,27,25,172,2,0,0,0,0,0,0,0
2026-07-09 15:00,357,3,172,22,14,145,1,0,0,0,0,0,0,0
2026-07-09 15:15,384,4,171,28,25,154,2,0,0,0,0,0,0,0
2026-07-09 15:30,351,8,170,19,15,138,1,0,0,0,0,0,0,0
2026-07-09 15:45,478,0,220,37,30,191,0,0,0,0,0,0,0,0
2026-07-09 16:00,471,2,210,37,35,185,2,0,0,0,0,0,0,0
2026-07-09 16:15,438,1,205,30,24,176,2,0,0,0,0,0,0,0
2026-07-09 16:30,443,5,180,42,32,175,9,0,0,0,0,0,0,0
2026-07-09 16:45,539,1,262,32,53,187,4,0,0,0,0,0,0,0
2026-07-09 17:00,491,2,221,39,42,184,3,0,0,0,0,0,0,0
2026-07-09 17:15,499,2,223,34,33,207,0,0,0,0,0,0,0,0
2026-07-09 17:30,540,2,232,44,36,221,5,0,0,0,0,0,0,0
2026-07-09 17:45,606,3,264,56,42,237,4,0,0,0,0,0,0,0
2026-07-09 18:00,517,3,206,64,34,206,4,0,0,0,0,0,0,0
2026-07-09 18:15,448,2,211,31,34,169,1,0,0,0,0,0,0,0
2026-07-09 18:30,413,3,193,33,31,151,2,0,0,0,0,0,0,0
2026-07-09 18:45,426,0,177,32,40,165,12,0,0,0,0,0,0,0
2026-07-09 19:00,386,2,145,53,16,166,4,0,0,0,0,0,0,0
2026-07-09 19:15,325,5,142,36,21,120,1,0,0,0,0,0,0,0
2026-07-09 19:30,310,2,125,32,23,128,0,0,0,0,0,0,0,0
2026-07-09 19:45,319,2,118,43,13,142,1,0,0,0,0,0,0,0
2026-07-09 20:00,242,1,100,25,13,101,2,0,0,0,0,0,0,0
2026-07-09 20:15,217,3,72,31,8,101,2,0,0,0,0,0,0,0
2026-07-09 20:30,176,0,73,24,10,69,0,0,0,0,0,0,0,0
2026-07-09 20:45,188,2,69,27,9,78,3,0,0,0,0,0,0,0
2026-07-09 21:00,204,1,66,27,11,96,3,0,0,0,0,0,0,0
2026-07-09 21:15,207,1,72,33,8,92,1,0,0,0,0,0,0,0
2026-07-09 21:30,251,1,86,43,17,101,3,0,0,0,0,0,0,0
2026-07-09 21:45,241,2,93,32,16,97,1,0,0,0,0,0,0,0
2026-07-09 22:00,171,0,72,17,9,72,1,0,0,0,0,0,0,0
2026-07-09 22:15,189,3,68,30,11,76,1,0,0,0,0,0,0,0
2026-07-09 22:30,122,3,53,16,4,46,0,0,0,0,0,0,0,0
2026-07-09 22:45,89,0,38,6,7,36,2,0,0,0,0,0,0,0
2026-07-09 23:00,111,2,44,9,11,44,1,0,0,0,0,0,0,0
2026-07-09 23:15,78,0,25,15,8,27,3,0,0,0,0,0,0,0
2026-07-09 23:30,48,0,16,7,1,24,0,0,0,0,0,0,0,0
2026-07-09 23:45,52,0,12,13,0,26,1,0,0,0,0,0,0,0
2026-07-10 00:00,78,2,29,11,6,29,1,0,0,0,0,0,0,0
2026-07-10 00:15,71,2,22,13,3,29,2,0,0,0,0,0,0,0
2026-07-10 00:30,36,1,15,5,3,12,0,0,0,0,0,0,0,0
2026-07-10 00:45,23,1,9,5,2,6,0,0,0,0,0,0,0,0
2026-07-10 01:00,25,0,8,8,0,9,0,0,0,0,0,0,0,0
2026-07-10 01:15,21,0,7,3,1,10,0,0,0,0,0,0,0,0
2026-07-10 01:30,13,0,6,1,1,5,0,0,0,0,0,0,0,0
2026-07-10 01:45,15,2,4,3,2,4,0,0,0,0,0,0,0,0
2026-07-10 02:00,1,0,0,1,0,0,0,0,0,0,0,0,0,0
2026-07-10 02:15,2,0,1,0,0,1,0,0,0,0,0,0,0,0
2026-07-10 02:30,5,1,0,1,0,3,0,0,0,0,0,0,0,0
2026-07-10 02:45,1,0,1,0,0,0,0,0,0,0,0,0,0,0
2026-07-10 03:00,3,0,1,1,0,1,0,0,0,0,0,0,0,0
2026-07-10 03:15,4,0,3,0,1,0,0,0,0,0,0,0,0,0
2026-07-10 03:30,1,0,1,0,0,0,0,0,0,0,0,0,0,0
2026-07-10 03:45,1,0,1,0,0,0,0,0,0,0,0,0,0,0
2026-07-10 04:00,8,1,3,0,1,3,0,0,0,0,0,0,0,0
2026-07-10 04:15,4,0,4,0,0,0,0,0,0,0,0,0,0,0
2026-07-10 04:30,4,0,2,0,0,2,0,0,0,0,0,0,0,0
2026-07-10 04:45,13,0,5,2,1,5,0,0,0,0,0,0,0,0
2026-07-10 05:00,12,0,7,1,1,3,0,0,0,0,0,0,0,0
2026-07-10 05:15,26,0,12,5,2,7,0,0,0,0,0,0,0,0
2026-07-10 05:30,47,1,29,2,2,13,0,0,0,0,0,0,0,0
2026-07-10 05:45,63,0,35,4,3,21,0,0,0,0,0,0,0,0
2026-07-10 06:00,62,0,36,3,3,20,0,0,0,0,0,0,0,0
2026-07-10 06:15,122,1,72,4,9,36,0,0,0,0,0,0,0,0
2026-07-10 06:30,121,0,69,4,3,45,0,0,0,0,0,0,0,0
2026-07-10 06:45,194,1,114,2,25,48,4,0,0,0,0,0,0,0
2026-07-10 07:00,187,1,95,6,14,70,1,0,0,0,0,0,0,0
2026-07-10 07:15,313,3,168,12,29,97,4,0,0,0,0,0,0,0
2026-07-10 07:30,467,6,228,22,42,168,1,0,0,0,0,0,0,0
2026-07-10 07:45,489,4,265,15,50,155,0,0,0,0,0,0,0,0
2026-07-10 08:00,342,8,174,13,35,108,4,0,0,0,0,0,0,0
2026-07-10 08:15,341,3,181,11,22,124,0,0,0,0,0,0,0,0
2026-07-10 08:30,312,3,170,21,23,94,1,0,0,0,0,0,0,0
2026-07-10 08:45,372,2,223,14,29,104,0,0,0,0,0,0,0,0
2026-07-10 09:00,223,1,116,11,13,81,1,0,0,0,0,0,0,0
2026-07-10 09:15,220,2,120,5,19,72,2,0,0,0,0,0,0,0
2026-07-10 09:30,231,2,123,16,12,77,1,0,0,0,0,0,0,0
2026-07-10 09:45,295,3,154,19,22,97,0,0,0,0,0,0,0,0
2026-07-10 10:00,228,1,118,19,11,78,1,0,0,0,0,0,0,0
2026-07-10 10:15,229,2,120,11,15,79,2,0,0,0,0,0,0,0
2026-07-10 10:30,244,3,118,15,19,89,0,0,0,0,0,0,0,0
2026-07-10 10:45,290,3,141,23,16,105,2,0,0,0,0,0,0,0
2026-07-10 11:00,252,0,135,12,16,88,1,0,0,0,0,0,0,0
2026-07-10 11:15,289,2,139,18,10,117,3,0,0,0,0,0,0,0
2026-07-10 11:30,290,3,135,14,16,119,3,0,0,0,0,0,0,0
2026-07-10 11:45,309,3,148,17,22,119,0,0,0,0,0,0,0,0
2026-07-10 12:00,306,4,151,14,13,123,1,0,0,0,0,0,0,0
2026-07-10 12:15,296,3,147,22,19,104,1,0,0,0,0,0,0,0
2026-07-10 12:30,373,2,165,28,17,159,2,0,0,0,0,0,0,0
2026-07-10 12:45,341,2,160,25,18,133,3,0,0,0,0,0,0,0
2026-07-10 13:00,431,8,190,28,36,168,1,0,0,0,0,0,0,0
2026-07-10 13:15,366,4,167,28,21,146,0,0,0,0,0,0,0,0
2026-07-10 13:30,327,3,141,29,19,133,2,0,0,0,0,0,0,0
2026-07-10 13:45,345,3,157,20,17,146,2,0,0,0,0,0,0,0
2026-07-10 14:00,392,1,177,30,23,158,3,0,0,0,0,0,0,0
2026-07-10 14:15,357,4,176,20,28,126,3,0,0,0,0,0,0,0
2026-07-10 14:30,385,2,168,36,27,151,1,0,0,0,0,0,0,0
2026-07-10 14:45,403,5,188,26,21,160,3,0,0,0,0,0,0,0
2026-07-10 15:00,378,2,149,34,31,162,0,0,0,0,0,0,0,0
2026-07-10 15:15,384,2,197,24,30,130,1,0,0,0,0,0,0,0
2026-07-10 15:30,334,2,147,29,21,135,0,0,0,0,0,0,0,0
2026-07-10 15:45,456,4,217,31,46,156,2,0,0,0,0,0,0,0
2026-07-10 16:00,375,6,159,31,35,143,1,0,0,0,0,0,0,0
2026-07-10 16:15,373,1,155,46,14,157,0,0,0,0,0,0,0,0
2026-07-10 16:30,352,2,147,36,18,148,1,0,0,0,0,0,0,0
2026-07-10 16:45,345,3,169,24,31,117,1,0,0,0,0,0,0,0
2026-07-10 17:00,347,3,161,34,25,122,2,0,0,0,0,0,0,0
2026-07-10 17:15,289,1,137,29,9,111,2,0,0,0,0,0,0,0
2026-07-10 17:30,397,3,182,38,36,136,2,0,0,0,0,0,0,0
2026-07-10 17:45,446,5,182,40,46,170,3,0,0,0,0,0,0,0
2026-07-10 18:00,373,1,160,39,24,147,2,0,0,0,0,0,0,0
2026-07-10 18:15,359,3,146,44,23,142,1,0,0,0,0,0,0,0
2026-07-10 18:30,327,5,135,45,19,123,0,0,0,0,0,0,0,0
2026-07-10 18:45,322,2,151,22,38,107,2,0,0,0,0,0,0,0
2026-07-10 19:00,337,2,152,40,18,124,1,0,0,0,0,0,0,0
2026-07-10 19:15,302,2,129,31,26,110,4,0,0,0,0,0,0,0
2026-07-10 19:30,263,3,104,32,25,97,2,0,0,0,0,0,0,0
2026-07-10 19:45,239,1,119,21,21,76,1,0,0,0,0,0,0,0
2026-07-10 20:00,271,4,111,21,19,112,4,0,0,0,0,0,0,0
2026-07-10 20:15,181,2,77,21,18,57,6,0,0,0,0,0,0,0
2026-07-10 20:30,230,0,85,33,10,100,2,0,0,0,0,0,0,0
2026-07-10 20:45,231,4,103,25,21,76,2,0,0,0,0,0,0,0
2026-07-10 21:00,167,0,72,23,12,59,1,0,0,0,0,0,0,0
2026-07-10 21:15,200,1,94,19,18,66,2,0,0,0,0,0,0,0
2026-07-10 21:30,164,5,58,25,14,62,0,0,0,0,0,0,0,0
2026-07-10 21:45,160,0,66,22,3,68,1,0,0,0,0,0,0,0
2026-07-10 22:00,179,2,64,22,11,78,2,0,0,0,0,0,0,0
2026-07-10 22:15,196,1,62,27,6,94,6,0,0,0,0,0,0,0
2026-07-10 22:30,138,1,56,19,13,49,0,0,0,0,0,0,0,0
2026-07-10 22:45,133,1,46,24,9,53,0,0,0,0,0,0,0,0
2026-07-10 23:00,144,1,45,22,12,63,1,0,0,0,0,0,0,0
2026-07-10 23:15,174,4,66,28,12,63,1,0,0,0,0,0,0,0
2026-07-10 23:30,140,0,52,21,6,58,3,0,0,0,0,0,0,0
2026-07-10 23:45,146,0,57,20,14,53,2,0,0,0,0,0,0,0
2026-07-11 00:00,121,3,46,16,8,48,0,0,0,0,0,0,0,0
2026-07-11 00:15,115,1,38,18,9,49,0,0,0,0,0,0,0,0
2026-07-11 00:30,75,0,28,10,3,34,0,0,0,0,0,0,0,0
2026-07-11 00:45,72,2,28,10,8,20,4,0,0,0,0,0,0,0
2026-07-11 01:00,67,2,25,10,9,21,0,0,0,0,0,0,0,0
2026-07-11 01:15,58,0,21,8,9,20,0,0,0,0,0,0,0,0
2026-07-11 01:30,54,1,19,4,10,18,2,0,0,0,0,0,0,0
2026-07-11 01:45,38,1,12,6,1,18,0,0,0,0,0,0,0,0
2026-07-11 02:00,44,0,20,6,7,11,0,0,0,0,0,0,0,0
2026-07-11 02:15,42,1,11,9,4,17,0,0,0,0,0,0,0,0
2026-07-11 02:30,39,1,13,4,3,18,0,0,0,0,0,0,0,0
2026-07-11 02:45,44,1,12,8,4,17,2,0,0,0,0,0,0,0
2026-07-11 03:00,18,0,6,3,2,7,0,0,0,0,0,0,0,0
2026-07-11 03:15,14,0,6,2,2,4,0,0,0,0,0,0,0,0
2026-07-11 03:30,16,2,2,3,2,7,0,0,0,0,0,0,0,0
2026-07-11 03:45,17,1,3,4,2,6,1,0,0,0,0,0,0,0
2026-07-11 04:00,12,1,2,5,0,4,0,0,0,0,0,0,0,0
2026-07-11 04:15,19,0,2,5,1,11,0,0,0,0,0,0,0,0
2026-07-11 04:30,5,0,0,1,0,4,0,0,0,0,0,0,0,0
2026-07-11 04:45,17,0,6,1,2,8,0,0,0,0,0,0,0,0
2026-07-11 05:00,6,0,3,0,2,1,0,0,0,0,0,0,0,0
2026-07-11 05:15,26,2,6,5,2,11,0,0,0,0,0,0,0,0
2026-07-11 05:30,21,1,16,1,0,3,0,0,0,0,0,0,0,0
2026-07-11 05:45,21,0,13,3,1,4,0,0,0,0,0,0,0,0
2026-07-11 06:00,27,1,13,6,1,5,1,0,0,0,0,0,0,0
2026-07-11 06:15,26,0,16,2,3,5,0,0,0,0,0,0,0,0
2026-07-11 06:30,31,1,10,4,4,12,0,0,0,0,0,0,0,0
2026-07-11 06:45,23,2,9,4,1,7,0,0,0,0,0,0,0,0
2026-07-11 07:00,25,0,15,2,2,5,1,0,0,0,0,0,0,0
2026-07-11 07:15,30,2,11,7,2,8,0,0,0,0,0,0,0,0
2026-07-11 07:30,53,0,35,3,3,12,0,0,0,0,0,0,0,0
2026-07-11 07:45,73,0,49,4,5,15,0,0,0,0,0,0,0,0
2026-07-11 08:00,62,2,36,4,7,13,0,0,0,0,0,0,0,0
2026-07-11 08:15,107,0,53,5,9,40,0,0,0,0,0,0,0,0
2026-07-11 08:30,94,0,57,8,8,20,1,0,0,0,0,0,0,0
2026-07-11 08:45,152,3,91,9,5,44,0,0,0,0,0,0,0,0
2026-07-11 09:00,80,1,53,4,6,16,0,0,0,0,0,0,0,0
2026-07-11 09:15,170,1,96,8,18,47,0,0,0,0,0,0,0,0
2026-07-11 09:30,190,2,104,14,19,48,3,0,0,0,0,0,0,0
2026-07-11 09:45,233,0,131,13,17,70,2,0,0,0,0,0,0,0
2026-07-11 10:00,215,1,106,12,16,79,1,0,0,0,0,0,0,0
2026-07-11 10:15,224,0,115,22,13,71,3,0,0,0,0,0,0,0
2026-07-11 10:30,239,0,119,15,15,90,0,0,0,0,0,0,0,0
2026-07-11 10:45,283,4,152,21,19,87,0,0,0,0,0,0,0,0
2026-07-11 11:00,256,2,127,19,17,90,1,0,0,0,0,0,0,0
2026-07-11 11:15,295,0,152,20,9,114,0,0,0,0,0,0,0,0
2026-07-11 11:30,266,2,148,14,29,71,2,0,0,0,0,0,0,0
2026-07-11 11:45,296,1,164,21,21,87,2,0,0,0,0,0,0,0
2026-07-11 12:00,289,0,125,25,48,89,2,0,0,0,0,0,0,0
2026-07-11 12:15,302,0,149,20,35,95,3,0,0,0,0,0,0,0
2026-07-11 12:30,297,2,162,17,23,92,1,0,0,0,0,0,0,0
2026-07-11 12:45,313,0,164,18,30,100,1,0,0,0,0,0,0,0
2026-07-11 13:00,328,1,182,17,29,96,3,0,0,0,0,0,0,0
2026-07-11 13:15,327,2,139,34,21,128,3,0,0,0,0,0,0,0
2026-07-11 13:30,345,2,168,17,52,105,1,0,0,0,0,0,0,0
2026-07-11 13:45,302,2,130,28,27,115,0,0,0,0,0,0,0,0
2026-07-11 14:00,326,2,135,36,17,136,0,0,0,0,0,0,0,0
2026-07-11 14:15,312,4,157,19,41,91,0,0,0,0,0,0,0,0
2026-07-11 14:30,324,5,160,27,18,113,1,0,0,0,0,0,0,0
2026-07-11 14:45,303,1,150,31,16,101,4,0,0,0,0,0,0,0
2026-07-11 15:00,308,2,134,25,32,105,10,0,0,0,0,0,0,0
2026-07-11 15:15,310,2,149,32,31,93,3,0,0,0,0,0,0,0
2026-07-11 15:30,292,1,130,37,23,98,3,0,0,0,0,0,0,0
2026-07-11 15:45,298,2,135,28,19,111,3,0,0,0,0,0,0,0
2026-07-11 16:00,311,5,148,22,29,103,4,0,0,0,0,0,0,0
2026-07-11 16:15,239,3,106,23,17,89,1,0,0,0,0,0,0,0
2026-07-11 16:30,260,2,93,36,18,108,3,0,0,0,0,0,0,0
2026-07-11 16:45,251,2,102,31,13,102,1,0,0,0,0,0,0,0
2026-07-11 17:00,242,2,107,28,13,92,0,0,0,0,0,0,0,0
2026-07-11 17:15,274,11,109,44,19,90,1,0,0,0,0,0,0,0
2026-07-11 17:30,286,3,117,32,20,113,1,0,0,0,0,0,0,0
2026-07-11 17:45,335,8,127,36,38,125,1,0,0,0,0,0,0,0
2026-07-11 18:00,298,4,124,30,24,109,7,0,0,0,0,0,0,0
2026-07-11 18:15,300,1,96,56,7,132,8,0,0,0,0,0,0,0
2026-07-11 18:30,300,2,108,38,20,123,9,0,0,0,0,0,0,0
2026-07-11 18:45,346,4,150,43,21,126,2,0,0,0,0,0,0,0
2026-07-11 19:00,248,12,101,26,30,69,10,0,0,0,0,0,0,0
2026-07-11 19:15,252,2,120,25,20,81,4,0,0,0,0,0,0,0
2026-07-11 19:30,237,2,86,28,26,93,2,0,0,0,0,0,0,0
2026-07-11 19:45,257,4,104,35,17,91,6,0,0,0,0,0,0,0
2026-07-11 20:00,216,3,90,18,13,85,7,0,0,0,0,0,0,0
2026-07-11 20:15,173,2,73,16,9,70,3,0,0,0,0,0,0,0
2026-07-11 20:30,209,6,85,30,14,71,3,0,0,0,0,0,0,0
2026-07-11 20:45,198,0,92,25,13,67,1,0,0,0,0,0,0,0
2026-07-11 21:00,192,4,61,31,11,84,1,0,0,0,0,0,0,0
2026-07-11 21:15,155,5,55,25,9,56,5,0,0,0,0,0,0,0
2026-07-11 21:30,156,1,57,27,10,58,3,0,0,0,0,0,0,0
2026-07-11 21:45,150,6,54,20,7,60,3,0,0,0,0,0,0,0
2026-07-11 22:00,175,1,61,29,10,72,2,0,0,0,0,0,0,0
2026-07-11 22:15,177,2,64,26,9,76,0,0,0,0,0,0,0,0
2026-07-11 22:30,173,3,64,26,13,66,1,0,0,0,0,0,0,0
2026-07-11 22:45,118,2,38,19,6,51,2,0,0,0,0,0,0,0
2026-07-11 23:00,148,1,46,25,15,59,2,0,0,0,0,0,0,0
2026-07-11 23:15,136,1,41,27,11,54,2,0,0,0,0,0,0,0
2026-07-11 23:30,115,0,42,17,5,51,0,0,0,0,0,0,0,0
2026-07-11 23:45,128,1,35,25,4,58,5,0,0,0,0,0,0,0
2026-07-12 00:00,103,6,29,20,1,45,2,0,0,0,0,0,0,0
2026-07-12 00:15,86,1,19,23,8,35,0,0,0,0,0,0,0,0
2026-07-12 00:30,73,0,30,9,10,23,1,0,0,0,0,0,0,0
2026-07-12 00:45,79,3,25,15,3,32,1,0,0,0,0,0,0,0
2026-07-12 01:00,92,0,31,15,12,30,4,0,0,0,0,0,0,0
2026-07-12 01:15,77,4,29,9,4,31,0,0,0,0,0,0,0,0
2026-07-12 01:30,62,2,22,9,6,20,3,0,0,0,0,0,0,0
2026-07-12 01:45,87,1,32,12,11,30,1,0,0,0,0,0,0,0
2026-07-12 02:00,91,1,28,16,9,33,4,0,0,0,0,0,0,0
2026-07-12 02:15,58,2,16,15,4,21,0,0,0,0,0,0,0,0
2026-07-12 02:30,38,1,8,9,3,15,2,0,0,0,0,0,0,0
2026-07-12 02:45,44,0,12,7,5,18,2,0,0,0,0,0,0,0
2026-07-12 03:00,27,0,10,5,0,12,0,0,0,0,0,0,0,0
2026-07-12 03:15,24,1,9,6,0,6,2,0,0,0,0,0,0,0
2026-07-12 03:30,18,0,8,1,1,5,3,0,0,0,0,0,0,0
2026-07-12 03:45,17,1,2,5,1,8,0,0,0,0,0,0,0,0
2026-07-12 04:00,9,0,1,2,2,2,2,0,0,0,0,0,0,0
2026-07-12 04:15,18,0,5,4,2,7,0,0,0,0,0,0,0,0
2026-07-12 04:30,8,0,3,1,0,4,0,0,0,0,0,0,0,0
2026-07-12 04:45,5,0,2,1,0,2,0,0,0,0,0,0,0,0
2026-07-12 05:00,10,0,3,3,0,4,0,0,0,0,0,0,0,0
2026-07-12 05:15,22,0,10,1,3,7,1,0,0,0,0,0,0,0
2026-07-12 05:30,24,1,10,5,0,8,0,0,0,0,0,0,0,0
2026-07-12 05:45,21,0,12,2,0,7,0,0,0,0,0,0,0,0
2026-07-12 06:00,19,1,5,4,1,8,0,0,0,0,0,0,0,0
2026-07-12 06:15,21,0,9,3,2,7,0,0,0,0,0,0,0,0
2026-07-12 06:30,18,0,8,3,1,5,1,0,0,0,0,0,0,0
2026-07-12 06:45,19,0,9,1,1,8,0,0,0,0,0,0,0,0
2026-07-12 07:00,19,1,9,3,1,5,0,0,0,0,0,0,0,0
2026-07-12 07:15,25,0,21,0,1,3,0,0,0,0,0,0,0,0
2026-07-12 07:30,36,1,22,3,1,9,0,0,0,0,0,0,0,0
2026-07-12 07:45,33,0,25,0,1,7,0,0,0,0,0,0,0,0
2026-07-12 08:00,37,0,18,2,5,12,0,0,0,0,0,0,0,0
2026-07-12 08:15,48,0,21,6,2,19,0,0,0,0,0,0,0,0
2026-07-12 08:30,51,0,29,6,3,13,0,0,0,0,0,0,0,0
2026-07-12 08:45,90,0,61,7,6,16,0,0,0,0,0,0,0,0
2026-07-12 09:00,87,0,48,7,6,25,1,0,0,0,0,0,0,0
2026-07-12 09:15,105,0,61,7,9,25,3,0,0,0,0,0,0,0
2026-07-12 09:30,127,1,69,10,9,38,0,0,0,0,0,0,0,0
2026-07-12 09:45,161,1,92,8,20,40,0,0,0,0,0,0,0,0
2026-07-12 10:00,145,5,54,16,22,48,0,0,0,0,0,0,0,0
2026-07-12 10:15,126,0,55,18,3,50,0,0,0,0,0,0,0,0
2026-07-12 10:30,183,5,78,23,14,60,3,0,0,0,0,0,0,0
2026-07-12 10:45,162,1,79,15,18,46,3,0,0,0,0,0,0,0
2026-07-12 11:00,121,0,50,10,5,54,2,0,0,0,0,0,0,0
2026-07-12 11:15,190,2,91,15,16,63,3,0,0,0,0,0,0,0
2026-07-12 11:30,183,0,93,15,13,59,3,0,0,0,0,0,0,0
2026-07-12 11:45,164,1,64,14,9,76,0,0,0,0,0,0,0,0
2026-07-12 12:00,178,2,69,32,12,62,1,0,0,0,0,0,0,0
2026-07-12 12:15,194,3,79,24,9,77,2,0,0,0,0,0,0,0
2026-07-12 12:30,183,2,80,11,21,68,1,0,0,0,0,0,0,0
2026-07-12 12:45,234,1,110,25,19,74,5,0,0,0,0,0,0,0
2026-07-12 13:00,196,1,97,15,10,71,2,0,0,0,0,0,0,0
2026-07-12 13:15,203,4,90,22,13,71,3,0,0,0,0,0,0,0
2026-07-12 13:30,209,0,94,24,14,74,3,0,0,0,0,0,0,0
2026-07-12 13:45,253,0,105,32,13,102,1,0,0,0,0,0,0,0
2026-07-12 14:00,222,3,87,26,11,93,2,0,0,0,0,0,0,0
2026-07-12 14:15,196,1,92,19,9,75,0,0,0,0,0,0,0,0
2026-07-12 14:30,243,0,111,20,24,88,0,0,0,0,0,0,0,0
2026-07-12 14:45,230,2,98,17,20,92,1,0,0,0,0,0,0,0
2026-07-12 15:00,260,3,132,22,15,84,4,0,0,0,0,0,0,0
2026-07-12 15:15,239,1,115,19,17,86,1,0,0,0,0,0,0,0
2026-07-12 15:30,219,3,85,30,19,77,5,0,0,0,0,0,0,0
2026-07-12 15:45,223,4,84,22,24,83,6,0,0,0,0,0,0,0
2026-07-12 16:00,181,1,68,23,11,77,1,0,0,0,0,0,0,0
2026-07-12 16:15,173,2,82,16,10,62,1,0,0,0,0,0,0,0
2026-07-12 16:30,227,0,104,19,20,81,3,0,0,0,0,0,0,0
2026-07-12 16:45,291,4,98,37,24,123,5,0,0,0,0,0,0,0
2026-07-12 17:00,253,4,106,29,18,93,3,0,0,0,0,0,0,0
2026-07-12 17:15,223,0,100,20,15,85,3,0,0,0,0,0,0,0
2026-07-12 17:30,247,3,90,27,26,95,6,0,0,0,0,0,0,0
2026-07-12 17:45,273,0,109,32,18,110,4,0,0,0,0,0,0,0
2026-07-12 18:00,249,4,96,35,20,93,1,0,0,0,0,0,0,0
2026-07-12 18:15,270,3,97,38,24,104,4,0,0,0,0,0,0,0
2026-07-12 18:30,229,1,94,31,16,86,1,0,0,0,0,0,0,0
2026-07-12 18:45,250,1,105,29,15,99,1,0,0,0,0,0,0,0
2026-07-12 19:00,253,1,107,23,22,97,3,0,0,0,0,0,0,0
2026-07-12 19:15,227,3,90,34,27,65,8,0,0,0,0,0,0,0
2026-07-12 19:30,223,4,82,31,11,94,1,0,0,0,0,0,0,0
2026-07-12 19:45,212,4,80,20,14,88,6,0,0,0,0,0,0,0
2026-07-12 20:00,238,5,71,41,8,107,6,0,0,0,0,0,0,0
2026-07-12 20:15,165,3,68,19,14,58,3,0,0,0,0,0,0,0
2026-07-12 20:30,151,2,51,21,3,74,0,0,0,0,0,0,0,0
2026-07-12 20:45,152,1,49,20,8,74,0,0,0,0,0,0,0,0
2026-07-12 21:00,166,5,49,26,11,72,3,0,0,0,0,0,0,0
2026-07-12 21:15,124,2,37,23,8,52,2,0,0,0,0,0,0,0
2026-07-12 21:30,135,2,52,20,5,51,5,0,0,0,0,0,0,0
2026-07-12 21:45,144,1,42,26,5,64,6,0,0,0,0,0,0,0
2026-07-12 22:00,110,1,37,12,7,47,6,0,0,0,0,0,0,0
2026-07-12 22:15,95,3,36,15,2,37,2,0,0,0,0,0,0,0
2026-07-12 22:30,82,1,33,9,7,32,0,0,0,0,0,0,0,0
2026-07-12 22:45,54,1,19,9,2,22,1,0,0,0,0,0,0,0
2026-07-12 23:00,54,1,21,6,6,18,2,0,0,0,0,0,0,0
2026-07-12 23:15,40,2,11,9,3,14,1,0,0,0,0,0,0,0
2026-07-12 23:30,23,0,8,6,0,9,0,0,0,0,0,0,0,0
2026-07-12 23:45,31,2,2,9,0,18,0,0,0,0,0,0,0,0
2026-07-13 00:00,17,0,5,2,2,6,2,0,0,0,0,0,0,0
2026-07-13 00:15,11,0,1,3,0,7,0,0,0,0,0,0,0,0
2026-07-13 00:30,14,0,4,3,0,7,0,0,0,0,0,0,0,0
2026-07-13 00:45,9,0,4,1,0,4,0,0,0,0,0,0,0,0
2026-07-13 01:00,7,1,1,0,1,2,2,0,0,0,0,0,0,0
2026-07-13 01:15,20,2,5,5,1,6,1,0,0,0,0,0,0,0
2026-07-13 01:30,4,2,0,0,0,2,0,0,0,0,0,0,0,0
2026-07-13 01:45,9,2,1,2,0,4,0,0,0,0,0,0,0,0
2026-07-13 02:00,0,0,0,0,0,0,0,0,0,0,0,0,0,0
2026-07-13 02:15,4,0,1,1,1,0,1,0,0,0,0,0,0,0
2026-07-13 02:30,1,0,0,0,0,1,0,0,0,0,0,0,0,0
2026-07-13 02:45,5,0,3,0,1,1,0,0,0,0,0,0,0,0
2026-07-13 03:00,1,0,1,0,0,0,0,0,0,0,0,0,0,0
2026-07-13 03:15,0,0,0,0,0,0,0,0,0,0,0,0,0,0
2026-07-13 03:30,4,0,1,0,0,3,0,0,0,0,0,0,0,0
2026-07-13 03:45,2,0,2,0,0,0,0,0,0,0,0,0,0,0
2026-07-13 04:00,5,1,2,0,0,2,0,0,0,0,0,0,0,0
2026-07-13 04:15,3,0,3,0,0,0,0,0,0,0,0,0,0,0
2026-07-13 04:30,3,0,3,0,0,0,0,0,0,0,0,0,0,0
2026-07-13 04:45,12,0,9,1,0,2,0,0,0,0,0,0,0,0
2026-07-13 05:00,14,0,10,0,1,3,0,0,0,0,0,0,0,0
2026-07-13 05:15,32,0,18,5,0,9,0,0,0,0,0,0,0,0
2026-07-13 05:30,50,0,26,6,0,17,1,0,0,0,0,0,0,0
2026-07-13 05:45,80,2,42,8,0,28,0,0,0,0,0,0,0,0
2026-07-13 06:00,88,0,46,5,3,32,2,0,0,0,0,0,0,0
2026-07-13 06:15,153,2,85,6,9,51,0,0,0,0,0,0,0,0
2026-07-13 06:30,192,0,96,14,10,72,0,0,0,0,0,0,0,0
2026-07-13 06:45,233,3,132,11,21,65,1,0,0,0,0,0,0,0
2026-07-13 07:00,261,5,141,14,15,86,0,0,0,0,0,0,0,0
2026-07-13 07:15,395,1,212,15,34,132,1,0,0,0,0,0,0,0
2026-07-13 07:30,597,4,294,30,68,197,4,0,0,0,0,0,0,0
2026-07-13 07:45,585,3,298,30,68,181,5,0,0,0,0,0,0,0
2026-07-13 08:00,438,6,245,16,30,140,1,0,0,0,0,0,0,0
2026-07-13 08:15,412,1,220,19,32,140,0,0,0,0,0,0,0,0
2026-07-13 08:30,380,4,205,13,31,126,1,0,0,0,0,0,0,0
2026-07-13 08:45,412,3,236,16,35,120,2,0,0,0,0,0,0,0
2026-07-13 09:00,261,3,139,13,21,85,0,0,0,0,0,0,0,0
2026-07-13 09:15,261,0,138,13,20,90,0,0,0,0,0,0,0,0
2026-07-13 09:30,239,2,117,19,13,88,0,0,0,0,0,0,0,0
2026-07-13 09:45,274,2,133,22,16,101,0,0,0,0,0,0,0,0
2026-07-13 10:00,260,2,138,21,15,83,1,0,0,0,0,0,0,0
2026-07-13 10:15,236,0,122,16,16,81,1,0,0,0,0,0,0,0
2026-07-13 10:30,245,6,111,94,7,27,0,0,0,0,0,0,0,0
2026-07-13 10:45,251,4,122,41,14,66,4,0,0,0,0,0,0,0
2026-07-13 11:00,211,3,95,8,9,92,4,0,0,0,0,0,0,0
2026-07-13 11:15,288,2,117,26,14,129,0,0,0,0,0,0,0,0
2026-07-13 11:30,276,3,126,25,6,115,1,0,0,0,0,0,0,0
2026-07-13 11:45,345,5,153,26,30,128,3,0,0,0,0,0,0,0
2026-07-13 12:00,284,0,141,24,7,112,0,0,0,0,0,0,0,0
2026-07-13 12:15,258,1,137,9,14,95,2,0,0,0,0,0,0,0
2026-07-13 12:30,258,1,131,24,7,92,3,0,0,0,0,0,0,0
2026-07-13 12:45,311,2,152,25,21,109,2,0,0,0,0,0,0,0
2026-07-13 13:00,360,1,190,17,18,130,4,0,0,0,0,0,0,0
2026-07-13 13:15,303,1,155,18,16,109,4,0,0,0,0,0,0,0
2026-07-13 13:30,313,6,130,22,13,135,7,0,0,0,0,0,0,0
2026-07-13 13:45,337,4,166,22,17,124,4,0,0,0,0,0,0,0
2026-07-13 14:00,346,0,154,27,18,146,1,0,0,0,0,0,0,0
2026-07-13 14:15,361,1,159,28,24,144,5,0,0,0,0,0,0,0
2026-07-13 14:30,305,1,143,19,17,121,4,0,0,0,0,0,0,0
2026-07-13 14:45,385,3,164,36,26,151,5,0,0,0,0,0,0,0
2026-07-13 15:00,321,1,147,18,15,137,3,0,0,0,0,0,0,0
2026-07-13 15:15,392,2,191,35,24,133,7,0,0,0,0,0,0,0
2026-07-13 15:30,425,5,200,24,30,163,3,0,0,0,0,0,0,0
2026-07-13 15:45,498,2,216,44,32,202,2,0,0,0,0,0,0,0
2026-07-13 16:00,471,5,197,34,25,209,1,0,0,0,0,0,0,0
2026-07-13 16:15,434,2,210,23,28,165,6,0,0,0,0,0,0,0
2026-07-13 16:30,443,2,208,31,24,175,3,0,0,0,0,0,0,0
2026-07-13 16:45,471,1,216,35,38,176,5,0,0,0,0,0,0,0
2026-07-13 17:00,533,0,222,56,30,222,3,0,0,0,0,0,0,0
2026-07-13 17:15,474,2,187,54,31,194,6,0,0,0,0,0,0,0
2026-07-13 17:30,430,3,184,33,24,179,7,0,0,0,0,0,0,0
2026-07-13 17:45,504,7,214,40,37,202,4,0,0,0,0,0,0,0
2026-07-13 18:00,455,0,189,43,26,191,6,0,0,0,0,0,0,0
2026-07-13 18:15,440,1,182,42,37,177,1,0,0,0,0,0,0,0
2026-07-13 18:30,349,4,144,34,14,150,3,0,0,0,0,0,0,0
2026-07-13 18:45,406,1,174,47,26,156,2,0,0,0,0,0,0,0
2026-07-13 19:00,307,0,129,23,15,137,3,0,0,0,0,0,0,0
2026-07-13 19:15,317,5,148,34,22,105,3,0,0,0,0,0,0,0
2026-07-13 19:30,269,5,112,36,12,95,9,0,0,0,0,0,0,0
2026-07-13 19:45,242,0,116,22,14,89,1,0,0,0,0,0,0,0
2026-07-13 20:00,214,5,72,29,15,89,4,0,0,0,0,0,0,0
2026-07-13 20:15,200,2,84,21,10,79,4,0,0,0,0,0,0,0
2026-07-13 20:30,222,2,85,29,12,93,1,0,0,0,0,0,0,0
2026-07-13 20:45,172,1,65,24,15,64,3,0,0,0,0,0,0,0
2026-07-13 21:00,174,1,60,21,18,68,6,0,0,0,0,0,0,0
2026-07-13 21:15,197,3,64,30,12,87,1,0,0,0,0,0,0,0
2026-07-13 21:30,152,2,38,31,8,69,4,0,0,0,0,0,0,0
2026-07-13 21:45,161,1,52,30,7,68,3,0,0,0,0,0,0,0
2026-07-13 22:00,157,2,53,21,8,70,3,0,0,0,0,0,0,0
2026-07-13 22:15,140,0,60,12,13,54,1,0,0,0,0,0,0,0
2026-07-13 22:30,108,2,32,20,6,46,2,0,0,0,0,0,0,0
2026-07-13 22:45,91,0,25,17,7,42,0,0,0,0,0,0,0,0
2026-07-13 23:00,81,1,23,15,6,35,1,0,0,0,0,0,0,0
2026-07-13 23:15,51,0,14,10,3,22,2,0,0,0,0,0,0,0
2026-07-13 23:30,44,2,15,8,2,16,1,0,0,0,0,0,0,0
2026-07-13 23:45,33,1,14,3,4,11,0,0,0,0,0,0,0,0
2026-07-14 00:00,29,2,13,2,2,10,0,0,0,0,0,0,0,0
2026-07-14 00:15,18,0,5,3,0,10,0,0,0,0,0,0,0,0
2026-07-14 00:30,12,1,3,2,1,5,0,0,0,0,0,0,0,0
2026-07-14 00:45,13,0,4,3,0,5,1,0,0,0,0,0,0,0
2026-07-14 01:00,22,0,4,4,4,10,0,0,0,0,0,0,0,0
2026-07-14 01:15,9,0,5,1,1,2,0,0,0,0,0,0,0,0
2026-07-14 01:30,7,0,3,1,2,1,0,0,0,0,0,0,0,0
2026-07-14 01:45,11,2,0,4,0,5,0,0,0,0,0,0,0,0
2026-07-14 02:00,7,0,1,1,1,3,1,0,0,0,0,0,0,0
2026-07-14 02:15,8,0,4,1,0,3,0,0,0,0,0,0,0,0
2026-07-14 02:30,1,0,1,0,0,0,0,0,0,0,0,0,0,0
2026-07-14 02:45,1,0,0,0,1,0,0,0,0,0,0,0,0,0
2026-07-14 03:00,6,0,0,3,0,3,0,0,0,0,0,0,0,0
2026-07-14 03:15,1,0,1,0,0,0,0,0,0,0,0,0,0,0
2026-07-14 03:30,2,0,1,0,1,0,0,0,0,0,0,0,0,0
2026-07-14 03:45,0,0,0,0,0,0,0,0,0,0,0,0,0,0
2026-07-14 04:00,6,0,3,1,0,2,0,0,0,0,0,0,0,0
2026-07-14 04:15,2,0,1,0,1,0,0,0,0,0,0,0,0,0
2026-07-14 04:30,7,0,5,0,1,1,0,0,0,0,0,0,0,0
2026-07-14 04:45,17,0,10,3,2,2,0,0,0,0,0,0,0,0
2026-07-14 05:00,9,0,7,0,0,2,0,0,0,0,0,0,0,0
2026-07-14 05:15,38,1,22,3,3,8,1,0,0,0,0,0,0,0
2026-07-14 05:30,47,0,28,6,0,12,1,0,0,0,0,0,0,0
2026-07-14 05:45,93,0,51,8,4,28,2,0,0,0,0,0,0,0
2026-07-14 06:00,82,0,46,4,4,28,0,0,0,0,0,0,0,0
2026-07-14 06:15,156,0,80,8,10,57,1,0,0,0,0,0,0,0
2026-07-14 06:30,166,1,82,9,14,58,2,0,0,0,0,0,0,0
2026-07-14 06:45,256,0,154,3,29,69,1,0,0,0,0,0,0,0
2026-07-14 07:00,251,1,142,11,11,86,0,0,0,0,0,0,0,0
2026-07-14 07:15,421,3,217,19,39,141,2,0,0,0,0,0,0,0
2026-07-14 07:30,597,3,286,41,58,206,3,0,0,0,0,0,0,0
2026-07-14 07:45,656,6,347,18,92,191,2,0,0,0,0,0,0,0
2026-07-14 08:00,529,1,260,20,55,191,2,0,0,0,0,0,0,0
2026-07-14 08:15,477,0,246,25,54,150,2,0,0,0,0,0,0,0
2026-07-14 08:30,423,8,221,19,38,132,5,0,0,0,0,0,0,0
2026-07-14 08:45,456,3,244,21,48,138,2,0,0,0,0,0,0,0
2026-07-14 09:00,335,0,190,11,25,108,1,0,0,0,0,0,0,0
2026-07-14 09:15,241,4,138,7,15,77,0,0,0,0,0,0,0,0
2026-07-14 09:30,263,1,127,13,25,96,1,0,0,0,0,0,0,0
2026-07-14 09:45,319,1,157,16,35,109,1,0,0,0,0,0,0,0
2026-07-14 10:00,252,1,124,7,18,102,0,0,0,0,0,0,0,0
2026-07-14 10:15,242,2,110,9,24,79,18,0,0,0,0,0,0,0
2026-07-14 10:30,245,2,113,11,19,95,5,0,0,0,0,0,0,0
2026-07-14 10:45,261,4,119,17,13,95,13,0,0,0,0,0,0,0
2026-07-14 11:00,258,1,127,19,14,95,2,0,0,0,0,0,0,0
2026-07-14 11:15,242,3,123,7,18,90,1,0,0,0,0,0,0,0
2026-07-14 11:30,266,0,124,15,21,106,0,0,0,0,0,0,0,0
2026-07-14 11:45,307,0,152,25,22,108,0,0,0,0,0,0,0,0
2026-07-14 12:00,279,3,107,16,16,127,10,0,0,0,0,0,0,0
2026-07-14 12:15,281,1,120,18,18,122,2,0,0,0,0,0,0,0
2026-07-14 12:30,376,1,126,52,17,175,5,0,0,0,0,0,0,0
2026-07-14 12:45,321,3,131,15,25,143,4,0,0,0,0,0,0,0
2026-07-14 13:00,364,2,159,22,32,146,3,0,0,0,0,0,0,0
2026-07-14 13:15,359,0,157,22,25,153,2,0,0,0,0,0,0,0
2026-07-14 13:30,368,4,164,34,17,146,3,0,0,0,0,0,0,0
2026-07-14 13:45,346,2,175,12,30,125,2,0,0,0,0,0,0,0
2026-07-14 14:00,339,3,140,22,38,133,3,0,0,0,0,0,0,0
2026-07-14 14:15,402,3,190,18,38,145,8,0,0,0,0,0,0,0
2026-07-14 14:30,333,0,134,25,28,144,2,0,0,0,0,0,0,0
2026-07-14 14:45,393,2,169,26,43,152,1,0,0,0,0,0,0,0
2026-07-14 15:00,385,4,174,19,38,145,5,0,0,0,0,0,0,0
2026-07-14 15:15,431,0,185,27,35,182,2,0,0,0,0,0,0,0
2026-07-14 15:30,434,1,193,24,37,174,5,0,0,0,0,0,0,0
2026-07-14 15:45,503,4,215,39,53,187,5,0,0,0,0,0,0,0
2026-07-14 16:00,475,7,205,31,45,185,2,0,0,0,0,0,0,0
2026-07-14 16:15,479,2,208,27,53,187,2,0,0,0,0,0,0,0
2026-07-14 16:30,466,2,199,42,26,194,3,0,0,0,0,0,0,0
2026-07-14 16:45,528,2,226,28,56,211,5,0,0,0,0,0,0,0
2026-07-14 17:00,499,0,189,40,45,214,11,0,0,0,0,0,0,0
2026-07-14 17:15,481,1,205,40,39,193,3,0,0,0,0,0,0,0
2026-07-14 17:30,496,4,194,24,52,222,0,0,0,0,0,0,0,0
2026-07-14 17:45,550,5,219,42,51,227,6,0,0,0,0,0,0,0
2026-07-14 18:00,454,6,183,36,38,188,3,0,0,0,0,0,0,0
2026-07-14 18:15,482,4,179,41,50,204,4,0,0,0,0,0,0,0
2026-07-14 18:30,413,2,162,32,33,176,8,0,0,0,0,0,0,0
2026-07-14 18:45,430,1,167,41,34,186,1,0,0,0,0,0,0,0
2026-07-14 19:00,346,7,129,40,24,142,4,0,0,0,0,0,0,0
2026-07-14 19:15,339,2,146,30,36,121,4,0,0,0,0,0,0,0
2026-07-14 19:30,313,5,116,32,20,139,1,0,0,0,0,0,0,0
2026-07-14 19:45,296,5,108,34,25,122,2,0,0,0,0,0,0,0
2026-07-14 20:00,263,3,99,27,24,106,4,0,0,0,0,0,0,0
2026-07-14 20:15,226,2,74,29,13,104,4,0,0,0,0,0,0,0
2026-07-14 20:30,221,2,83,19,24,91,2,0,0,0,0,0,0,0
2026-07-14 20:45,219,4,82,25,19,83,6,0,0,0,0,0,0,0
2026-07-14 21:00,187,0,65,28,9,80,5,0,0,0,0,0,0,0
2026-07-14 21:15,197,1,82,12,23,78,1,0,0,0,0,0,0,0
2026-07-14 21:30,168,2,48,20,13,83,2,0,0,0,0,0,0,0
2026-07-14 21:45,164,3,64,13,23,59,2,0,0,0,0,0,0,0
2026-07-14 22:00,186,4,66,22,15,76,3,0,0,0,0,0,0,0
2026-07-14 22:15,168,1,69,15,22,56,5,0,0,0,0,0,0,0
2026-07-14 22:30,119,6,33,16,9,54,1,0,0,0,0,0,0,0
2026-07-14 22:45,77,0,24,15,2,34,2,0,0,0,0,0,0,0
2026-07-14 23:00,225,2,96,19,18,88,2,0,0,0,0,0,0,0
2026-07-14 23:15,170,2,66,17,7,76,2,0,0,0,0,0,0,0
2026-07-14 23:30,95,2,35,13,7,37,1,0,0,0,0,0,0,0
2026-07-14 23:45,58,0,18,14,1,25,0,0,0,0,0,0,0,0
2026-07-15 00:00,32,2,10,4,4,11,1,0,0,0,0,0,0,0
2026-07-15 00:15,31,0,8,6,2,14,1,0,0,0,0,0,0,0
2026-07-15 00:30,20,0,6,5,0,6,3,0,0,0,0,0,0,0
2026-07-15 00:45,26,3,7,5,0,11,0,0,0,0,0,0,0,0
2026-07-15 01:00,30,0,6,7,1,14,2,0,0,0,0,0,0,0
2026-07-15 01:15,25,0,8,4,5,5,3,0,0,0,0,0,0,0
2026-07-15 01:30,14,1,6,1,3,3,0,0,0,0,0,0,0,0
2026-07-15 01:45,8,0,4,1,1,2,0,0,0,0,0,0,0,0
2026-07-15 02:00,10,1,1,2,0,5,1,0,0,0,0,0,0,0
2026-07-15 02:15,2,0,0,1,0,1,0,0,0,0,0,0,0,0
2026-07-15 02:30,5,0,2,2,0,1,0,0,0,0,0,0,0,0
2026-07-15 02:45,4,1,1,1,0,1,0,0,0,0,0,0,0,0
2026-07-15 03:00,1,1,0,0,0,0,0,0,0,0,0,0,0,0
2026-07-15 03:15,10,1,3,3,1,2,0,0,0,0,0,0,0,0
2026-07-15 03:30,4,0,3,0,1,0,0,0,0,0,0,0,0,0
2026-07-15 03:45,0,0,0,0,0,0,0,0,0,0,0,0,0,0
2026-07-15 04:00,5,0,4,0,0,1,0,0,0,0,0,0,0,0
2026-07-15 04:15,4,0,3,0,0,1,0,0,0,0,0,0,0,0
2026-07-15 04:30,2,0,2,0,0,0,0,0,0,0,0,0,0,0
2026-07-15 04:45,17,0,10,1,2,4,0,0,0,0,0,0,0,0
2026-07-15 05:00,9,0,6,0,0,3,0,0,0,0,0,0,0,0
2026-07-15 05:15,25,0,17,2,1,5,0,0,0,0,0,0,0,0
2026-07-15 05:30,59,1,32,4,2,19,1,0,0,0,0,0,0,0
2026-07-15 05:45,81,0,48,5,3,24,1,0,0,0,0,0,0,0
2026-07-15 06:00,82,0,41,4,2,34,1,0,0,0,0,0,0,0
2026-07-15 06:15,152,1,84,2,8,56,1,0,0,0,0,0,0,0
2026-07-15 06:30,164,1,90,8,12,53,0,0,0,0,0,0,0,0
2026-07-15 06:45,260,1,161,11,20,64,3,0,0,0,0,0,0,0
2026-07-15 07:00,269,2,145,13,15,94,0,0,0,0,0,0,0,0
2026-07-15 07:15,402,1,217,20,39,123,2,0,0,0,0,0,0,0
2026-07-15 07:30,621,2,308,20,92,198,1,0,0,0,0,0,0,0
2026-07-15 07:45,648,5,323,27,86,205,2,0,0,0,0,0,0,0
2026-07-15 08:00,503,2,287,17,34,160,3,0,0,0,0,0,0,0
2026-07-15 08:15,515,6,280,19,59,150,1,0,0,0,0,0,0,0
2026-07-15 08:30,470,3,251,21,36,158,1,0,0,0,0,0,0,0
2026-07-15 08:45,491,5,259,26,49,150,2,0,0,0,0,0,0,0
2026-07-15 09:00,302,0,165,11,26,100,0,0,0,0,0,0,0,0
2026-07-15 09:15,286,0,153,15,24,91,3,0,0,0,0,0,0,0
2026-07-15 09:30,282,1,141,16,23,101,0,0,0,0,0,0,0,0
2026-07-15 09:45,372,1,192,19,27,130,3,0,0,0,0,0,0,0
2026-07-15 10:00,347,2,190,19,20,115,1,0,0,0,0,0,0,0
2026-07-15 10:15,284,2,147,16,24,92,3,0,0,0,0,0,0,0
2026-07-15 10:30,258,3,145,18,16,75,1,0,0,0,0,0,0,0
2026-07-15 10:45,306,4,155,15,24,107,1,0,0,0,0,0,0,0
2026-07-15 11:00,241,0,130,9,10,89,3,0,0,0,0,0,0,0
2026-07-15 11:15,267,2,119,23,12,108,3,0,0,0,0,0,0,0
2026-07-15 11:30,291,1,138,17,12,118,5,0,0,0,0,0,0,0
2026-07-15 11:45,337,10,156,22,21,124,4,0,0,0,0,0,0,0
2026-07-15 12:00,310,0,147,22,16,124,1,0,0,0,0,0,0,0
2026-07-15 12:15,336,1,152,28,18,135,2,0,0,0,0,0,0,0
2026-07-15 12:30,432,4,158,60,23,185,2,0,0,0,0,0,0,0
2026-07-15 12:45,430,1,162,54,15,189,9,0,0,0,0,0,0,0
2026-07-15 13:00,397,2,181,28,27,153,6,0,0,0,0,0,0,0
2026-07-15 13:15,319,1,155,13,17,130,3,0,0,0,0,0,0,0
2026-07-15 13:30,326,5,136,22,19,142,2,0,0,0,0,0,0,0
2026-07-15 13:45,383,2,163,38,18,156,6,0,0,0,0,0,0,0
2026-07-15 14:00,360,2,149,34,29,142,4,0,0,0,0,0,0,0
2026-07-15 14:15,344,2,158,34,21,126,3,0,0,0,0,0,0,0
2026-07-15 14:30,313,2,135,20,11,138,7,0,0,0,0,0,0,0
2026-07-15 14:45,384,2,177,18,35,135,17,0,0,0,0,0,0,0
2026-07-15 15:00,318,0,145,20,17,130,6,0,0,0,0,0,0,0
2026-07-15 15:15,394,7,191,28,23,142,3,0,0,0,0,0,0,0
2026-07-15 15:30,433,3,184,47,17,177,5,0,0,0,0,0,0,0
2026-07-15 15:45,493,5,194,49,36,203,6,0,0,0,0,0,0,0
2026-07-15 16:00,478,2,209,45,25,194,3,0,0,0,0,0,0,0
2026-07-15 16:15,496,0,228,38,48,177,5,0,0,0,0,0,0,0
2026-07-15 16:30,462,3,205,30,30,189,5,0,0,0,0,0,0,0
2026-07-15 16:45,527,1,225,48,31,221,1,0,0,0,0,0,0,0
2026-07-15 17:00,470,0,205,41,35,177,12,0,0,0,0,0,0,0
2026-07-15 17:15,505,2,209,46,39,205,4,0,0,0,0,0,0,0
2026-07-15 17:30,519,4,241,43,46,182,3,0,0,0,0,0,0,0
2026-07-15 17:45,571,4,250,49,47,218,3,0,0,0,0,0,0,0
2026-07-15 18:00,554,2,185,77,42,236,12,0,0,0,0,0,0,0
2026-07-15 18:15,460,1,203,41,38,174,3,0,0,0,0,0,0,0
2026-07-15 18:30,430,7,177,42,31,169,4,0,0,0,0,0,0,0
2026-07-15 18:45,394,5,180,40,23,143,3,0,0,0,0,0,0,0
2026-07-15 19:00,369,5,154,46,21,133,10,0,0,0,0,0,0,0
2026-07-15 19:15,362,4,138,58,18,141,3,0,0,0,0,0,0,0
2026-07-15 19:30,299,0,123,34,12,128,2,0,0,0,0,0,0,0
2026-07-15 19:45,281,1,109,41,12,116,2,0,0,0,0,0,0,0
2026-07-15 20:00,247,1,107,40,15,79,5,0,0,0,0,0,0,0
2026-07-15 20:15,305,3,117,38,25,121,1,0,0,0,0,0,0,0
2026-07-15 20:30,251,3,97,32,14,101,4,0,0,0,0,0,0,0
2026-07-15 20:45,258,4,100,34,8,107,5,0,0,0,0,0,0,0
2026-07-15 21:00,257,3,78,37,11,127,1,0,0,0,0,0,0,0
2026-07-15 21:15,215,4,75,27,16,88,5,0,0,0,0,0,0,0
2026-07-15 21:30,181,3,62,27,13,72,4,0,0,0,0,0,0,0
2026-07-15 21:45,182,6,55,29,7,79,6,0,0,0,0,0,0,0
2026-07-15 22:00,176,4,62,26,9,73,2,0,0,0,0,0,0,0
2026-07-15 22:15,127,2,47,22,4,50,2,0,0,0,0,0,0,0
2026-07-15 22:30,135,2,45,22,8,55,3,0,0,0,0,0,0,0
2026-07-15 22:45,143,1,44,25,7,63,3,0,0,0,0,0,0,0
2026-07-15 23:00,132,1,50,22,11,45,3,0,0,0,0,0,0,0
2026-07-15 23:15,187,2,72,27,12,74,0,0,0,0,0,0,0,0
2026-07-15 23:30,89,1,36,12,5,34,1,0,0,0,0,0,0,0
2026-07-15 23:45,85,1,29,20,3,28,4,0,0,0,0,0,0,0
2026-07-16 00:00,51,1,24,6,1,19,0,0,0,0,0,0,0,0
2026-07-16 00:15,44,3,10,14,2,14,1,0,0,0,0,0,0,0
2026-07-16 00:30,51,4,15,9,4,17,2,0,0,0,0,0,0,0
2026-07-16 00:45,21,0,10,3,4,4,0,0,0,0,0,0,0,0
2026-07-16 01:00,26,0,14,3,1,8,0,0,0,0,0,0,0,0
2026-07-16 01:15,13,0,3,4,1,4,1,0,0,0,0,0,0,0
2026-07-16 01:30,15,1,8,4,1,1,0,0,0,0,0,0,0,0
2026-07-16 01:45,21,0,6,5,3,7,0,0,0,0,0,0,0,0
2026-07-16 02:00,10,1,4,3,0,2,0,0,0,0,0,0,0,0
2026-07-16 02:15,15,0,5,1,2,6,1,0,0,0,0,0,0,0
2026-07-16 02:30,10,0,7,1,2,0,0,0,0,0,0,0,0,0
2026-07-16 02:45,6,0,2,1,2,1,0,0,0,0,0,0,0,0
2026-07-16 03:00,8,0,3,1,3,1,0,0,0,0,0,0,0,0
2026-07-16 03:15,4,0,3,0,0,1,0,0,0,0,0,0,0,0
2026-07-16 03:30,10,0,6,1,1,2,0,0,0,0,0,0,0,0
2026-07-16 03:45,4,0,2,0,2,0,0,0,0,0,0,0,0,0
2026-07-16 04:00,11,0,6,1,0,3,1,0,0,0,0,0,0,0
2026-07-16 04:15,4,0,4,0,0,0,0,0,0,0,0,0,0,0
2026-07-16 04:30,13,0,7,2,0,4,0,0,0,0,0,0,0,0
2026-07-16 04:45,13,0,9,1,2,1,0,0,0,0,0,0,0,0
2026-07-16 05:00,16,0,11,0,2,3,0,0,0,0,0,0,0,0
2026-07-16 05:15,29,1,14,4,0,10,0,0,0,0,0,0,0,0
2026-07-16 05:30,50,0,26,8,1,14,1,0,0,0,0,0,0,0
2026-07-16 05:45,86,1,45,7,3,30,0,0,0,0,0,0,0,0
2026-07-16 06:00,84,0,46,9,4,25,0,0,0,0,0,0,0,0
2026-07-16 06:15,147,2,79,14,8,43,1,0,0,0,0,0,0,0
2026-07-16 06:30,159,1,87,5,11,55,0,0,0,0,0,0,0,0
2026-07-16 06:45,245,0,133,8,29,75,0,0,0,0,0,0,0,0
2026-07-16 07:00,254,1,133,15,12,92,1,0,0,0,0,0,0,0
2026-07-16 07:15,352,0,214,12,24,100,2,0,0,0,0,0,0,0
2026-07-16 07:30,489,15,231,22,45,171,5,0,0,0,0,0,0,0
2026-07-16 07:45,580,6,310,24,56,180,4,0,0,0,0,0,0,0
2026-07-16 08:00,469,7,242,14,46,160,0,0,0,0,0,0,0,0
2026-07-16 08:15,466,5,244,17,47,153,0,0,0,0,0,0,0,0
2026-07-16 08:30,451,0,241,19,49,139,3,0,0,0,0,0,0,0
2026-07-16 08:45,512,2,279,28,57,143,3,0,0,0,0,0,0,0
2026-07-16 09:00,319,2,166,20,26,102,3,0,0,0,0,0,0,0
2026-07-16 09:15,304,2,153,23,29,97,0,0,0,0,0,0,0,0
2026-07-16 09:30,243,1,133,13,16,80,0,0,0,0,0,0,0,0
2026-07-16 09:45,332,4,174,21,20,109,4,0,0,0,0,0,0,0
2026-07-16 10:00,229,2,139,9,8,70,1,0,0,0,0,0,0,0
2026-07-16 10:15,213,2,90,23,14,82,2,0,0,0,0,0,0,0
2026-07-16 10:30,225,5,111,12,10,86,1,0,0,0,0,0,0,0
2026-07-16 10:45,254,0,133,13,20,86,2,0,0,0,0,0,0,0
2026-07-16 11:00,219,0,115,13,15,76,0,0,0,0,0,0,0,0
2026-07-16 11:15,218,0,106,18,12,80,2,0,0,0,0,0,0,0
2026-07-16 11:30,285,3,128,36,8,109,1,0,0,0,0,0,0,0
2026-07-16 11:45,268,3,144,19,9,92,1,0,0,0,0,0,0,0
2026-07-16 12:00,317,3,148,30,25,110,1,0,0,0,0,0,0,0
2026-07-16 12:15,280,2,115,25,16,121,1,0,0,0,0,0,0,0
2026-07-16 12:30,294,5,121,27,14,126,1,0,0,0,0,0,0,0
2026-07-16 12:45,320,3,144,31,16,125,1,0,0,0,0,0,0,0
2026-07-16 13:00,348,5,136,35,21,150,1,0,0,0,0,0,0,0
2026-07-16 13:15,320,2,142,22,14,139,1,0,0,0,0,0,0,0
2026-07-16 13:30,339,5,138,25,29,141,1,0,0,0,0,0,0,0
2026-07-16 13:45,352,0,151,29,25,147,0,0,0,0,0,0,0,0
2026-07-16 14:00,351,2,140,26,22,160,1,0,0,0,0,0,0,0
2026-07-16 14:15,342,0,150,33,22,131,6,0,0,0,0,0,0,0
2026-07-16 14:30,366,1,165,31,21,145,3,0,0,0,0,0,0,0
2026-07-16 14:45,425,6,171,38,30,167,13,0,0,0,0,0,0,0
2026-07-16 15:00,355,2,161,27,16,145,4,0,0,0,0,0,0,0
2026-07-16 15:15,396,2,200,27,31,132,4,0,0,0,0,0,0,0
2026-07-16 15:30,418,10,176,45,28,153,6,0,0,0,0,0,0,0
2026-07-16 15:45,465,4,211,35,30,179,6,0,0,0,0,0,0,0
2026-07-16 16:00,460,4,212,38,29,168,9,0,0,0,0,0,0,0
2026-07-16 16:15,479,2,216,39,38,181,3,0,0,0,0,0,0,0
2026-07-16 16:30,474,3,219,44,32,174,2,0,0,0,0,0,0,0
2026-07-16 16:45,519,3,235,48,49,180,4,0,0,0,0,0,0,0
2026-07-16 17:00,510,5,223,37,41,201,3,0,0,0,0,0,0,0
2026-07-16 17:15,522,1,219,44,33,219,6,0,0,0,0,0,0,0
2026-07-16 17:30,497,1,227,62,28,171,8,0,0,0,0,0,0,0
2026-07-16 17:45,507,2,222,56,29,193,5,0,0,0,0,0,0,0
2026-07-16 18:00,447,4,171,50,21,196,5,0,0,0,0,0,0,0
2026-07-16 18:15,434,1,187,51,23,164,8,0,0,0,0,0,0,0
2026-07-16 18:30,369,3,148,34,29,153,2,0,0,0,0,0,0,0
2026-07-16 18:45,365,5,150,36,32,137,5,0,0,0,0,0,0,0
2026-07-16 19:00,328,1,131,36,13,144,3,0,0,0,0,0,0,0
2026-07-16 19:15,347,1,159,41,22,120,4,0,0,0,0,0,0,0
2026-07-16 19:30,334,3,156,32,23,114,6,0,0,0,0,0,0,0
2026-07-16 19:45,280,1,100,45,17,108,9,0,0,0,0,0,0,0
2026-07-16 20:00,222,3,94,30,15,76,4,0,0,0,0,0,0,0
2026-07-16 20:15,215,1,85,17,15,94,3,0,0,0,0,0,0,0
2026-07-16 20:30,215,1,80,34,14,80,6,0,0,0,0,0,0,0
2026-07-16 20:45,185,0,69,24,11,77,4,0,0,0,0,0,0,0
2026-07-16 21:00,208,4,66,36,15,82,5,0,0,0,0,0,0,0
2026-07-16 21:15,199,0,66,33,14,77,9,0,0,0,0,0,0,0
2026-07-16 21:30,161,1,63,24,11,62,0,0,0,0,0,0,0,0
2026-07-16 21:45,172,0,76,14,12,70,0,0,0,0,0,0,0,0
2026-07-16 22:00,154,1,52,28,6,66,1,0,0,0,0,0,0,0
2026-07-16 22:15,156,2,51,20,9,71,3,0,0,0,0,0,0,0
2026-07-16 22:30,149,4,63,15,6,59,2,0,0,0,0,0,0,0
2026-07-16 22:45,135,1,46,22,9,55,2,0,0,0,0,0,0,0
2026-07-16 23:00,141,1,56,14,14,56,0,0,0,0,0,0,0,0
2026-07-16 23:15,87,0,29,18,6,33,1,0,0,0,0,0,0,0
2026-07-16 23:30,70,0,16,11,4,38,1,0,0,0,0,0,0,0
2026-07-16 23:45,66,3,20,6,10,26,1,0,0,0,0,0,0,0
2026-07-17 00:00,60,2,13,15,1,28,1,0,0,0,0,0,0,0
2026-07-17 00:15,53,5,13,12,2,21,0,0,0,0,0,0,0,0
2026-07-17 00:30,52,2,14,9,3,22,2,0,0,0,0,0,0,0
2026-07-17 00:45,31,0,12,6,2,11,0,0,0,0,0,0,0,0
2026-07-17 01:00,25,1,8,5,2,9,0,0,0,0,0,0,0,0
2026-07-17 01:15,18,0,6,4,1,6,1,0,0,0,0,0,0,0
2026-07-17 01:30,9,1,4,2,0,2,0,0,0,0,0,0,0,0
2026-07-17 01:45,11,0,3,2,0,6,0,0,0,0,0,0,0,0
2026-07-17 02:00,1,0,0,1,0,0,0,0,0,0,0,0,0,0
2026-07-17 02:15,3,0,1,0,1,1,0,0,0,0,0,0,0,0
2026-07-17 02:30,1,0,0,0,0,1,0,0,0,0,0,0,0,0
2026-07-17 02:45,9,1,3,1,1,3,0,0,0,0,0,0,0,0
2026-07-17 03:00,10,0,7,0,0,3,0,0,0,0,0,0,0,0
2026-07-17 03:15,2,0,1,0,0,1,0,0,0,0,0,0,0,0
2026-07-17 03:30,3,0,2,0,0,1,0,0,0,0,0,0,0,0
2026-07-17 03:45,5,0,4,0,1,0,0,0,0,0,0,0,0,0
2026-07-17 04:00,3,0,1,1,0,1,0,0,0,0,0,0,0,0
2026-07-17 04:15,9,0,3,1,0,5,0,0,0,0,0,0,0,0
2026-07-17 04:30,6,0,4,1,1,0,0,0,0,0,0,0,0,0
2026-07-17 04:45,14,0,9,1,1,3,0,0,0,0,0,0,0,0
2026-07-17 05:00,13,0,8,0,3,2,0,0,0,0,0,0,0,0
2026-07-17 05:15,17,2,9,1,1,4,0,0,0,0,0,0,0,0
2026-07-17 05:30,51,0,25,9,3,14,0,0,0,0,0,0,0,0
2026-07-17 05:45,62,0,45,1,1,15,0,0,0,0,0,0,0,0
2026-07-17 06:00,72,1,44,8,2,17,0,0,0,0,0,0,0,0
2026-07-17 06:15,114,1,64,2,6,41,0,0,0,0,0,0,0,0
2026-07-17 06:30,132,2,66,6,9,49,0,0,0,0,0,0,0,0
2026-07-17 06:45,183,1,111,4,13,53,1,0,0,0,0,0,0,0
2026-07-17 07:00,180,2,92,12,11,62,1,0,0,0,0,0,0,0
2026-07-17 07:15,285,3,163,11,21,85,2,0,0,0,0,0,0,0
2026-07-17 07:30,490,4,242,31,47,164,2,0,0,0,0,0,0,0
2026-07-17 07:45,474,1,255,14,53,147,4,0,0,0,0,0,0,0
2026-07-17 08:00,335,2,172,8,30,123,0,0,0,0,0,0,0,0
2026-07-17 08:15,343,1,192,8,34,108,0,0,0,0,0,0,0,0
2026-07-17 08:30,349,3,202,14,28,99,3,0,0,0,0,0,0,0
2026-07-17 08:45,386,1,236,26,30,92,1,0,0,0,0,0,0,0
2026-07-17 09:00,250,1,132,9,22,85,1,0,0,0,0,0,0,0
2026-07-17 09:15,259,1,147,14,23,71,3,0,0,0,0,0,0,0
2026-07-17 09:30,277,1,142,18,28,87,1,0,0,0,0,0,0,0
2026-07-17 09:45,296,7,172,10,22,85,0,0,0,0,0,0,0,0
2026-07-17 10:00,285,3,152,9,22,97,2,0,0,0,0,0,0,0
2026-07-17 10:15,319,3,148,22,14,130,2,0,0,0,0,0,0,0
2026-07-17 10:30,333,4,164,24,34,106,1,0,0,0,0,0,0,0
2026-07-17 10:45,366,4,179,32,19,131,1,0,0,0,0,0,0,0
2026-07-17 11:00,305,3,139,29,22,112,0,0,0,0,0,0,0,0
2026-07-17 11:15,318,3,137,29,19,130,0,0,0,0,0,0,0,0
2026-07-17 11:30,264,3,121,23,10,107,0,0,0,0,0,0,0,0
2026-07-17 11:45,328,2,149,32,17,128,0,0,0,0,0,0,0,0
2026-07-17 12:00,378,3,167,28,26,148,6,0,0,0,0,0,0,0
2026-07-17 12:15,353,5,144,33,19,152,0,0,0,0,0,0,0,0
2026-07-17 12:30,315,3,143,24,22,120,3,0,0,0,0,0,0,0
2026-07-17 12:45,422,1,204,34,21,157,5,0,0,0,0,0,0,0
2026-07-17 13:00,337,3,143,30,18,142,1,0,0,0,0,0,0,0
2026-07-17 13:15,397,4,182,27,20,160,4,0,0,0,0,0,0,0
2026-07-17 13:30,344,0,153,25,24,141,1,0,0,0,0,0,0,0
2026-07-17 13:45,379,3,187,18,30,135,6,0,0,0,0,0,0,0
2026-07-17 14:00,348,3,146,26,24,149,0,0,0,0,0,0,0,0
2026-07-17 14:15,369,3,165,32,22,145,2,0,0,0,0,0,0,0
2026-07-17 14:30,390,0,142,41,11,192,4,0,0,0,0,0,0,0
2026-07-17 14:45,405,5,167,30,21,173,9,0,0,0,0,0,0,0
2026-07-17 15:00,367,0,177,20,40,128,2,0,0,0,0,0,0,0
2026-07-17 15:15,364,3,168,27,26,140,0,0,0,0,0,0,0,0
2026-07-17 15:30,341,4,157,31,14,133,2,0,0,0,0,0,0,0
2026-07-17 15:45,423,5,186,31,36,161,4,0,0,0,0,0,0,0
2026-07-17 16:00,366,5,151,38,20,148,4,0,0,0,0,0,0,0
2026-07-17 16:15,338,3,142,25,28,131,9,0,0,0,0,0,0,0
2026-07-17 16:30,336,2,157,20,30,125,2,0,0,0,0,0,0,0
2026-07-17 16:45,425,3,184,41,28,158,11,0,0,0,0,0,0,0
2026-07-17 17:00,387,1,165,38,22,160,1,0,0,0,0,0,0,0
2026-07-17 17:15,392,1,167,38,21,161,4,0,0,0,0,0,0,0
2026-07-17 17:30,344,3,148,22,37,128,6,0,0,0,0,0,0,0
2026-07-17 17:45,403,4,174,35,29,156,5,0,0,0,0,0,0,0
2026-07-17 18:00,388,0,173,34,36,143,2,0,0,0,0,0,0,0
2026-07-17 18:15,367,1,173,30,30,129,4,0,0,0,0,0,0,0
2026-07-17 18:30,371,3,163,45,27,128,5,0,0,0,0,0,0,0
2026-07-17 18:45,445,6,201,40,41,155,2,0,0,0,0,0,0,0
2026-07-17 19:00,353,0,148,48,23,131,3,0,0,0,0,0,0,0
2026-07-17 19:15,360,2,149,42,31,133,3,0,0,0,0,0,0,0
2026-07-17 19:30,302,1,123,32,26,109,11,0,0,0,0,0,0,0
2026-07-17 19:45,267,2,115,24,25,99,2,0,0,0,0,0,0,0
2026-07-17 20:00,261,1,107,33,15,100,5,0,0,0,0,0,0,0
2026-07-17 20:15,254,0,110,24,27,87,6,0,0,0,0,0,0,0
2026-07-17 20:30,196,1,86,20,12,76,1,0,0,0,0,0,0,0
2026-07-17 20:45,178,4,73,25,15,61,0,0,0,0,0,0,0,0
2026-07-17 21:00,174,4,73,20,15,59,3,0,0,0,0,0,0,0
2026-07-17 21:15,198,1,80,18,20,77,2,0,0,0,0,0,0,0
2026-07-17 21:30,215,4,80,24,27,71,9,0,0,0,0,0,0,0
2026-07-17 21:45,210,0,84,28,16,78,4,0,0,0,0,0,0,0
2026-07-17 22:00,171,1,72,23,10,65,0,0,0,0,0,0,0,0
2026-07-17 22:15,179,1,74,22,14,66,2,0,0,0,0,0,0,0
2026-07-17 22:30,122,1,41,15,7,58,0,0,0,0,0,0,0,0
2026-07-17 22:45,132,4,48,14,9,53,4,0,0,0,0,0,0,0
2026-07-17 23:00,171,3,63,17,20,67,1,0,0,0,0,0,0,0
2026-07-17 23:15,128,0,59,12,14,39,4,0,0,0,0,0,0,0
2026-07-17 23:30,135,1,50,20,12,51,1,0,0,0,0,0,0,0
2026-07-17 23:45,128,0,46,15,12,54,1,0,0,0,0,0,0,0
2026-07-18 00:00,103,0,45,17,8,31,2,0,0,0,0,0,0,0
2026-07-18 00:15,114,2,35,25,9,43,0,0,0,0,0,0,0,0
2026-07-18 00:30,128,1,51,19,14,42,1,0,0,0,0,0,0,0
2026-07-18 00:45,84,1,27,12,8,35,1,0,0,0,0,0,0,0
2026-07-18 01:00,70,2,23,14,5,26,0,0,0,0,0,0,0,0
2026-07-18 01:15,82,3,22,22,6,27,2,0,0,0,0,0,0,0
2026-07-18 01:30,50,1,16,13,4,15,1,0,0,0,0,0,0,0
2026-07-18 01:45,34,0,8,8,0,18,0,0,0,0,0,0,0,0
2026-07-18 02:00,48,1,10,11,2,23,1,0,0,0,0,0,0,0
2026-07-18 02:15,26,3,8,4,4,6,1,0,0,0,0,0,0,0
2026-07-18 02:30,24,0,8,4,3,8,1,0,0,0,0,0,0,0
2026-07-18 02:45,38,0,6,10,3,19,0,0,0,0,0,0,0,0
2026-07-18 03:00,23,1,7,3,2,10,0,0,0,0,0,0,0,0
2026-07-18 03:15,12,0,3,2,1,6,0,0,0,0,0,0,0,0
2026-07-18 03:30,16,1,4,3,2,6,0,0,0,0,0,0,0,0
2026-07-18 03:45,15,0,4,3,1,6,1,0,0,0,0,0,0,0
2026-07-18 04:00,24,1,7,6,2,8,0,0,0,0,0,0,0,0
2026-07-18 04:15,10,2,2,1,1,4,0,0,0,0,0,0,0,0
2026-07-18 04:30,14,0,8,3,2,1,0,0,0,0,0,0,0,0
2026-07-18 04:45,10,0,6,1,0,3,0,0,0,0,0,0,0,0
2026-07-18 05:00,8,0,4,3,0,1,0,0,0,0,0,0,0,0
2026-07-18 05:15,15,2,3,6,0,4,0,0,0,0,0,0,0,0
2026-07-18 05:30,15,0,7,2,0,6,0,0,0,0,0,0,0,0
2026-07-18 05:45,28,2,16,5,0,5,0,0,0,0,0,0,0,0
2026-07-18 06:00,19,0,13,0,0,6,0,0,0,0,0,0,0,0
2026-07-18 06:15,20,0,15,1,1,3,0,0,0,0,0,0,0,0
2026-07-18 06:30,28,0,14,3,1,9,1,0,0,0,0,0,0,0
2026-07-18 06:45,27,1,18,1,1,6,0,0,0,0,0,0,0,0
2026-07-18 07:00,23,0,13,2,1,7,0,0,0,0,0,0,0,0
2026-07-18 07:15,50,0,31,5,3,10,1,0,0,0,0,0,0,0
2026-07-18 07:30,48,0,30,3,2,13,0,0,0,0,0,0,0,0
2026-07-18 07:45,74,0,52,4,6,11,1,0,0,0,0,0,0,0
2026-07-18 08:00,53,0,37,1,4,11,0,0,0,0,0,0,0,0
2026-07-18 08:15,70,0,45,3,3,19,0,0,0,0,0,0,0,0
2026-07-18 08:30,117,0,73,8,6,30,0,0,0,0,0,0,0,0
2026-07-18 08:45,112,0,74,5,8,24,1,0,0,0,0,0,0,0
2026-07-18 09:00,108,0,67,2,10,29,0,0,0,0,0,0,0,0
2026-07-18 09:15,121,1,66,7,4,42,1,0,0,0,0,0,0,0
2026-07-18 09:30,177,4,94,13,15,50,1,0,0,0,0,0,0,0
2026-07-18 09:45,223,2,118,15,27,59,2,0,0,0,0,0,0,0
2026-07-18 10:00,202,3,118,13,20,48,0,0,0,0,0,0,0,0
2026-07-18 10:15,200,0,110,18,11,61,0,0,0,0,0,0,0,0
2026-07-18 10:30,212,0,107,14,18,73,0,0,0,0,0,0,0,0
2026-07-18 10:45,274,3,147,13,27,82,2,0,0,0,0,0,0,0
2026-07-18 11:00,214,2,108,23,16,64,1,0,0,0,0,0,0,0
2026-07-18 11:15,280,0,141,19,30,89,1,0,0,0,0,0,0,0
2026-07-18 11:30,257,2,104,22,17,111,1,0,0,0,0,0,0,0
2026-07-18 11:45,313,1,165,23,13,110,1,0,0,0,0,0,0,0
2026-07-18 12:00,255,1,121,20,23,90,0,0,0,0,0,0,0,0
2026-07-18 12:15,251,2,121,20,25,81,2,0,0,0,0,0,0,0
2026-07-18 12:30,289,3,121,25,16,124,0,0,0,0,0,0,0,0
2026-07-18 12:45,308,2,139,31,15,120,1,0,0,0,0,0,0,0
2026-07-18 13:00,265,2,120,22,12,107,2,0,0,0,0,0,0,0
2026-07-18 13:15,240,0,117,20,19,84,0,0,0,0,0,0,0,0
2026-07-18 13:30,273,3,118,19,18,115,0,0,0,0,0,0,0,0
2026-07-18 13:45,276,0,126,25,22,102,1,0,0,0,0,0,0,0
2026-07-18 14:00,323,0,134,27,16,146,0,0,0,0,0,0,0,0
2026-07-18 14:15,281,3,127,26,21,103,1,0,0,0,0,0,0,0
2026-07-18 14:30,276,7,115,35,16,103,0,0,0,0,0,0,0,0
2026-07-18 14:45,320,0,143,34,16,127,0,0,0,0,0,0,0,0
2026-07-18 15:00,242,5,102,27,14,94,0,0,0,0,0,0,0,0
2026-07-18 15:15,286,5,138,25,20,98,0,0,0,0,0,0,0,0
2026-07-18 15:30,248,2,121,19,13,92,1,0,0,0,0,0,0,0
2026-07-18 15:45,270,3,136,23,26,81,1,0,0,0,0,0,0,0
2026-07-18 16:00,268,0,118,23,19,106,2,0,0,0,0,0,0,0
2026-07-18 16:15,284,3,123,34,22,100,2,0,0,0,0,0,0,0
2026-07-18 16:30,259,2,120,23,20,93,1,0,0,0,0,0,0,0
2026-07-18 16:45,249,0,112,25,19,91,2,0,0,0,0,0,0,0
2026-07-18 17:00,277,2,115,30,20,109,1,0,0,0,0,0,0,0
2026-07-18 17:15,310,3,144,28,25,107,3,0,0,0,0,0,0,0
2026-07-18 17:30,273,2,102,41,24,102,2,0,0,0,0,0,0,0
2026-07-18 17:45,279,1,109,34,16,117,2,0,0,0,0,0,0,0
2026-07-18 18:00,248,3,88,28,10,117,2,0,0,0,0,0,0,0
2026-07-18 18:15,227,1,104,22,15,85,0,0,0,0,0,0,0,0
2026-07-18 18:30,223,4,89,25,24,79,2,0,0,0,0,0,0,0
2026-07-18 18:45,313,1,127,41,17,127,0,0,0,0,0,0,0,0
2026-07-18 19:00,227,4,92,32,12,86,1,0,0,0,0,0,0,0
2026-07-18 19:15,229,2,73,39,11,104,0,0,0,0,0,0,0,0
2026-07-18 19:30,182,8,78,25,10,59,2,0,0,0,0,0,0,0
2026-07-18 19:45,214,3,81,34,10,85,1,0,0,0,0,0,0,0
2026-07-18 20:00,201,5,77,27,17,74,1,0,0,0,0,0,0,0
2026-07-18 20:15,126,0,46,19,13,47,1,0,0,0,0,0,0,0
2026-07-18 20:30,191,1,93,26,20,50,1,0,0,0,0,0,0,0
2026-07-18 20:45,152,3,55,16,9,67,2,0,0,0,0,0,0,0
2026-07-18 21:00,131,0,57,15,11,47,1,0,0,0,0,0,0,0
2026-07-18 21:15,105,1,40,13,8,41,2,0,0,0,0,0,0,0
2026-07-18 21:30,123,1,36,22,9,53,2,0,0,0,0,0,0,0
2026-07-18 21:45,157,2,62,21,13,57,2,0,0,0,0,0,0,0
2026-07-18 22:00,117,1,49,18,14,35,0,0,0,0,0,0,0,0
2026-07-18 22:15,180,2,78,24,14,62,0,0,0,0,0,0,0,0
2026-07-18 22:30,142,3,62,15,15,47,0,0,0,0,0,0,0,0
2026-07-18 22:45,117,4,38,20,10,45,0,0,0,0,0,0,0,0
2026-07-18 23:00,97,1,39,12,15,30,0,0,0,0,0,0,0,0
2026-07-18 23:15,93,1,41,11,9,31,0,0,0,0,0,0,0,0
2026-07-18 23:30,120,0,43,17,10,50,0,0,0,0,0,0,0,0
2026-07-18 23:45,80,2,33,11,4,29,1,0,0,0,0,0,0,0
2026-07-19 00:00,100,4,33,21,6,35,1,0,0,0,0,0,0,0
2026-07-19 00:15,82,0,28,17,12,25,0,0,0,0,0,0,0,0
2026-07-19 00:30,49,0,16,3,6,24,0,0,0,0,0,0,0,0
2026-07-19 00:45,53,0,17,8,5,18,5,0,0,0,0,0,0,0
2026-07-19 01:00,84,1,34,11,5,33,0,0,0,0,0,0,0,0
2026-07-19 01:15,71,2,24,14,2,27,2,0,0,0,0,0,0,0
2026-07-19 01:30,63,3,20,11,4,25,0,0,0,0,0,0,0,0
2026-07-19 01:45,39,1,8,6,6,17,1,0,0,0,0,0,0,0
2026-07-19 02:00,37,1,11,5,4,16,0,0,0,0,0,0,0,0
2026-07-19 02:15,39,2,6,7,1,22,1,0,0,0,0,0,0,0
2026-07-19 02:30,28,0,11,4,1,12,0,0,0,0,0,0,0,0
2026-07-19 02:45,25,1,7,6,1,9,1,0,0,0,0,0,0,0
2026-07-19 03:00,14,0,6,2,1,4,1,0,0,0,0,0,0,0
2026-07-19 03:15,21,3,6,1,1,10,0,0,0,0,0,0,0,0
2026-07-19 03:30,20,2,6,5,2,4,1,0,0,0,0,0,0,0
2026-07-19 03:45,11,1,6,1,0,3,0,0,0,0,0,0,0,0
2026-07-19 04:00,7,0,1,2,0,4,0,0,0,0,0,0,0,0
2026-07-19 04:15,7,0,3,1,1,2,0,0,0,0,0,0,0,0
2026-07-19 04:30,8,0,3,2,0,3,0,0,0,0,0,0,0,0
2026-07-19 04:45,12,0,4,2,1,5,0,0,0,0,0,0,0,0
2026-07-19 05:00,3,0,0,1,0,2,0,0,0,0,0,0,0,0
2026-07-19 05:15,13,1,2,3,1,6,0,0,0,0,0,0,0,0
2026-07-19 05:30,15,0,12,0,1,2,0,0,0,0,0,0,0,0
2026-07-19 05:45,19,0,12,1,1,3,2,0,0,0,0,0,0,0
2026-07-19 06:00,24,0,9,6,0,9,0,0,0,0,0,0,0,0
2026-07-19 06:15,4,0,2,1,0,1,0,0,0,0,0,0,0,0
2026-07-19 06:30,16,0,8,3,0,5,0,0,0,0,0,0,0,0
2026-07-19 06:45,18,0,7,0,2,8,1,0,0,0,0,0,0,0
2026-07-19 07:00,13,0,7,1,1,4,0,0,0,0,0,0,0,0
2026-07-19 07:15,18,0,8,2,2,6,0,0,0,0,0,0,0,0
2026-07-19 07:30,22,0,18,0,2,2,0,0,0,0,0,0,0,0
2026-07-19 07:45,42,1,28,3,0,10,0,0,0,0,0,0,0,0
2026-07-19 08:00,27,0,12,3,2,10,0,0,0,0,0,0,0,0
2026-07-19 08:15,16,0,10,1,1,4,0,0,0,0,0,0,0,0
2026-07-19 08:30,38,0,24,0,3,11,0,0,0,0,0,0,0,0
2026-07-19 08:45,82,0,43,9,8,22,0,0,0,0,0,0,0,0
2026-07-19 09:00,58,1,33,5,2,16,1,0,0,0,0,0,0,0
2026-07-19 09:15,77,0,37,6,11,21,2,0,0,0,0,0,0,0
2026-07-19 09:30,78,0,43,7,7,20,1,0,0,0,0,0,0,0
2026-07-19 09:45,142,2,83,3,13,41,0,0,0,0,0,0,0,0
2026-07-19 10:00,106,1,45,3,16,40,1,0,0,0,0,0,0,0
2026-07-19 10:15,109,2,52,11,8,36,0,0,0,0,0,0,0,0
2026-07-19 10:30,124,0,63,17,7,37,0,0,0,0,0,0,0,0
2026-07-19 10:45,132,1,66,11,13,39,2,0,0,0,0,0,0,0
2026-07-19 11:00,119,0,60,14,9,33,3,0,0,0,0,0,0,0
2026-07-19 11:15,156,2,69,22,14,48,1,0,0,0,0,0,0,0
2026-07-19 11:30,122,1,50,13,5,53,0,0,0,0,0,0,0,0
2026-07-19 11:45,151,1,70,17,7,55,1,0,0,0,0,0,0,0
2026-07-19 12:00,165,1,65,25,13,60,1,0,0,0,0,0,0,0
2026-07-19 12:15,152,2,61,22,11,55,1,0,0,0,0,0,0,0
2026-07-19 12:30,123,4,44,17,8,50,0,0,0,0,0,0,0,0
2026-07-19 12:45,208,1,94,23,14,75,1,0,0,0,0,0,0,0
2026-07-19 13:00,164,2,78,15,8,61,0,0,0,0,0,0,0,0
2026-07-19 13:15,174,2,69,19,12,70,2,0,0,0,0,0,0,0
2026-07-19 13:30,156,1,79,14,13,48,1,0,0,0,0,0,0,0
2026-07-19 13:45,202,2,100,14,14,72,0,0,0,0,0,0,0,0
2026-07-19 14:00,188,0,90,20,16,61,1,0,0,0,0,0,0,0
2026-07-19 14:15,173,2,86,20,15,50,0,0,0,0,0,0,0,0
2026-07-19 14:30,207,2,103,19,16,66,1,0,0,0,0,0,0,0
2026-07-19 14:45,267,4,130,22,17,94,0,0,0,0,0,0,0,0
2026-07-19 15:00,214,2,96,17,18,80,1,0,0,0,0,0,0,0
2026-07-19 15:15,191,1,70,20,12,87,1,0,0,0,0,0,0,0
2026-07-19 15:30,194,2,80,19,8,85,0,0,0,0,0,0,0,0
2026-07-19 15:45,214,0,82,28,16,86,2,0,0,0,0,0,0,0
2026-07-19 16:00,216,2,92,23,18,79,2,0,0,0,0,0,0,0
2026-07-19 16:15,180,1,77,21,3,78,0,0,0,0,0,0,0,0
2026-07-19 16:30,177,0,75,16,15,69,2,0,0,0,0,0,0,0
2026-07-19 16:45,253,1,125,19,14,94,0,0,0,0,0,0,0,0
2026-07-19 17:00,203,0,89,26,12,74,2,0,0,0,0,0,0,0
2026-07-19 17:15,202,1,80,24,16,79,2,0,0,0,0,0,0,0
2026-07-19 17:30,196,3,74,25,10,83,1,0,0,0,0,0,0,0
2026-07-19 17:45,259,4,120,30,18,86,1,0,0,0,0,0,0,0
2026-07-19 18:00,238,2,83,35,15,102,1,0,0,0,0,0,0,0
2026-07-19 18:15,183,3,77,18,16,66,3,0,0,0,0,0,0,0
2026-07-19 18:30,190,2,84,19,15,68,2,0,0,0,0,0,0,0
2026-07-19 18:45,175,1,69,22,13,69,1,0,0,0,0,0,0,0
2026-07-19 19:00,183,1,65,22,15,80,0,0,0,0,0,0,0,0
2026-07-19 19:15,206,1,73,37,13,82,0,0,0,0,0,0,0,0
2026-07-19 19:30,210,3,79,24,10,92,2,0,0,0,0,0,0,0
2026-07-19 19:45,219,3,101,27,19,67,2,0,0,0,0,0,0,0
2026-07-19 20:00,182,3,61,32,10,76,0,0,0,0,0,0,0,0
2026-07-19 20:15,203,3,85,23,15,77,0,0,0,0,0,0,0,0
2026-07-19 20:30,181,3,66,33,11,65,3,0,0,0,0,0,0,0
2026-07-19 20:45,183,5,67,29,11,70,1,0,0,0,0,0,0,0
2026-07-19 21:00,130,4,37,25,2,62,0,0,0,0,0,0,0,0
2026-07-19 21:15,94,0,32,16,6,40,0,0,0,0,0,0,0,0
2026-07-19 21:30,74,1,23,12,2,36,0,0,0,0,0,0,0,0
2026-07-19 21:45,67,3,24,13,3,23,1,0,0,0,0,0,0,0
2026-07-19 22:00,72,2,28,5,5,32,0,0,0,0,0,0,0,0
2026-07-19 22:15,63,1,22,7,5,27,1,0,0,0,0,0,0,0
2026-07-19 22:30,62,0,21,11,4,26,0,0,0,0,0,0,0,0
2026-07-19 22:45,39,0,14,7,1,17,0,0,0,0,0,0,0,0
2026-07-19 23:00,27,0,4,4,0,19,0,0,0,0,0,0,0,0
2026-07-19 23:15,92,1,36,11,5,39,0,0,0,0,0,0,0,0
2026-07-19 23:30,37,2,18,4,3,10,0,0,0,0,0,0,0,0
2026-07-19 23:45,27,0,15,4,1,7,0,0,0,0,0,0,0,0
2026-07-20 00:00,145,1,54,20,13,55,2,0,0,0,0,0,0,0
2026-07-20 00:15,194,2,60,31,22,78,1,0,0,0,0,0,0,0
2026-07-20 00:30,64,2,24,11,5,22,0,0,0,0,0,0,0,0
2026-07-20 00:45,45,2,15,7,3,18,0,0,0,0,0,0,0,0
2026-07-20 01:00,42,0,23,4,4,11,0,0,0,0,0,0,0,0
2026-07-20 01:15,20,1,3,4,1,11,0,0,0,0,0,0,0,0
2026-07-20 01:30,7,2,3,2,0,0,0,0,0,0,0,0,0,0
2026-07-20 01:45,4,0,0,1,0,3,0,0,0,0,0,0,0,0
2026-07-20 02:00,8,0,0,1,1,5,1,0,0,0,0,0,0,0
2026-07-20 02:15,4,0,2,0,1,1,0,0,0,0,0,0,0,0
2026-07-20 02:30,2,0,1,0,0,1,0,0,0,0,0,0,0,0
2026-07-20 02:45,6,0,4,0,2,0,0,0,0,0,0,0,0,0
2026-07-20 03:00,4,0,1,1,0,2,0,0,0,0,0,0,0,0
2026-07-20 03:15,2,0,0,1,0,1,0,0,0,0,0,0,0,0
2026-07-20 03:30,4,0,3,0,0,1,0,0,0,0,0,0,0,0
2026-07-20 03:45,7,1,3,1,1,1,0,0,0,0,0,0,0,0
2026-07-20 04:00,2,0,1,0,0,1,0,0,0,0,0,0,0,0
2026-07-20 04:15,4,0,3,1,0,0,0,0,0,0,0,0,0,0
2026-07-20 04:30,5,0,5,0,0,0,0,0,0,0,0,0,0,0
2026-07-20 04:45,12,0,8,1,2,1,0,0,0,0,0,0,0,0
2026-07-20 05:00,11,0,7,1,0,3,0,0,0,0,0,0,0,0
2026-07-20 05:15,26,0,15,1,2,8,0,0,0,0,0,0,0,0
2026-07-20 05:30,50,0,28,6,3,13,0,0,0,0,0,0,0,0
2026-07-20 05:45,81,1,39,8,3,29,1,0,0,0,0,0,0,0
2026-07-20 06:00,64,1,27,6,2,28,0,0,0,0,0,0,0,0
2026-07-20 06:15,113,0,60,4,3,45,1,0,0,0,0,0,0,0
2026-07-20 06:30,131,0,73,2,6,50,0,0,0,0,0,0,0,0
2026-07-20 06:45,183,0,110,4,9,60,0,0,0,0,0,0,0,0
2026-07-20 07:00,176,1,91,7,10,67,0,0,0,0,0,0,0,0
2026-07-20 07:15,211,0,124,6,20,59,2,0,0,0,0,0,0,0
2026-07-20 07:30,287,0,157,11,15,98,6,0,0,0,0,0,0,0
2026-07-20 07:45,332,2,197,9,26,98,0,0,0,0,0,0,0,0
2026-07-20 08:00,294,0,161,9,25,98,1,0,0,0,0,0,0,0
2026-07-20 08:15,303,1,171,6,30,94,1,0,0,0,0,0,0,0
2026-07-20 08:30,330,1,169,14,30,115,1,0,0,0,0,0,0,0
2026-07-20 08:45,332,1,196,15,28,92,0,0,0,0,0,0,0,0
2026-07-20 09:00,236,0,129,11,14,81,1,0,0,0,0,0,0,0
2026-07-20 09:15,227,0,134,8,15,70,0,0,0,0,0,0,0,0
2026-07-20 09:30,253,0,145,13,10,81,4,0,0,0,0,0,0,0
2026-07-20 09:45,228,2,131,14,7,74,0,0,0,0,0,0,0,0
2026-07-20 10:00,230,0,121,20,14,73,2,0,0,0,0,0,0,0
2026-07-20 10:15,211,0,115,10,14,71,1,0,0,0,0,0,0,0
2026-07-20 10:30,206,1,119,9,9,67,1,0,0,0,0,0,0,0
2026-07-20 10:45,227,0,112,12,11,92,0,0,0,0,0,0,0,0
2026-07-20 11:00,226,1,107,18,14,86,0,0,0,0,0,0,0,0
2026-07-20 11:15,214,2,106,7,25,74,0,0,0,0,0,0,0,0
2026-07-20 11:30,227,1,106,11,24,78,7,0,0,0,0,0,0,0
2026-07-20 11:45,228,1,113,14,21,78,1,0,0,0,0,0,0,0
2026-07-20 12:00,251,3,115,11,17,105,0,0,0,0,0,0,0,0
2026-07-20 12:15,227,0,117,11,15,84,0,0,0,0,0,0,0,0
2026-07-20 12:30,219,3,98,23,11,83,1,0,0,0,0,0,0,0
2026-07-20 12:45,268,0,137,19,13,97,2,0,0,0,0,0,0,0
2026-07-20 13:00,235,0,109,21,10,93,2,0,0,0,0,0,0,0
2026-07-20 13:15,232,1,98,19,14,97,3,0,0,0,0,0,0,0
2026-07-20 13:30,228,1,112,17,14,84,0,0,0,0,0,0,0,0
2026-07-20 13:45,261,2,131,20,12,96,0,0,0,0,0,0,0,0
2026-07-20 14:00,215,2,82,34,7,86,4,0,0,0,0,0,0,0
2026-07-20 14:15,245,1,122,13,15,93,1,0,0,0,0,0,0,0
2026-07-20 14:30,283,1,145,17,16,103,1,0,0,0,0,0,0,0
2026-07-20 14:45,322,4,146,20,12,139,1,0,0,0,0,0,0,0
2026-07-20 15:00,261,1,121,16,16,107,0,0,0,0,0,0,0,0
2026-07-20 15:15,286,0,136,21,18,111,0,0,0,0,0,0,0,0
2026-07-20 15:30,343,2,168,23,18,132,0,0,0,0,0,0,0,0
2026-07-20 15:45,362,4,153,24,27,152,2,0,0,0,0,0,0,0
2026-07-20 16:00,381,9,163,31,18,160,0,0,0,0,0,0,0,0
2026-07-20 16:15,368,0,178,17,22,149,2,0,0,0,0,0,0,0
2026-07-20 16:30,388,1,196,18,27,145,1,0,0,0,0,0,0,0
2026-07-20 16:45,413,4,190,29,25,165,0,0,0,0,0,0,0,0
2026-07-20 17:00,412,0,173,36,30,170,3,0,0,0,0,0,0,0
2026-07-20 17:15,455,4,172,49,26,201,3,0,0,0,0,0,0,0
2026-07-20 17:30,372,2,152,33,26,158,1,0,0,0,0,0,0,0
2026-07-20 17:45,375,2,170,29,25,144,5,0,0,0,0,0,0,0
2026-07-20 18:00,375,1,138,33,21,181,1,0,0,0,0,0,0,0
2026-07-20 18:15,359,3,150,32,25,145,4,0,0,0,0,0,0,0
2026-07-20 18:30,287,2,126,25,15,118,1,0,0,0,0,0,0,0
2026-07-20 18:45,289,4,124,28,16,116,1,0,0,0,0,0,0,0
2026-07-20 19:00,238,0,93,23,12,110,0,0,0,0,0,0,0,0
2026-07-20 19:15,231,2,96,25,13,93,2,0,0,0,0,0,0,0
2026-07-20 19:30,220,0,76,27,9,108,0,0,0,0,0,0,0,0
2026-07-20 19:45,200,3,80,22,16,77,2,0,0,0,0,0,0,0
2026-07-20 20:00,214,2,78,24,8,100,2,0,0,0,0,0,0,0
2026-07-20 20:15,216,3,88,22,13,89,1,0,0,0,0,0,0,0
2026-07-20 20:30,166,1,64,18,8,74,1,0,0,0,0,0,0,0
2026-07-20 20:45,121,1,50,12,6,52,0,0,0,0,0,0,0,0
2026-07-20 21:00,125,3,40,17,4,60,1,0,0,0,0,0,0,0
2026-07-20 21:15,139,1,76,15,8,39,0,0,0,0,0,0,0,0
2026-07-20 21:30,130,5,32,28,4,61,0,0,0,0,0,0,0,0
2026-07-20 21:45,121,4,56,10,5,46,0,0,0,0,0,0,0,0
2026-07-20 22:00,110,3,44,14,6,43,0,0,0,0,0,0,0,0
2026-07-20 22:15,95,2,30,13,3,46,1,0,0,0,0,0,0,0
2026-07-20 22:30,70,0,25,11,3,31,0,0,0,0,0,0,0,0
2026-07-20 22:45,65,1,25,4,5,29,1,0,0,0,0,0,0,0
2026-07-20 23:00,59,0,15,14,3,27,0,0,0,0,0,0,0,0
2026-07-20 23:15,48,2,15,11,2,18,0,0,0,0,0,0,0,0
2026-07-20 23:30,32,0,10,10,0,12,0,0,0,0,0,0,0,0
2026-07-20 23:45,17,0,3,3,0,11,0,0,0,0,0,0,0,0
2026-07-21 00:00,26,0,8,3,4,11,0,0,0,0,0,0,0,0
2026-07-21 00:15,28,0,11,5,1,11,0,0,0,0,0,0,0,0
2026-07-21 00:30,7,0,2,1,0,4,0,0,0,0,0,0,0,0
2026-07-21 00:45,16,0,7,1,0,8,0,0,0,0,0,0,0,0
2026-07-21 01:00,11,0,5,0,1,5,0,0,0,0,0,0,0,0
2026-07-21 01:15,7,1,4,0,0,2,0,0,0,0,0,0,0,0
2026-07-21 01:30,3,0,1,0,0,2,0,0,0,0,0,0,0,0
2026-07-21 01:45,5,0,2,1,1,1,0,0,0,0,0,0,0,0
2026-07-21 02:00,2,0,1,0,1,0,0,0,0,0,0,0,0,0
2026-07-21 02:15,4,0,3,0,1,0,0,0,0,0,0,0,0,0
2026-07-21 02:30,1,0,1,0,0,0,0,0,0,0,0,0,0,0
2026-07-21 02:45,7,0,1,2,0,3,1,0,0,0,0,0,0,0
2026-07-21 03:00,0,0,0,0,0,0,0,0,0,0,0,0,0,0
2026-07-21 03:15,1,0,1,0,0,0,0,0,0,0,0,0,0,0
2026-07-21 03:30,2,1,1,0,0,0,0,0,0,0,0,0,0,0
2026-07-21 03:45,1,0,0,0,1,0,0,0,0,0,0,0,0,0
2026-07-21 04:00,1,0,1,0,0,0,0,0,0,0,0,0,0,0
2026-07-21 04:15,7,0,2,1,0,4,0,0,0,0,0,0,0,0
2026-07-21 04:30,7,0,4,0,0,3,0,0,0,0,0,0,0,0
2026-07-21 04:45,9,0,7,0,1,1,0,0,0,0,0,0,0,0
2026-07-21 05:00,11,0,6,1,0,4,0,0,0,0,0,0,0,0
2026-07-21 05:15,32,0,19,2,3,7,1,0,0,0,0,0,0,0
2026-07-21 05:30,48,1,22,4,5,14,2,0,0,0,0,0,0,0
2026-07-21 05:45,90,2,43,7,5,33,0,0,0,0,0,0,0,0
2026-07-21 06:00,62,0,31,4,4,23,0,0,0,0,0,0,0,0
2026-07-21 06:15,122,1,59,10,4,48,0,0,0,0,0,0,0,0
2026-07-21 06:30,150,2,85,3,12,48,0,0,0,0,0,0,0,0
2026-07-21 06:45,209,0,115,6,13,75,0,0,0,0,0,0,0,0
2026-07-21 07:00,208,1,115,11,7,74,0,0,0,0,0,0,0,0
2026-07-21 07:15,276,1,150,6,23,95,1,0,0,0,0,0,0,0
2026-07-21 07:30,335,1,179,16,19,120,0,0,0,0,0,0,0,0
2026-07-21 07:45,444,2,249,11,50,132,0,0,0,0,0,0,0,0
2026-07-21 08:00,330,5,186,5,32,102,0,0,0,0,0,0,0,0
2026-07-21 08:15,398,10,193,13,35,147,0,0,0,0,0,0,0,0
2026-07-21 08:30,408,3,222,23,28,131,1,0,0,0,0,0,0,0
2026-07-21 08:45,425,3,236,11,41,132,2,0,0,0,0,0,0,0
2026-07-21 09:00,250,3,141,7,25,70,4,0,0,0,0,0,0,0
2026-07-21 09:15,190,0,123,6,16,44,1,0,0,0,0,0,0,0
2026-07-21 09:30,232,0,127,14,15,76,0,0,0,0,0,0,0,0
2026-07-21 09:45,293,2,151,13,23,104,0,0,0,0,0,0,0,0
2026-07-21 10:00,201,2,109,11,14,65,0,0,0,0,0,0,0,0
2026-07-21 10:15,199,0,106,10,13,69,1,0,0,0,0,0,0,0
2026-07-21 10:30,210,0,121,8,12,67,2,0,0,0,0,0,0,0
2026-07-21 10:45,243,2,128,73,15,20,5,0,0,0,0,0,0,0
2026-07-21 11:00,209,4,94,32,11,64,4,0,0,0,0,0,0,0
2026-07-21 11:15,225,0,110,8,18,71,18,0,0,0,0,0,0,0
2026-07-21 11:30,213,0,105,20,7,78,3,0,0,0,0,0,0,0
2026-07-21 11:45,275,1,143,15,17,99,0,0,0,0,0,0,0,0
2026-07-21 12:00,274,1,134,8,27,104,0,0,0,0,0,0,0,0
2026-07-21 12:15,256,2,117,14,22,101,0,0,0,0,0,0,0,0
2026-07-21 12:30,263,2,115,16,16,114,0,0,0,0,0,0,0,0
2026-07-21 12:45,284,3,116,27,21,116,1,0,0,0,0,0,0,0
2026-07-21 13:00,302,1,143,17,23,117,1,0,0,0,0,0,0,0
2026-07-21 13:15,278,4,120,14,24,115,1,0,0,0,0,0,0,0
2026-07-21 13:30,285,1,126,23,18,115,2,0,0,0,0,0,0,0
2026-07-21 13:45,348,3,180,20,23,121,1,0,0,0,0,0,0,0
2026-07-21 14:00,284,2,134,12,23,113,0,0,0,0,0,0,0,0
2026-07-21 14:15,319,1,132,30,18,135,3,0,0,0,0,0,0,0
2026-07-21 14:30,290,2,132,14,19,120,3,0,0,0,0,0,0,0
2026-07-21 14:45,342,1,152,25,26,136,2,0,0,0,0,0,0,0
2026-07-21 15:00,288,2,153,12,11,109,1,0,0,0,0,0,0,0
2026-07-21 15:15,398,5,192,30,24,146,1,0,0,0,0,0,0,0
2026-07-21 15:30,393,3,187,28,30,144,1,0,0,0,0,0,0,0
2026-07-21 15:45,432,3,200,30,35,163,1,0,0,0,0,0,0,0
2026-07-21 16:00,446,7,189,43,25,177,5,0,0,0,0,0,0,0
2026-07-21 16:15,476,6,204,33,47,184,2,0,0,0,0,0,0,0
2026-07-21 16:30,457,2,187,41,35,189,3,0,0,0,0,0,0,0
2026-07-21 16:45,508,2,230,39,37,197,3,0,0,0,0,0,0,0
2026-07-21 17:00,486,4,200,31,42,208,1,0,0,0,0,0,0,0
2026-07-21 17:15,452,6,201,36,21,188,0,0,0,0,0,0,0,0
2026-07-21 17:30,433,2,175,37,41,177,1,0,0,0,0,0,0,0
2026-07-21 17:45,435,2,207,25,27,169,5,0,0,0,0,0,0,0
2026-07-21 18:00,453,3,179,45,36,189,1,0,0,0,0,0,0,0
2026-07-21 18:15,356,2,141,37,16,160,0,0,0,0,0,0,0,0
2026-07-21 18:30,369,2,144,44,26,151,2,0,0,0,0,0,0,0
2026-07-21 18:45,358,4,141,51,19,138,5,0,0,0,0,0,0,0
2026-07-21 19:00,312,7,126,45,14,116,4,0,0,0,0,0,0,0
2026-07-21 19:15,278,0,123,28,14,112,1,0,0,0,0,0,0,0
2026-07-21 19:30,227,1,92,19,11,101,3,0,0,0,0,0,0,0
2026-07-21 19:45,241,0,110,17,20,94,0,0,0,0,0,0,0,0
2026-07-21 20:00,233,3,90,31,14,93,2,0,0,0,0,0,0,0
2026-07-21 20:15,176,4,74,16,13,69,0,0,0,0,0,0,0,0
2026-07-21 20:30,192,1,57,30,10,93,1,0,0,0,0,0,0,0
2026-07-21 20:45,179,1,74,24,9,70,1,0,0,0,0,0,0,0
2026-07-21 21:00,160,3,48,25,7,76,1,0,0,0,0,0,0,0
2026-07-21 21:15,127,0,67,9,8,43,0,0,0,0,0,0,0,0
2026-07-21 21:30,129,1,41,19,10,57,1,0,0,0,0,0,0,0
2026-07-21 21:45,157,2,67,17,10,60,1,0,0,0,0,0,0,0
2026-07-21 22:00,127,4,49,17,4,53,0,0,0,0,0,0,0,0
2026-07-21 22:15,111,0,46,13,5,47,0,0,0,0,0,0,0,0
2026-07-21 22:30,115,1,37,16,8,53,0,0,0,0,0,0,0,0
2026-07-21 22:45,69,0,24,14,8,23,0,0,0,0,0,0,0,0
2026-07-21 23:00,60,0,21,8,0,31,0,0,0,0,0,0,0,0
2026-07-21 23:15,51,0,21,5,4,19,2,0,0,0,0,0,0,0
2026-07-21 23:30,32,0,13,8,1,10,0,0,0,0,0,0,0,0
2026-07-21 23:45,45,1,14,9,1,20,0,0,0,0,0,0,0,0
2026-07-22 00:00,17,1,3,6,0,7,0,0,0,0,0,0,0,0
2026-07-22 00:15,34,2,7,5,2,17,1,0,0,0,0,0,0,0
2026-07-22 00:30,24,0,6,6,3,9,0,0,0,0,0,0,0,0
2026-07-22 00:45,14,0,3,2,0,9,0,0,0,0,0,0,0,0
2026-07-22 01:00,18,0,11,2,0,4,1,0,0,0,0,0,0,0
2026-07-22 01:15,8,0,4,3,0,1,0,0,0,0,0,0,0,0
2026-07-22 01:30,8,0,3,1,1,3,0,0,0,0,0,0,0,0
2026-07-22 01:45,11,1,4,3,0,3,0,0,0,0,0,0,0,0
2026-07-22 02:00,7,1,3,0,1,2,0,0,0,0,0,0,0,0
2026-07-22 02:15,3,1,0,0,0,2,0,0,0,0,0,0,0,0
2026-07-22 02:30,1,0,1,0,0,0,0,0,0,0,0,0,0,0
2026-07-22 02:45,1,0,0,0,0,1,0,0,0,0,0,0,0,0
2026-07-22 03:00,2,0,1,0,0,1,0,0,0,0,0,0,0,0
2026-07-22 03:15,2,0,1,0,0,1,0,0,0,0,0,0,0,0
2026-07-22 03:30,3,0,2,0,1,0,0,0,0,0,0,0,0,0
2026-07-22 03:45,1,0,0,1,0,0,0,0,0,0,0,0,0,0
2026-07-22 04:00,2,0,2,0,0,0,0,0,0,0,0,0,0,0
2026-07-22 04:15,5,0,4,0,0,1,0,0,0,0,0,0,0,0
2026-07-22 04:30,3,0,2,0,0,1,0,0,0,0,0,0,0,0
2026-07-22 04:45,10,0,10,0,0,0,0,0,0,0,0,0,0,0
2026-07-22 05:00,14,0,6,3,0,5,0,0,0,0,0,0,0,0
2026-07-22 05:15,26,1,16,0,0,9,0,0,0,0,0,0,0,0
2026-07-22 05:30,42,1,19,6,1,15,0,0,0,0,0,0,0,0
2026-07-22 05:45,66,1,34,2,0,29,0,0,0,0,0,0,0,0
2026-07-22 06:00,66,1,37,4,2,20,2,0,0,0,0,0,0,0
2026-07-22 06:15,108,0,50,5,7,45,1,0,0,0,0,0,0,0
2026-07-22 06:30,137,0,78,4,6,49,0,0,0,0,0,0,0,0
2026-07-22 06:45,193,0,101,8,10,74,0,0,0,0,0,0,0,0
2026-07-22 07:00,218,0,109,13,17,79,0,0,0,0,0,0,0,0
2026-07-22 07:15,254,0,145,8,18,82,1,0,0,0,0,0,0,0
2026-07-22 07:30,325,1,175,10,22,117,0,0,0,0,0,0,0,0
2026-07-22 07:45,410,1,236,5,55,112,1,0,0,0,0,0,0,0
2026-07-22 08:00,338,0,179,9,25,121,4,0,0,0,0,0,0,0
2026-07-22 08:15,355,0,214,6,31,100,4,0,0,0,0,0,0,0
2026-07-22 08:30,322,2,166,23,28,101,2,0,0,0,0,0,0,0
2026-07-22 08:45,343,1,199,17,29,97,0,0,0,0,0,0,0,0
2026-07-22 09:00,225,1,126,11,19,68,0,0,0,0,0,0,0,0
2026-07-22 09:15,219,1,123,8,21,66,0,0,0,0,0,0,0,0
2026-07-22 09:30,215,0,128,12,14,59,2,0,0,0,0,0,0,0
2026-07-22 09:45,291,0,159,10,27,94,1,0,0,0,0,0,0,0
2026-07-22 10:00,206,0,120,5,15,66,0,0,0,0,0,0,0,0
2026-07-22 10:15,218,1,120,13,25,59,0,0,0,0,0,0,0,0
2026-07-22 10:30,196,0,97,13,14,69,3,0,0,0,0,0,0,0
2026-07-22 10:45,265,0,150,8,22,84,1,0,0,0,0,0,0,0
2026-07-22 11:00,238,2,120,16,10,88,2,0,0,0,0,0,0,0
2026-07-22 11:15,217,1,116,11,14,75,0,0,0,0,0,0,0,0
2026-07-22 11:30,249,2,128,14,12,92,1,0,0,0,0,0,0,0
2026-07-22 11:45,264,3,144,11,18,87,1,0,0,0,0,0,0,0
2026-07-22 12:00,251,1,118,14,16,100,2,0,0,0,0,0,0,0
2026-07-22 12:15,281,3,128,19,26,103,2,0,0,0,0,0,0,0
2026-07-22 12:30,229,2,107,17,6,96,1,0,0,0,0,0,0,0
2026-07-22 12:45,243,0,114,18,12,99,0,0,0,0,0,0,0,0
2026-07-22 13:00,260,3,110,29,12,104,2,0,0,0,0,0,0,0
2026-07-22 13:15,247,1,106,19,9,107,5,0,0,0,0,0,0,0
2026-07-22 13:30,249,0,104,29,13,102,1,0,0,0,0,0,0,0
2026-07-22 13:45,258,6,122,10,12,108,0,0,0,0,0,0,0,0
2026-07-22 14:00,273,1,119,22,17,113,1,0,0,0,0,0,0,0
2026-07-22 14:15,262,1,125,18,10,107,1,0,0,0,0,0,0,0
2026-07-22 14:30,277,2,111,22,18,124,0,0,0,0,0,0,0,0
2026-07-22 14:45,324,1,139,31,23,128,2,0,0,0,0,0,0,0
2026-07-22 15:00,287,1,136,18,16,115,1,0,0,0,0,0,0,0
2026-07-22 15:15,335,2,157,21,32,123,0,0,0,0,0,0,0,0
2026-07-22 15:30,358,0,167,38,21,131,1,0,0,0,0,0,0,0
2026-07-22 15:45,394,1,189,20,29,152,3,0,0,0,0,0,0,0
2026-07-22 16:00,379,2,167,20,21,167,2,0,0,0,0,0,0,0
2026-07-22 16:15,376,3,172,36,20,144,1,0,0,0,0,0,0,0
2026-07-22 16:30,379,2,160,38,23,156,0,0,0,0,0,0,0,0
2026-07-22 16:45,412,6,175,30,24,177,0,0,0,0,0,0,0,0
2026-07-22 17:00,409,7,167,42,25,168,0,0,0,0,0,0,0,0
2026-07-22 17:15,424,0,198,29,30,166,1,0,0,0,0,0,0,0
2026-07-22 17:30,357,2,152,28,24,151,0,0,0,0,0,0,0,0
2026-07-22 17:45,430,6,189,40,27,168,0,0,0,0,0,0,0,0
2026-07-22 18:00,357,6,147,32,12,160,0,0,0,0,0,0,0,0
2026-07-22 18:15,360,6,142,30,33,148,1,0,0,0,0,0,0,0
2026-07-22 18:30,307,0,129,27,21,129,1,0,0,0,0,0,0,0
2026-07-22 18:45,312,3,147,24,18,119,1,0,0,0,0,0,0,0
2026-07-22 19:00,293,1,121,26,12,133,0,0,0,0,0,0,0,0
2026-07-22 19:15,252,4,95,29,15,107,2,0,0,0,0,0,0,0
2026-07-22 19:30,205,0,74,23,8,99,1,0,0,0,0,0,0,0
2026-07-22 19:45,210,0,79,25,10,95,1,0,0,0,0,0,0,0
2026-07-22 20:00,207,2,76,24,13,91,1,0,0,0,0,0,0,0
2026-07-22 20:15,188,2,72,28,10,73,3,0,0,0,0,0,0,0
2026-07-22 20:30,172,2,65,25,9,70,1,0,0,0,0,0,0,0
2026-07-22 20:45,129,1,38,14,8,68,0,0,0,0,0,0,0,0
2026-07-22 21:00,131,0,45,21,9,56,0,0,0,0,0,0,0,0
2026-07-22 21:15,110,2,46,15,6,40,1,0,0,0,0,0,0,0
2026-07-22 21:30,101,0,26,14,5,56,0,0,0,0,0,0,0,0
2026-07-22 21:45,119,3,47,12,5,51,1,0,0,0,0,0,0,0
2026-07-22 22:00,127,0,48,17,6,56,0,0,0,0,0,0,0,0
2026-07-22 22:15,118,0,58,10,10,40,0,0,0,0,0,0,0,0
2026-07-22 22:30,85,0,32,13,4,35,1,0,0,0,0,0,0,0
2026-07-22 22:45,80,1,31,11,4,33,0,0,0,0,0,0,0,0
2026-07-22 23:00,83,1,30,12,7,33,0,0,0,0,0,0,0,0
2026-07-22 23:15,48,0,17,10,3,18,0,0,0,0,0,0,0,0
2026-07-22 23:30,52,1,20,10,3,18,0,0,0,0,0,0,0,0
2026-07-22 23:45,26,3,5,8,0,10,0,0,0,0,0,0,0,0
2026-07-23 00:00,25,0,11,6,1,7,0,0,0,0,0,0,0,0
2026-07-23 00:15,44,2,14,10,5,13,0,0,0,0,0,0,0,0
2026-07-23 00:30,13,1,3,1,1,7,0,0,0,0,0,0,0,0
2026-07-23 00:45,30,1,6,4,1,17,1,0,0,0,0,0,0,0
2026-07-23 01:00,24,1,7,6,1,9,0,0,0,0,0,0,0,0
2026-07-23 01:15,11,0,4,2,1,4,0,0,0,0,0,0,0,0
2026-07-23 01:30,7,1,3,0,0,3,0,0,0,0,0,0,0,0
2026-07-23 01:45,12,0,2,4,0,5,1,0,0,0,0,0,0,0
2026-07-23 02:00,11,2,1,4,0,4,0,0,0,0,0,0,0,0
2026-07-23 02:15,8,0,4,0,2,2,0,0,0,0,0,0,0,0
2026-07-23 02:30,5,0,2,1,1,1,0,0,0,0,0,0,0,0
2026-07-23 02:45,3,0,1,1,0,1,0,0,0,0,0,0,0,0
2026-07-23 03:00,5,0,2,1,2,0,0,0,0,0,0,0,0,0
2026-07-23 03:15,4,1,2,0,0,1,0,0,0,0,0,0,0,0
2026-07-23 03:30,4,0,2,0,0,1,1,0,0,0,0,0,0,0
2026-07-23 03:45,8,0,7,0,1,0,0,0,0,0,0,0,0,0
2026-07-23 04:00,8,0,5,1,0,1,1,0,0,0,0,0,0,0
2026-07-23 04:15,2,0,1,0,0,1,0,0,0,0,0,0,0,0
2026-07-23 04:30,8,0,5,0,2,1,0,0,0,0,0,0,0,0
2026-07-23 04:45,12,2,6,1,0,3,0,0,0,0,0,0,0,0
2026-07-23 05:00,9,0,6,2,0,1,0,0,0,0,0,0,0,0
2026-07-23 05:15,37,1,22,1,3,10,0,0,0,0,0,0,0,0
2026-07-23 05:30,44,0,27,3,2,12,0,0,0,0,0,0,0,0
2026-07-23 05:45,92,0,42,9,3,37,1,0,0,0,0,0,0,0
2026-07-23 06:00,69,0,46,2,0,21,0,0,0,0,0,0,0,0
2026-07-23 06:15,98,0,48,5,4,41,0,0,0,0,0,0,0,0
2026-07-23 06:30,131,1,69,7,6,48,0,0,0,0,0,0,0,0
2026-07-23 06:45,181,0,93,5,10,73,0,0,0,0,0,0,0,0
2026-07-23 07:00,204,0,111,12,12,69,0,0,0,0,0,0,0,0
2026-07-23 07:15,265,3,139,12,21,88,2,0,0,0,0,0,0,0
2026-07-23 07:30,322,2,171,7,33,107,2,0,0,0,0,0,0,0
2026-07-23 07:45,417,0,237,12,37,126,5,0,0,0,0,0,0,0
2026-07-23 08:00,300,1,163,12,26,98,0,0,0,0,0,0,0,0
2026-07-23 08:15,304,1,164,16,33,89,1,0,0,0,0,0,0,0
2026-07-23 08:30,305,1,175,12,18,97,2,0,0,0,0,0,0,0
2026-07-23 08:45,365,3,211,7,33,109,2,0,0,0,0,0,0,0
2026-07-23 09:00,270,1,163,7,18,79,2,0,0,0,0,0,0,0
2026-07-23 09:15,213,1,124,14,18,54,2,0,0,0,0,0,0,0
2026-07-23 09:30,216,1,125,9,16,65,0,0,0,0,0,0,0,0
2026-07-23 09:45,301,0,168,17,31,81,4,0,0,0,0,0,0,0
2026-07-23 10:00,203,0,100,18,11,74,0,0,0,0,0,0,0,0
2026-07-23 10:15,178,1,95,13,9,58,2,0,0,0,0,0,0,0
2026-07-23 10:30,179,1,104,7,11,56,0,0,0,0,0,0,0,0
2026-07-23 10:45,261,2,133,14,19,89,4,0,0,0,0,0,0,0
2026-07-23 11:00,221,0,127,10,12,71,1,0,0,0,0,0,0,0
2026-07-23 11:15,183,3,90,17,10,61,2,0,0,0,0,0,0,0
2026-07-23 11:30,245,4,115,15,17,90,4,0,0,0,0,0,0,0
2026-07-23 11:45,252,1,128,19,21,83,0,0,0,0,0,0,0,0
2026-07-23 12:00,264,3,125,33,14,89,0,0,0,0,0,0,0,0
2026-07-23 12:15,245,1,117,21,15,91,0,0,0,0,0,0,0,0
2026-07-23 12:30,241,2,101,14,18,106,0,0,0,0,0,0,0,0
2026-07-23 12:45,292,2,132,28,22,107,1,0,0,0,0,0,0,0
2026-07-23 13:00,268,1,114,21,16,113,3,0,0,0,0,0,0,0
2026-07-23 13:15,272,4,119,19,14,114,2,0,0,0,0,0,0,0
2026-07-23 13:30,243,1,99,24,11,108,0,0,0,0,0,0,0,0
2026-07-23 13:45,284,3,140,17,11,109,4,0,0,0,0,0,0,0
2026-07-23 14:00,261,1,123,16,21,98,2,0,0,0,0,0,0,0
2026-07-23 14:15,324,1,148,36,17,121,1,0,0,0,0,0,0,0
2026-07-23 14:30,293,2,143,14,19,114,1,0,0,0,0,0,0,0
2026-07-23 14:45,318,1,164,16,20,114,3,0,0,0,0,0,0,0
2026-07-23 15:00,293,4,130,25,9,122,3,0,0,0,0,0,0,0
2026-07-23 15:15,314,1,149,18,17,126,3,0,0,0,0,0,0,0
2026-07-23 15:30,340,3,172,15,22,128,0,0,0,0,0,0,0,0
2026-07-23 15:45,375,2,177,23,32,140,1,0,0,0,0,0,0,0
2026-07-23 16:00,427,2,187,28,36,172,2,0,0,0,0,0,0,0
2026-07-23 16:15,417,2,191,26,25,171,2,0,0,0,0,0,0,0
2026-07-23 16:30,416,1,184,30,30,168,3,0,0,0,0,0,0,0
2026-07-23 16:45,456,3,205,41,38,168,1,0,0,0,0,0,0,0
2026-07-23 17:00,423,5,181,32,20,185,0,0,0,0,0,0,0,0
2026-07-23 17:15,434,2,186,36,34,175,1,0,0,0,0,0,0,0
2026-07-23 17:30,422,2,173,27,29,190,1,0,0,0,0,0,0,0
2026-07-23 17:45,539,2,224,48,29,232,4,0,0,0,0,0,0,0
2026-07-23 18:00,393,2,183,28,23,155,2,0,0,0,0,0,0,0
2026-07-23 18:15,415,1,173,41,29,170,1,0,0,0,0,0,0,0
2026-07-23 18:30,361,4,140,50,19,147,1,0,0,0,0,0,0,0
2026-07-23 18:45,371,4,128,50,28,150,11,0,0,0,0,0,0,0
2026-07-23 19:00,285,1,110,35,18,118,3,0,0,0,0,0,0,0
2026-07-23 19:15,250,2,99,29,13,107,0,0,0,0,0,0,0,0
2026-07-23 19:30,272,0,115,30,12,114,1,0,0,0,0,0,0,0
2026-07-23 19:45,230,2,92,26,8,101,1,0,0,0,0,0,0,0
2026-07-23 20:00,222,3,83,35,13,85,3,0,0,0,0,0,0,0
2026-07-23 20:15,181,1,72,20,9,79,0,0,0,0,0,0,0,0
2026-07-23 20:30,194,2,73,24,18,76,1,0,0,0,0,0,0,0
2026-07-23 20:45,167,1,62,18,9,77,0,0,0,0,0,0,0,0
2026-07-23 21:00,173,0,58,27,9,78,1,0,0,0,0,0,0,0
2026-07-23 21:15,154,0,62,12,14,66,0,0,0,0,0,0,0,0
2026-07-23 21:30,169,1,69,18,14,63,4,0,0,0,0,0,0,0
2026-07-23 21:45,115,2,52,5,8,48,0,0,0,0,0,0,0,0
2026-07-23 22:00,126,1,43,21,6,55,0,0,0,0,0,0,0,0
2026-07-23 22:15,111,1,38,10,10,50,2,0,0,0,0,0,0,0
2026-07-23 22:30,122,0,41,13,8,59,1,0,0,0,0,0,0,0
2026-07-23 22:45,89,2,45,3,13,25,1,0,0,0,0,0,0,0
2026-07-23 23:00,98,1,38,17,7,34,1,0,0,0,0,0,0,0
2026-07-23 23:15,65,1,19,8,6,31,0,0,0,0,0,0,0,0
2026-07-23 23:30,45,0,13,9,2,21,0,0,0,0,0,0,0,0
2026-07-23 23:45,44,1,14,8,0,21,0,0,0,0,0,0,0,0
2026-07-24 00:00,50,0,14,13,1,22,0,0,0,0,0,0,0,0
2026-07-24 00:15,60,2,18,9,8,23,0,0,0,0,0,0,0,0
2026-07-24 00:30,23,0,8,4,1,10,0,0,0,0,0,0,0,0
2026-07-24 00:45,27,0,13,1,6,7,0,0,0,0,0,0,0,0
2026-07-24 01:00,21,2,7,4,0,8,0,0,0,0,0,0,0,0
2026-07-24 01:15,31,2,8,5,2,14,0,0,0,0,0,0,0,0
2026-07-24 01:30,9,1,2,1,0,5,0,0,0,0,0,0,0,0
2026-07-24 01:45,2,0,1,1,0,0,0,0,0,0,0,0,0,0
2026-07-24 02:00,15,0,4,3,3,5,0,0,0,0,0,0,0,0
2026-07-24 02:15,5,0,2,1,0,2,0,0,0,0,0,0,0,0
2026-07-24 02:30,2,0,0,0,0,1,1,0,0,0,0,0,0,0
2026-07-24 02:45,4,0,2,0,0,2,0,0,0,0,0,0,0,0
2026-07-24 03:00,3,0,1,0,1,1,0,0,0,0,0,0,0,0
2026-07-24 03:15,1,0,1,0,0,0,0,0,0,0,0,0,0,0
2026-07-24 03:30,4,0,3,0,1,0,0,0,0,0,0,0,0,0
2026-07-24 03:45,3,0,1,0,1,1,0,0,0,0,0,0,0,0
2026-07-24 04:00,6,1,3,0,1,1,0,0,0,0,0,0,0,0
2026-07-24 04:15,2,0,1,1,0,0,0,0,0,0,0,0,0,0
2026-07-24 04:30,11,0,7,1,1,2,0,0,0,0,0,0,0,0
2026-07-24 04:45,10,0,8,0,1,1,0,0,0,0,0,0,0,0
2026-07-24 05:00,15,0,9,1,2,2,1,0,0,0,0,0,0,0
2026-07-24 05:15,36,1,22,3,1,9,0,0,0,0,0,0,0,0
2026-07-24 05:30,42,0,24,2,3,13,0,0,0,0,0,0,0,0
2026-07-24 05:45,55,0,29,5,1,20,0,0,0,0,0,0,0,0
2026-07-24 06:00,58,0,35,3,2,18,0,0,0,0,0,0,0,0
2026-07-24 06:15,96,0,50,4,5,36,1,0,0,0,0,0,0,0
2026-07-24 06:30,117,2,59,8,7,41,0,0,0,0,0,0,0,0
2026-07-24 06:45,120,1,61,5,8,45,0,0,0,0,0,0,0,0
2026-07-24 07:00,159,0,101,5,5,48,0,0,0,0,0,0,0,0
2026-07-24 07:15,199,1,117,10,15,56,0,0,0,0,0,0,0,0
2026-07-24 07:30,269,0,135,10,28,96,0,0,0,0,0,0,0,0
2026-07-24 07:45,300,2,170,12,23,92,1,0,0,0,0,0,0,0
2026-07-24 08:00,246,2,133,9,16,84,2,0,0,0,0,0,0,0
2026-07-24 08:15,234,2,146,5,21,59,1,0,0,0,0,0,0,0
2026-07-24 08:30,248,1,145,17,22,63,0,0,0,0,0,0,0,0
2026-07-24 08:45,329,1,184,13,39,86,6,0,0,0,0,0,0,0
2026-07-24 09:00,185,3,95,9,16,61,1,0,0,0,0,0,0,0
2026-07-24 09:15,191,2,105,10,18,56,0,0,0,0,0,0,0,0
2026-07-24 09:30,213,0,119,6,13,75,0,0,0,0,0,0,0,0
2026-07-24 09:45,275,1,149,17,18,89,1,0,0,0,0,0,0,0
2026-07-24 10:00,235,0,127,11,21,76,0,0,0,0,0,0,0,0
2026-07-24 10:15,187,2,107,7,17,53,1,0,0,0,0,0,0,0
2026-07-24 10:30,201,1,96,13,10,78,3,0,0,0,0,0,0,0
2026-07-24 10:45,244,0,120,15,14,94,1,0,0,0,0,0,0,0
2026-07-24 11:00,198,1,93,11,6,86,1,0,0,0,0,0,0,0
2026-07-24 11:15,221,0,112,11,15,83,0,0,0,0,0,0,0,0
2026-07-24 11:30,197,0,102,12,13,70,0,0,0,0,0,0,0,0
2026-07-24 11:45,268,0,140,15,27,85,1,0,0,0,0,0,0,0
2026-07-24 12:00,286,0,122,24,15,124,1,0,0,0,0,0,0,0
2026-07-24 12:15,272,1,130,14,15,112,0,0,0,0,0,0,0,0
2026-07-24 12:30,243,0,103,20,18,102,0,0,0,0,0,0,0,0
2026-07-24 12:45,288,3,139,23,17,103,3,0,0,0,0,0,0,0
2026-07-24 13:00,268,0,121,15,25,105,2,0,0,0,0,0,0,0
2026-07-24 13:15,307,3,148,20,23,112,1,0,0,0,0,0,0,0
2026-07-24 13:30,299,0,131,25,19,124,0,0,0,0,0,0,0,0
2026-07-24 13:45,335,0,150,19,26,139,1,0,0,0,0,0,0,0
2026-07-24 14:00,286,4,140,17,19,106,0,0,0,0,0,0,0,0
2026-07-24 14:15,307,0,145,24,21,117,0,0,0,0,0,0,0,0
2026-07-24 14:30,309,1,145,21,20,121,1,0,0,0,0,0,0,0
2026-07-24 14:45,321,2,137,33,20,124,5,0,0,0,0,0,0,0
2026-07-24 15:00,285,3,118,27,16,121,0,0,0,0,0,0,0,0
2026-07-24 15:15,352,1,172,19,34,124,2,0,0,0,0,0,0,0
2026-07-24 15:30,305,3,144,17,26,113,2,0,0,0,0,0,0,0
2026-07-24 15:45,306,3,143,28,16,112,4,0,0,0,0,0,0,0
2026-07-24 16:00,311,0,147,18,17,127,2,0,0,0,0,0,0,0
2026-07-24 16:15,285,1,137,20,19,107,1,0,0,0,0,0,0,0
2026-07-24 16:30,293,2,130,23,13,124,1,0,0,0,0,0,0,0
2026-07-24 16:45,335,0,157,24,30,123,1,0,0,0,0,0,0,0
2026-07-24 17:00,293,6,125,22,18,119,3,0,0,0,0,0,0,0
2026-07-24 17:15,293,3,126,21,21,120,2,0,0,0,0,0,0,0
2026-07-24 17:30,294,3,132,15,22,119,3,0,0,0,0,0,0,0
2026-07-24 17:45,360,4,145,24,38,147,2,0,0,0,0,0,0,0
2026-07-24 18:00,284,0,112,29,20,121,2,0,0,0,0,0,0,0
2026-07-24 18:15,325,8,111,27,25,153,1,0,0,0,0,0,0,0
2026-07-24 18:30,273,4,122,22,17,107,1,0,0,0,0,0,0,0
2026-07-24 18:45,334,0,171,25,37,96,5,0,0,0,0,0,0,0
2026-07-24 19:00,258,1,119,31,15,89,3,0,0,0,0,0,0,0
2026-07-24 19:15,251,1,108,28,22,90,2,0,0,0,0,0,0,0
2026-07-24 19:30,211,0,91,24,8,86,2,0,0,0,0,0,0,0
2026-07-24 19:45,224,0,100,18,16,90,0,0,0,0,0,0,0,0
2026-07-24 20:00,241,3,107,24,16,89,2,0,0,0,0,0,0,0
2026-07-24 20:15,202,3,85,27,13,73,1,0,0,0,0,0,0,0
2026-07-24 20:30,169,3,75,21,14,55,1,0,0,0,0,0,0,0
2026-07-24 20:45,195,2,92,14,24,63,0,0,0,0,0,0,0,0
2026-07-24 21:00,140,3,62,13,8,54,0,0,0,0,0,0,0,0
2026-07-24 21:15,132,0,46,18,8,59,1,0,0,0,0,0,0,0
2026-07-24 21:30,141,5,56,20,10,50,0,0,0,0,0,0,0,0
2026-07-24 21:45,115,3,46,14,6,45,1,0,0,0,0,0,0,0
2026-07-24 22:00,117,3,37,24,3,50,0,0,0,0,0,0,0,0
2026-07-24 22:15,127,2,49,16,12,47,1,0,0,0,0,0,0,0
2026-07-24 22:30,101,3,33,16,4,45,0,0,0,0,0,0,0,0
2026-07-24 22:45,111,1,37,12,14,44,3,0,0,0,0,0,0,0
2026-07-24 23:00,81,0,33,10,4,33,1,0,0,0,0,0,0,0
2026-07-24 23:15,71,0,24,11,6,29,1,0,0,0,0,0,0,0
2026-07-24 23:30,91,3,36,12,8,31,1,0,0,0,0,0,0,0
2026-07-24 23:45,97,2,29,15,8,43,0,0,0,0,0,0,0,0
2026-07-25 00:00,90,1,39,11,12,27,0,0,0,0,0,0,0,0
2026-07-25 00:15,79,1,28,11,7,31,1,0,0,0,0,0,0,0
2026-07-25 00:30,64,2,21,13,3,24,1,0,0,0,0,0,0,0
2026-07-25 00:45,37,0,14,5,2,16,0,0,0,0,0,0,0,0
2026-07-25 01:00,52,1,17,13,5,16,0,0,0,0,0,0,0,0
2026-07-25 01:15,57,0,31,3,11,10,2,0,0,0,0,0,0,0
2026-07-25 01:30,35,0,12,4,5,14,0,0,0,0,0,0,0,0
2026-07-25 01:45,35,5,12,3,2,13,0,0,0,0,0,0,0,0
2026-07-25 02:00,39,2,12,8,3,13,1,0,0,0,0,0,0,0
2026-07-25 02:15,32,1,14,6,3,6,2,0,0,0,0,0,0,0
2026-07-25 02:30,35,2,9,4,5,15,0,0,0,0,0,0,0,0
2026-07-25 02:45,22,2,5,6,1,7,1,0,0,0,0,0,0,0
2026-07-25 03:00,17,0,6,3,2,6,0,0,0,0,0,0,0,0
2026-07-25 03:15,19,1,6,5,0,7,0,0,0,0,0,0,0,0
2026-07-25 03:30,16,1,2,6,2,5,0,0,0,0,0,0,0,0
2026-07-25 03:45,26,3,1,9,2,11,0,0,0,0,0,0,0,0
2026-07-25 04:00,11,0,3,3,1,4,0,0,0,0,0,0,0,0
2026-07-25 04:15,12,0,5,3,0,3,1,0,0,0,0,0,0,0
2026-07-25 04:30,16,0,4,2,0,10,0,0,0,0,0,0,0,0
2026-07-25 04:45,6,0,3,1,0,2,0,0,0,0,0,0,0,0
2026-07-25 05:00,10,0,3,3,1,3,0,0,0,0,0,0,0,0
2026-07-25 05:15,23,1,9,3,1,9,0,0,0,0,0,0,0,0
2026-07-25 05:30,27,1,13,4,2,7,0,0,0,0,0,0,0,0
2026-07-25 05:45,30,1,16,5,2,5,1,0,0,0,0,0,0,0
2026-07-25 06:00,19,1,12,1,0,4,1,0,0,0,0,0,0,0
2026-07-25 06:15,17,0,14,0,1,2,0,0,0,0,0,0,0,0
2026-07-25 06:30,28,0,13,6,1,8,0,0,0,0,0,0,0,0
2026-07-25 06:45,27,0,16,1,1,9,0,0,0,0,0,0,0,0
2026-07-25 07:00,21,0,14,0,1,6,0,0,0,0,0,0,0,0
2026-07-25 07:15,19,0,11,1,0,7,0,0,0,0,0,0,0,0
2026-07-25 07:30,23,0,14,0,0,9,0,0,0,0,0,0,0,0
2026-07-25 07:45,62,0,41,4,7,10,0,0,0,0,0,0,0,0
2026-07-25 08:00,49,0,39,2,2,6,0,0,0,0,0,0,0,0
2026-07-25 08:15,62,1,36,3,5,17,0,0,0,0,0,0,0,0
2026-07-25 08:30,77,0,48,4,2,23,0,0,0,0,0,0,0,0
2026-07-25 08:45,120,1,65,8,16,29,1,0,0,0,0,0,0,0
2026-07-25 09:00,108,0,76,3,11,17,1,0,0,0,0,0,0,0
2026-07-25 09:15,110,0,68,5,5,32,0,0,0,0,0,0,0,0
2026-07-25 09:30,124,0,76,8,10,29,1,0,0,0,0,0,0,0
2026-07-25 09:45,207,1,113,11,25,55,2,0,0,0,0,0,0,0
2026-07-25 10:00,219,0,95,16,43,59,6,0,0,0,0,0,0,0
2026-07-25 10:15,202,1,105,12,14,69,1,0,0,0,0,0,0,0
2026-07-25 10:30,224,2,119,16,16,71,0,0,0,0,0,0,0,0
2026-07-25 10:45,269,1,126,21,18,103,0,0,0,0,0,0,0,0
2026-07-25 11:00,211,1,107,12,13,77,1,0,0,0,0,0,0,0
2026-07-25 11:15,235,1,134,11,26,60,3,0,0,0,0,0,0,0
2026-07-25 11:30,263,0,131,23,18,91,0,0,0,0,0,0,0,0
2026-07-25 11:45,276,4,128,26,24,94,0,0,0,0,0,0,0,0
2026-07-25 12:00,275,1,131,17,15,111,0,0,0,0,0,0,0,0
2026-07-25 12:15,280,3,130,23,15,108,1,0,0,0,0,0,0,0
2026-07-25 12:30,252,2,120,22,18,88,2,0,0,0,0,0,0,0
2026-07-25 12:45,271,2,119,27,11,112,0,0,0,0,0,0,0,0
2026-07-25 13:00,278,6,111,31,12,117,1,0,0,0,0,0,0,0
2026-07-25 13:15,293,1,134,19,29,106,4,0,0,0,0,0,0,0
2026-07-25 13:30,270,1,121,27,17,104,0,0,0,0,0,0,0,0
2026-07-25 13:45,283,2,120,28,19,113,1,0,0,0,0,0,0,0
2026-07-25 14:00,277,0,131,27,14,105,0,0,0,0,0,0,0,0
2026-07-25 14:15,317,3,137,32,24,120,1,0,0,0,0,0,0,0
2026-07-25 14:30,267,2,125,22,16,98,4,0,0,0,0,0,0,0
2026-07-25 14:45,292,4,122,38,15,112,1,0,0,0,0,0,0,0
2026-07-25 15:00,287,0,136,30,10,111,0,0,0,0,0,0,0,0
2026-07-25 15:15,239,6,84,41,10,97,1,0,0,0,0,0,0,0
2026-07-25 15:30,238,4,111,14,22,87,0,0,0,0,0,0,0,0
2026-07-25 15:45,275,3,125,26,17,103,1,0,0,0,0,0,0,0
2026-07-25 16:00,230,2,97,26,9,95,1,0,0,0,0,0,0,0
2026-07-25 16:15,257,2,114,26,24,91,0,0,0,0,0,0,0,0
2026-07-25 16:30,269,0,106,26,18,116,3,0,0,0,0,0,0,0
2026-07-25 16:45,321,3,136,29,36,115,2,0,0,0,0,0,0,0
2026-07-25 17:00,241,0,106,24,16,95,0,0,0,0,0,0,0,0
2026-07-25 17:15,234,3,114,22,20,75,0,0,0,0,0,0,0,0
2026-07-25 17:30,256,4,105,29,24,88,6,0,0,0,0,0,0,0
2026-07-25 17:45,259,2,94,33,13,116,1,0,0,0,0,0,0,0
2026-07-25 18:00,247,3,114,16,18,92,4,0,0,0,0,0,0,0
2026-07-25 18:15,239,4,96,25,32,82,0,0,0,0,0,0,0,0
2026-07-25 18:30,205,0,80,27,9,88,1,0,0,0,0,0,0,0
2026-07-25 18:45,233,5,94,20,29,83,2,0,0,0,0,0,0,0
2026-07-25 19:00,202,4,78,22,13,85,0,0,0,0,0,0,0,0
2026-07-25 19:15,221,2,106,23,19,70,1,0,0,0,0,0,0,0
2026-07-25 19:30,204,3,88,24,20,67,2,0,0,0,0,0,0,0
2026-07-25 19:45,182,2,71,26,7,75,1,0,0,0,0,0,0,0
2026-07-25 20:00,226,4,86,29,15,91,1,0,0,0,0,0,0,0
2026-07-25 20:15,168,2,77,25,8,54,2,0,0,0,0,0,0,0
2026-07-25 20:30,200,0,83,33,15,68,1,0,0,0,0,0,0,0
2026-07-25 20:45,156,4,54,24,13,61,0,0,0,0,0,0,0,0
2026-07-25 21:00,160,3,50,30,14,60,3,0,0,0,0,0,0,0
2026-07-25 21:15,136,2,59,10,6,58,1,0,0,0,0,0,0,0
2026-07-25 21:30,120,3,43,14,11,49,0,0,0,0,0,0,0,0
2026-07-25 21:45,118,2,47,14,12,43,0,0,0,0,0,0,0,0
2026-07-25 22:00,133,2,51,15,9,56,0,0,0,0,0,0,0,0
2026-07-25 22:15,119,3,38,18,6,53,1,0,0,0,0,0,0,0
2026-07-25 22:30,109,3,38,16,4,48,0,0,0,0,0,0,0,0
2026-07-25 22:45,94,4,19,20,5,46,0,0,0,0,0,0,0,0
2026-07-25 23:00,102,0,41,16,7,38,0,0,0,0,0,0,0,0
2026-07-25 23:15,82,2,32,13,3,32,0,0,0,0,0,0,0,0
2026-07-25 23:30,85,0,30,7,7,41,0,0,0,0,0,0,0,0
2026-07-25 23:45,77,1,23,9,3,40,1,0,0,0,0,0,0,0
2026-07-26 00:00,65,1,20,10,3,29,2,0,0,0,0,0,0,0
2026-07-26 00:15,78,1,28,17,8,24,0,0,0,0,0,0,0,0
2026-07-26 00:30,64,0,25,4,14,20,1,0,0,0,0,0,0,0
2026-07-26 00:45,68,0,29,9,12,17,1,0,0,0,0,0,0,0
2026-07-26 01:00,83,3,30,16,5,29,0,0,0,0,0,0,0,0
2026-07-26 01:15,61,1,27,6,11,16,0,0,0,0,0,0,0,0
2026-07-26 01:30,38,0,15,5,7,11,0,0,0,0,0,0,0,0
2026-07-26 01:45,39,1,16,4,4,14,0,0,0,0,0,0,0,0
2026-07-26 02:00,23,0,7,6,1,9,0,0,0,0,0,0,0,0
2026-07-26 02:15,28,0,9,7,1,11,0,0,0,0,0,0,0,0
2026-07-26 02:30,29,2,11,2,5,8,1,0,0,0,0,0,0,0
2026-07-26 02:45,15,0,7,0,2,6,0,0,0,0,0,0,0,0
2026-07-26 03:00,28,0,7,4,4,12,1,0,0,0,0,0,0,0
2026-07-26 03:15,29,3,6,6,1,13,0,0,0,0,0,0,0,0
2026-07-26 03:30,23,2,4,5,4,8,0,0,0,0,0,0,0,0
2026-07-26 03:45,18,0,7,1,2,7,1,0,0,0,0,0,0,0
2026-07-26 04:00,18,2,7,3,1,5,0,0,0,0,0,0,0,0
2026-07-26 04:15,14,1,1,5,0,7,0,0,0,0,0,0,0,0
2026-07-26 04:30,6,0,3,1,1,1,0,0,0,0,0,0,0,0
2026-07-26 04:45,11,1,4,4,0,2,0,0,0,0,0,0,0,0
2026-07-26 05:00,12,1,3,4,0,3,1,0,0,0,0,0,0,0
2026-07-26 05:15,11,0,4,2,0,5,0,0,0,0,0,0,0,0
2026-07-26 05:30,31,0,16,3,2,10,0,0,0,0,0,0,0,0
2026-07-26 05:45,23,1,10,6,0,5,1,0,0,0,0,0,0,0
2026-07-26 06:00,13,1,4,1,1,6,0,0,0,0,0,0,0,0
2026-07-26 06:15,15,0,7,2,0,6,0,0,0,0,0,0,0,0
2026-07-26 06:30,17,1,6,2,0,8,0,0,0,0,0,0,0,0
2026-07-26 06:45,16,0,7,3,1,5,0,0,0,0,0,0,0,0
2026-07-26 07:00,14,0,8,2,0,3,1,0,0,0,0,0,0,0
2026-07-26 07:15,13,1,6,3,1,1,1,0,0,0,0,0,0,0
2026-07-26 07:30,20,0,12,3,1,4,0,0,0,0,0,0,0,0
2026-07-26 07:45,30,0,16,6,2,6,0,0,0,0,0,0,0,0
2026-07-26 08:00,31,0,21,3,0,7,0,0,0,0,0,0,0,0
2026-07-26 08:15,31,1,23,3,2,2,0,0,0,0,0,0,0,0
2026-07-26 08:30,41,3,16,7,4,11,0,0,0,0,0,0,0,0
2026-07-26 08:45,57,1,34,5,1,15,1,0,0,0,0,0,0,0
2026-07-26 09:00,53,1,29,8,1,14,0,0,0,0,0,0,0,0
2026-07-26 09:15,55,0,32,3,2,18,0,0,0,0,0,0,0,0
2026-07-26 09:30,65,1,42,1,6,15,0,0,0,0,0,0,0,0
2026-07-26 09:45,122,0,67,11,8,35,1,0,0,0,0,0,0,0
2026-07-26 10:00,87,0,44,10,11,22,0,0,0,0,0,0,0,0
2026-07-26 10:15,95,0,39,10,6,40,0,0,0,0,0,0,0,0
2026-07-26 10:30,109,2,48,12,8,38,1,0,0,0,0,0,0,0
2026-07-26 10:45,136,1,59,23,4,49,0,0,0,0,0,0,0,0
2026-07-26 11:00,103,0,38,15,9,38,3,0,0,0,0,0,0,0
2026-07-26 11:15,93,1,44,8,7,32,1,0,0,0,0,0,0,0
2026-07-26 11:30,91,0,42,11,5,33,0,0,0,0,0,0,0,0
2026-07-26 11:45,117,2,63,9,9,33,1,0,0,0,0,0,0,0
2026-07-26 12:00,133,2,48,26,8,49,0,0,0,0,0,0,0,0
2026-07-26 12:15,146,0,56,16,6,66,2,0,0,0,0,0,0,0
2026-07-26 12:30,143,1,71,13,8,50,0,0,0,0,0,0,0,0
2026-07-26 12:45,164,1,66,27,6,62,2,0,0,0,0,0,0,0
2026-07-26 13:00,125,0,60,14,9,42,0,0,0,0,0,0,0,0
2026-07-26 13:15,113,1,60,8,10,34,0,0,0,0,0,0,0,0
2026-07-26 13:30,130,1,59,14,5,51,0,0,0,0,0,0,0,0
2026-07-26 13:45,153,1,75,12,13,52,0,0,0,0,0,0,0,0
2026-07-26 14:00,160,3,72,18,4,62,1,0,0,0,0,0,0,0
2026-07-26 14:15,167,2,75,16,9,65,0,0,0,0,0,0,0,0
2026-07-26 14:30,149,1,66,13,13,56,0,0,0,0,0,0,0,0
2026-07-26 14:45,147,2,73,19,9,44,0,0,0,0,0,0,0,0
2026-07-26 15:00,112,1,48,11,6,45,1,0,0,0,0,0,0,0
2026-07-26 15:15,138,2,46,19,8,62,1,0,0,0,0,0,0,0
2026-07-26 15:30,142,3,60,16,7,54,2,0,0,0,0,0,0,0
2026-07-26 15:45,113,2,48,16,5,39,3,0,0,0,0,0,0,0
2026-07-26 16:00,142,1,48,14,5,74,0,0,0,0,0,0,0,0
2026-07-26 16:15,168,1,75,18,12,62,0,0,0,0,0,0,0,0
2026-07-26 16:30,160,1,66,17,10,64,2,0,0,0,0,0,0,0
2026-07-26 16:45,188,6,75,26,16,65,0,0,0,0,0,0,0,0
2026-07-26 17:00,109,2,46,10,8,43,0,0,0,0,0,0,0,0
2026-07-26 17:15,119,4,45,14,11,45,0,0,0,0,0,0,0,0
2026-07-26 17:30,124,3,45,16,4,56,0,0,0,0,0,0,0,0
2026-07-26 17:45,96,2,39,8,3,43,1,0,0,0,0,0,0,0
2026-07-26 18:00,112,0,50,13,3,46,0,0,0,0,0,0,0,0
2026-07-26 18:15,135,1,58,10,7,58,1,0,0,0,0,0,0,0
2026-07-26 18:30,99,2,35,12,8,41,1,0,0,0,0,0,0,0
2026-07-26 18:45,130,3,43,21,4,59,0,0,0,0,0,0,0,0
2026-07-26 19:00,55,0,20,6,2,27,0,0,0,0,0,0,0,0
2026-07-26 19:15,69,1,23,13,2,30,0,0,0,0,0,0,0,0
2026-07-26 19:30,59,2,22,8,3,24,0,0,0,0,0,0,0,0
2026-07-26 19:45,91,1,30,16,3,41,0,0,0,0,0,0,0,0
2026-07-26 20:00,105,3,41,13,7,40,1,0,0,0,0,0,0,0
2026-07-26 20:15,86,0,41,6,7,32,0,0,0,0,0,0,0,0
2026-07-26 20:30,94,2,30,16,5,41,0,0,0,0,0,0,0,0
2026-07-26 20:45,66,0,21,8,7,30,0,0,0,0,0,0,0,0
2026-07-26 21:00,57,1,18,10,3,23,2,0,0,0,0,0,0,0
2026-07-26 21:15,66,0,20,11,4,29,2,0,0,0,0,0,0,0
2026-07-26 21:30,68,0,21,13,3,31,0,0,0,0,0,0,0,0
2026-07-26 21:45,67,0,32,6,3,26,0,0,0,0,0,0,0,0
2026-07-26 22:00,48,1,9,11,1,25,1,0,0,0,0,0,0,0
2026-07-26 22:15,61,0,24,12,7,18,0,0,0,0,0,0,0,0
2026-07-26 22:30,55,3,12,11,2,27,0,0,0,0,0,0,0,0
2026-07-26 22:45,46,1,17,6,3,18,1,0,0,0,0,0,0,0
2026-07-26 23:00,31,0,17,2,2,10,0,0,0,0,0,0,0,0
2026-07-26 23:15,24,1,8,3,1,11,0,0,0,0,0,0,0,0
2026-07-26 23:30,16,0,5,2,2,7,0,0,0,0,0,0,0,0
2026-07-26 23:45,12,0,7,3,0,2,0,0,0,0,0,0,0,0
2026-07-27 00:00,19,0,5,3,0,11,0,0,0,0,0,0,0,0
2026-07-27 00:15,11,0,4,2,0,5,0,0,0,0,0,0,0,0
2026-07-27 00:30,11,0,5,1,0,5,0,0,0,0,0,0,0,0
2026-07-27 00:45,6,1,0,2,0,3,0,0,0,0,0,0,0,0
2026-07-27 01:00,12,0,6,1,1,4,0,0,0,0,0,0,0,0
2026-07-27 01:15,8,0,4,2,0,2,0,0,0,0,0,0,0,0
2026-07-27 01:30,2,0,1,0,0,1,0,0,0,0,0,0,0,0
2026-07-27 01:45,4,0,0,2,1,1,0,0,0,0,0,0,0,0
2026-07-27 02:00,2,0,2,0,0,0,0,0,0,0,0,0,0,0
2026-07-27 02:15,3,0,1,1,1,0,0,0,0,0,0,0,0,0
2026-07-27 02:30,1,0,1,0,0,0,0,0,0,0,0,0,0,0
2026-07-27 02:45,6,0,3,1,0,2,0,0,0,0,0,0,0,0
2026-07-27 03:00,2,0,1,0,0,1,0,0,0,0,0,0,0,0
2026-07-27 03:15,0,0,0,0,0,0,0,0,0,0,0,0,0,0
2026-07-27 03:30,0,0,0,0,0,0,0,0,0,0,0,0,0,0
2026-07-27 03:45,0,0,0,0,0,0,0,0,0,0,0,0,0,0
2026-07-27 04:00,6,0,3,0,2,1,0,0,0,0,0,0,0,0
2026-07-27 04:15,3,0,2,0,1,0,0,0,0,0,0,0,0,0
2026-07-27 04:30,7,0,4,0,1,1,1,0,0,0,0,0,0,0
2026-07-27 04:45,11,0,6,0,1,4,0,0,0,0,0,0,0,0
2026-07-27 05:00,8,0,5,0,0,3,0,0,0,0,0,0,0,0
2026-07-27 05:15,28,0,14,4,0,10,0,0,0,0,0,0,0,0
2026-07-27 05:30,40,0,20,4,0,16,0,0,0,0,0,0,0,0
2026-07-27 05:45,68,0,38,8,1,21,0,0,0,0,0,0,0,0
2026-07-27 06:00,74,0,34,8,4,27,1,0,0,0,0,0,0,0
2026-07-27 06:15,87,1,42,6,6,32,0,0,0,0,0,0,0,0
2026-07-27 06:30,111,1,56,10,6,38,0,0,0,0,0,0,0,0
2026-07-27 06:45,178,1,98,8,9,62,0,0,0,0,0,0,0,0
2026-07-27 07:00,202,3,94,12,6,87,0,0,0,0,0,0,0,0
2026-07-27 07:15,235,2,127,10,21,72,3,0,0,0,0,0,0,0
2026-07-27 07:30,286,2,157,8,25,93,1,0,0,0,0,0,0,0
2026-07-27 07:45,365,0,203,4,43,112,3,0,0,0,0,0,0,0
2026-07-27 08:00,270,1,150,9,15,92,3,0,0,0,0,0,0,0
2026-07-27 08:15,261,0,159,4,22,73,3,0,0,0,0,0,0,0
2026-07-27 08:30,280,0,162,10,21,86,1,0,0,0,0,0,0,0
2026-07-27 08:45,314,1,186,12,33,80,2,0,0,0,0,0,0,0
2026-07-27 09:00,185,1,105,8,12,58,1,0,0,0,0,0,0,0
2026-07-27 09:15,196,0,117,8,19,52,0,0,0,0,0,0,0,0
2026-07-27 09:30,195,0,113,7,21,53,1,0,0,0,0,0,0,0
2026-07-27 09:45,233,0,135,7,22,68,1,0,0,0,0,0,0,0
2026-07-27 10:00,168,1,89,8,17,52,1,0,0,0,0,0,0,0
2026-07-27 10:15,171,0,87,7,8,69,0,0,0,0,0,0,0,0
2026-07-27 10:30,182,3,96,12,11,59,1,0,0,0,0,0,0,0
2026-07-27 10:45,223,0,119,17,12,74,1,0,0,0,0,0,0,0
2026-07-27 11:00,165,0,74,20,6,61,4,0,0,0,0,0,0,0
2026-07-27 11:15,190,3,96,15,11,65,0,0,0,0,0,0,0,0
2026-07-27 11:30,195,2,93,20,6,74,0,0,0,0,0,0,0,0
2026-07-27 11:45,197,3,92,14,7,81,0,0,0,0,0,0,0,0
2026-07-27 12:00,206,0,97,11,12,86,0,0,0,0,0,0,0,0
2026-07-27 12:15,209,2,90,12,10,90,5,0,0,0,0,0,0,0
2026-07-27 12:30,205,1,86,17,12,89,0,0,0,0,0,0,0,0
2026-07-27 12:45,201,1,101,8,13,78,0,0,0,0,0,0,0,0
2026-07-27 13:00,195,1,76,18,9,90,1,0,0,0,0,0,0,0
2026-07-27 13:15,167,2,79,14,10,62,0,0,0,0,0,0,0,0
2026-07-27 13:30,210,3,114,24,10,59,0,0,0,0,0,0,0,0
2026-07-27 13:45,249,7,129,26,9,78,0,0,0,0,0,0,0,0
2026-07-27 14:00,215,3,93,23,5,89,2,0,0,0,0,0,0,0
2026-07-27 14:15,216,0,104,14,19,77,2,0,0,0,0,0,0,0
2026-07-27 14:30,214,1,103,15,12,82,1,0,0,0,0,0,0,0
2026-07-27 14:45,229,1,116,8,11,93,0,0,0,0,0,0,0,0
2026-07-27 15:00,258,4,106,21,13,112,2,0,0,0,0,0,0,0
2026-07-27 15:15,268,2,140,11,25,88,2,0,0,0,0,0,0,0
2026-07-27 15:30,285,0,124,31,13,114,3,0,0,0,0,0,0,0
2026-07-27 15:45,294,0,132,11,20,130,1,0,0,0,0,0,0,0
2026-07-27 16:00,327,1,150,25,9,139,3,0,0,0,0,0,0,0
2026-07-27 16:15,357,4,168,21,23,141,0,0,0,0,0,0,0,0
2026-07-27 16:30,359,2,173,28,18,135,3,0,0,0,0,0,0,0
2026-07-27 16:45,366,2,169,29,25,141,0,0,0,0,0,0,0,0
2026-07-27 17:00,371,5,145,33,22,165,1,0,0,0,0,0,0,0
2026-07-27 17:15,407,4,179,38,22,164,0,0,0,0,0,0,0,0
2026-07-27 17:30,348,3,146,32,17,147,3,0,0,0,0,0,0,0
2026-07-27 17:45,345,2,161,26,17,139,0,0,0,0,0,0,0,0
2026-07-27 18:00,380,3,139,37,33,165,3,0,0,0,0,0,0,0
2026-07-27 18:15,363,6,147,28,35,147,0,0,0,0,0,0,0,0
2026-07-27 18:30,278,2,120,37,14,105,0,0,0,0,0,0,0,0
2026-07-27 18:45,266,4,107,31,17,107,0,0,0,0,0,0,0,0
2026-07-27 19:00,244,1,100,24,17,102,0,0,0,0,0,0,0,0
2026-07-27 19:15,217,1,83,28,16,88,1,0,0,0,0,0,0,0
2026-07-27 19:30,221,3,78,36,7,95,2,0,0,0,0,0,0,0
2026-07-27 19:45,200,0,83,30,14,73,0,0,0,0,0,0,0,0
2026-07-27 20:00,185,2,70,27,7,77,2,0,0,0,0,0,0,0
2026-07-27 20:15,162,3,61,21,7,69,1,0,0,0,0,0,0,0
2026-07-27 20:30,142,4,52,16,8,60,2,0,0,0,0,0,0,0
2026-07-27 20:45,125,5,45,18,4,52,1,0,0,0,0,0,0,0
2026-07-27 21:00,121,2,47,10,14,47,1,0,0,0,0,0,0,0
2026-07-27 21:15,91,1,40,15,3,31,1,0,0,0,0,0,0,0
2026-07-27 21:30,99,1,38,13,10,36,1,0,0,0,0,0,0,0
2026-07-27 21:45,101,1,39,18,3,40,0,0,0,0,0,0,0,0
2026-07-27 22:00,90,0,30,9,5,45,1,0,0,0,0,0,0,0
2026-07-27 22:15,97,2,39,13,10,32,1,0,0,0,0,0,0,0
2026-07-27 22:30,75,0,24,14,6,31,0,0,0,0,0,0,0,0
2026-07-27 22:45,60,1,22,8,3,26,0,0,0,0,0,0,0,0
2026-07-27 23:00,65,2,26,11,2,24,0,0,0,0,0,0,0,0
2026-07-27 23:15,33,0,12,7,1,13,0,0,0,0,0,0,0,0
2026-07-27 23:30,37,2,14,4,4,13,0,0,0,0,0,0,0,0
2026-07-27 23:45,32,0,12,5,0,15,0,0,0,0,0,0,0,0
2026-07-28 00:00,29,1,11,6,1,10,0,0,0,0,0,0,0,0
2026-07-28 00:15,26,0,4,3,1,18,0,0,0,0,0,0,0,0
2026-07-28 00:30,18,1,5,3,1,8,0,0,0,0,0,0,0,0
2026-07-28 00:45,18,2,7,4,0,5,0,0,0,0,0,0,0,0
2026-07-28 01:00,16,0,6,4,3,2,1,0,0,0,0,0,0,0
2026-07-28 01:15,14,0,6,2,1,5,0,0,0,0,0,0,0,0
2026-07-28 01:30,4,0,2,0,0,2,0,0,0,0,0,0,0,0
2026-07-28 01:45,8,0,5,1,0,2,0,0,0,0,0,0,0,0
2026-07-28 02:00,3,0,1,0,0,2,0,0,0,0,0,0,0,0
2026-07-28 02:15,3,0,0,1,0,2,0,0,0,0,0,0,0,0
2026-07-28 02:30,2,0,1,0,0,1,0,0,0,0,0,0,0,0
2026-07-28 02:45,6,1,0,2,0,3,0,0,0,0,0,0,0,0
2026-07-28 03:00,4,0,3,0,0,0,1,0,0,0,0,0,0,0
2026-07-28 03:15,2,0,1,1,0,0,0,0,0,0,0,0,0,0
2026-07-28 03:30,2,0,2,0,0,0,0,0,0,0,0,0,0,0
2026-07-28 03:45,1,0,1,0,0,0,0,0,0,0,0,0,0,0
2026-07-28 04:00,4,0,2,1,0,1,0,0,0,0,0,0,0,0
2026-07-28 04:15,11,1,2,3,2,3,0,0,0,0,0,0,0,0
2026-07-28 04:30,5,0,4,0,1,0,0,0,0,0,0,0,0,0
2026-07-28 04:45,13,0,7,1,1,4,0,0,0,0,0,0,0,0
2026-07-28 05:00,11,0,4,0,0,7,0,0,0,0,0,0,0,0
2026-07-28 05:15,29,0,20,2,0,7,0,0,0,0,0,0,0,0
2026-07-28 05:30,56,2,30,4,1,18,1,0,0,0,0,0,0,0
2026-07-28 05:45,73,0,37,4,5,26,1,0,0,0,0,0,0,0
2026-07-28 06:00,69,0,33,5,2,29,0,0,0,0,0,0,0,0
2026-07-28 06:15,125,0,62,2,10,50,1,0,0,0,0,0,0,0
2026-07-28 06:30,118,0,65,5,6,42,0,0,0,0,0,0,0,0
2026-07-28 06:45,210,0,118,8,13,70,1,0,0,0,0,0,0,0
2026-07-28 07:00,233,1,143,4,14,71,0,0,0,0,0,0,0,0
2026-07-28 07:15,276,2,148,10,17,97,2,0,0,0,0,0,0,0
2026-07-28 07:30,317,3,168,10,24,111,1,0,0,0,0,0,0,0
2026-07-28 07:45,408,2,238,11,45,109,3,0,0,0,0,0,0,0
2026-07-28 08:00,334,2,174,11,33,111,3,0,0,0,0,0,0,0
2026-07-28 08:15,316,4,177,10,28,95,2,0,0,0,0,0,0,0
2026-07-28 08:30,267,3,148,5,22,89,0,0,0,0,0,0,0,0
2026-07-28 08:45,378,1,220,7,51,97,2,0,0,0,0,0,0,0
2026-07-28 09:00,220,0,125,7,19,68,1,0,0,0,0,0,0,0
2026-07-28 09:15,202,2,114,6,19,59,2,0,0,0,0,0,0,0
2026-07-28 09:30,208,0,107,7,16,76,2,0,0,0,0,0,0,0
2026-07-28 09:45,253,2,129,11,36,73,2,0,0,0,0,0,0,0
2026-07-28 10:00,224,2,119,8,23,71,1,0,0,0,0,0,0,0
2026-07-28 10:15,208,1,105,12,10,78,2,0,0,0,0,0,0,0
2026-07-28 10:30,207,1,105,12,11,78,0,0,0,0,0,0,0,0
2026-07-28 10:45,275,1,151,9,23,91,0,0,0,0,0,0,0,0
2026-07-28 11:00,199,1,113,14,3,67,1,0,0,0,0,0,0,0
2026-07-28 11:15,202,3,116,58,9,16,0,0,0,0,0,0,0,0
2026-07-28 11:30,179,0,88,5,18,67,1,0,0,0,0,0,0,0
2026-07-28 11:45,248,4,124,14,16,90,0,0,0,0,0,0,0,0
2026-07-28 12:00,258,1,110,21,19,106,1,0,0,0,0,0,0,0
2026-07-28 12:15,261,3,117,29,15,97,0,0,0,0,0,0,0,0
2026-07-28 12:30,275,5,140,18,16,96,0,0,0,0,0,0,0,0
2026-07-28 12:45,316,2,155,33,22,100,4,0,0,0,0,0,0,0
2026-07-28 13:00,264,2,125,21,14,101,1,0,0,0,0,0,0,0
2026-07-28 13:15,242,5,113,16,17,91,0,0,0,0,0,0,0,0
2026-07-28 13:30,241,0,106,25,12,98,0,0,0,0,0,0,0,0
2026-07-28 13:45,292,2,140,20,19,111,0,0,0,0,0,0,0,0
2026-07-28 14:00,254,2,102,24,4,122,0,0,0,0,0,0,0,0
2026-07-28 14:15,331,2,156,24,11,138,0,0,0,0,0,0,0,0
2026-07-28 14:30,287,2,133,24,17,110,1,0,0,0,0,0,0,0
2026-07-28 14:45,283,3,118,17,17,126,2,0,0,0,0,0,0,0
2026-07-28 15:00,288,1,129,22,22,113,1,0,0,0,0,0,0,0
2026-07-28 15:15,319,0,163,13,21,121,1,0,0,0,0,0,0,0
2026-07-28 15:30,350,2,156,31,23,136,2,0,0,0,0,0,0,0
2026-07-28 15:45,389,1,175,29,29,155,0,0,0,0,0,0,0,0
2026-07-28 16:00,363,1,170,27,26,138,1,0,0,0,0,0,0,0
2026-07-28 16:15,423,2,194,27,28,169,3,0,0,0,0,0,0,0
2026-07-28 16:30,420,2,179,31,22,185,1,0,0,0,0,0,0,0
2026-07-28 16:45,441,4,194,41,35,158,9,0,0,0,0,0,0,0
2026-07-28 17:00,437,2,185,52,21,176,1,0,0,0,0,0,0,0
2026-07-28 17:15,435,3,190,41,22,177,2,0,0,0,0,0,0,0
2026-07-28 17:30,419,8,172,38,25,174,2,0,0,0,0,0,0,0
2026-07-28 17:45,430,3,186,28,22,190,1,0,0,0,0,0,0,0
2026-07-28 18:00,412,0,174,33,28,177,0,0,0,0,0,0,0,0
2026-07-28 18:15,362,3,151,27,22,157,2,0,0,0,0,0,0,0
2026-07-28 18:30,298,5,112,27,16,137,1,0,0,0,0,0,0,0
2026-07-28 18:45,331,2,140,37,29,119,4,0,0,0,0,0,0,0
2026-07-28 19:00,272,2,100,34,14,119,3,0,0,0,0,0,0,0
2026-07-28 19:15,291,0,127,34,23,106,1,0,0,0,0,0,0,0
2026-07-28 19:30,263,2,109,32,13,105,2,0,0,0,0,0,0,0
2026-07-28 19:45,215,4,91,39,7,70,4,0,0,0,0,0,0,0
2026-07-28 20:00,239,0,84,40,5,110,0,0,0,0,0,0,0,0
2026-07-28 20:15,182,2,74,36,9,59,2,0,0,0,0,0,0,0
2026-07-28 20:30,157,4,65,20,14,53,1,0,0,0,0,0,0,0
2026-07-28 20:45,180,1,73,31,9,63,3,0,0,0,0,0,0,0
2026-07-28 21:00,149,0,54,29,8,57,1,0,0,0,0,0,0,0
2026-07-28 21:15,148,0,63,24,4,57,0,0,0,0,0,0,0,0
2026-07-28 21:30,135,2,59,19,6,49,0,0,0,0,0,0,0,0
2026-07-28 21:45,142,2,48,22,10,58,2,0,0,0,0,0,0,0
2026-07-28 22:00,122,1,44,24,6,47,0,0,0,0,0,0,0,0
2026-07-28 22:15,110,1,40,13,2,52,2,0,0,0,0,0,0,0
2026-07-28 22:30,101,0,27,18,4,52,0,0,0,0,0,0,0,0
2026-07-28 22:45,94,0,32,17,2,43,0,0,0,0,0,0,0,0
2026-07-28 23:00,67,2,22,12,1,30,0,0,0,0,0,0,0,0
2026-07-28 23:15,65,1,26,10,3,25,0,0,0,0,0,0,0,0
2026-07-28 23:30,48,3,16,8,1,20,0,0,0,0,0,0,0,0
2026-07-28 23:45,44,1,13,10,3,17,0,0,0,0,0,0,0,0
2026-07-29 00:00,31,0,7,9,1,14,0,0,0,0,0,0,0,0
2026-07-29 00:15,26,1,5,7,0,13,0,0,0,0,0,0,0,0
2026-07-29 00:30,26,2,3,5,0,16,0,0,0,0,0,0,0,0
2026-07-29 00:45,18,1,5,4,1,6,1,0,0,0,0,0,0,0
2026-07-29 01:00,11,1,3,3,1,3,0,0,0,0,0,0,0,0
2026-07-29 01:15,14,1,3,3,0,7,0,0,0,0,0,0,0,0
2026-07-29 01:30,3,1,0,0,0,2,0,0,0,0,0,0,0,0
2026-07-29 01:45,4,0,1,1,0,2,0,0,0,0,0,0,0,0
2026-07-29 02:00,4,0,2,0,0,2,0,0,0,0,0,0,0,0
2026-07-29 02:15,5,0,0,2,0,3,0,0,0,0,0,0,0,0
2026-07-29 02:30,1,0,0,0,0,1,0,0,0,0,0,0,0,0
2026-07-29 02:45,1,0,1,0,0,0,0,0,0,0,0,0,0,0
2026-07-29 03:00,8,1,2,1,1,3,0,0,0,0,0,0,0,0
2026-07-29 03:15,5,0,2,1,0,2,0,0,0,0,0,0,0,0
2026-07-29 03:30,4,1,1,1,0,1,0,0,0,0,0,0,0,0
2026-07-29 03:45,6,0,2,1,1,2,0,0,0,0,0,0,0,0
2026-07-29 04:00,5,0,2,1,0,2,0,0,0,0,0,0,0,0
2026-07-29 04:15,9,0,4,2,2,1,0,0,0,0,0,0,0,0
2026-07-29 04:30,10,0,6,1,0,3,0,0,0,0,0,0,0,0
2026-07-29 04:45,13,0,9,2,0,2,0,0,0,0,0,0,0,0
2026-07-29 05:00,12,0,7,1,0,4,0,0,0,0,0,0,0,0
2026-07-29 05:15,38,1,20,5,1,11,0,0,0,0,0,0,0,0
2026-07-29 05:30,48,0,25,10,1,12,0,0,0,0,0,0,0,0
2026-07-29 05:45,77,1,40,13,4,19,0,0,0,0,0,0,0,0
2026-07-29 06:00,91,0,48,7,7,28,1,0,0,0,0,0,0,0
2026-07-29 06:15,119,2,64,8,3,41,1,0,0,0,0,0,0,0
2026-07-29 06:30,145,0,75,15,7,46,2,0,0,0,0,0,0,0
2026-07-29 06:45,208,2,111,12,9,74,0,0,0,0,0,0,0,0
2026-07-29 07:00,192,3,104,11,10,64,0,0,0,0,0,0,0,0
2026-07-29 07:15,256,0,137,10,19,90,0,0,0,0,0,0,0,0
2026-07-29 07:30,286,2,142,12,22,107,1,0,0,0,0,0,0,0
2026-07-29 07:45,361,3,196,10,45,107,0,0,0,0,0,0,0,0
2026-07-29 08:00,344,2,187,9,39,107,0,0,0,0,0,0,0,0
2026-07-29 08:15,382,2,225,8,40,107,0,0,0,0,0,0,0,0
2026-07-29 08:30,281,0,164,10,18,89,0,0,0,0,0,0,0,0
2026-07-29 08:45,316,5,182,12,30,87,0,0,0,0,0,0,0,0
2026-07-29 09:00,265,1,145,7,26,85,1,0,0,0,0,0,0,0
2026-07-29 09:15,235,1,130,14,10,79,1,0,0,0,0,0,0,0
2026-07-29 09:30,248,1,140,8,16,81,2,0,0,0,0,0,0,0
2026-07-29 09:45,268,3,154,12,17,81,1,0,0,0,0,0,0,0
2026-07-29 10:00,231,3,127,9,22,69,1,0,0,0,0,0,0,0
2026-07-29 10:15,234,2,128,13,14,76,1,0,0,0,0,0,0,0
2026-07-29 10:30,248,3,115,13,18,98,1,0,0,0,0,0,0,0
2026-07-29 10:45,231,1,125,9,10,86,0,0,0,0,0,0,0,0
2026-07-29 11:00,235,1,130,17,8,79,0,0,0,0,0,0,0,0
2026-07-29 11:15,245,1,132,12,21,78,1,0,0,0,0,0,0,0
2026-07-29 11:30,270,3,127,16,13,110,1,0,0,0,0,0,0,0
2026-07-29 11:45,315,0,172,8,38,95,2,0,0,0,0,0,0,0
2026-07-29 12:00,270,2,122,29,9,108,0,0,0,0,0,0,0,0
2026-07-29 12:15,293,1,139,20,20,112,1,0,0,0,0,0,0,0
2026-07-29 12:30,256,2,111,18,10,115,0,0,0,0,0,0,0,0
2026-07-29 12:45,308,2,141,23,16,126,0,0,0,0,0,0,0,0
2026-07-29 13:00,265,2,126,22,8,106,1,0,0,0,0,0,0,0
2026-07-29 13:15,246,0,95,31,9,109,2,0,0,0,0,0,0,0
2026-07-29 13:30,284,1,112,32,18,120,1,0,0,0,0,0,0,0
2026-07-29 13:45,254,0,114,17,13,110,0,0,0,0,0,0,0,0
2026-07-29 14:00,230,1,116,17,11,83,2,0,0,0,0,0,0,0
2026-07-29 14:15,275,1,133,27,20,94,0,0,0,0,0,0,0,0
2026-07-29 14:30,295,0,129,26,10,130,0,0,0,0,0,0,0,0
2026-07-29 14:45,322,1,154,30,12,125,0,0,0,0,0,0,0,0
2026-07-29 15:00,259,3,133,14,12,96,1,0,0,0,0,0,0,0
2026-07-29 15:15,318,2,132,29,22,132,1,0,0,0,0,0,0,0
2026-07-29 15:30,288,1,141,19,7,120,0,0,0,0,0,0,0,0
2026-07-29 15:45,390,3,196,27,30,133,1,0,0,0,0,0,0,0
2026-07-29 16:00,338,3,153,19,21,141,1,0,0,0,0,0,0,0
2026-07-29 16:15,351,1,171,23,26,129,1,0,0,0,0,0,0,0
2026-07-29 16:30,380,4,155,45,19,154,3,0,0,0,0,0,0,0
2026-07-29 16:45,361,2,158,35,28,135,3,0,0,0,0,0,0,0
2026-07-29 17:00,451,5,169,42,37,191,7,0,0,0,0,0,0,0
2026-07-29 17:15,426,1,167,43,28,182,5,0,0,0,0,0,0,0
2026-07-29 17:30,361,3,159,33,14,146,6,0,0,0,0,0,0,0
2026-07-29 17:45,403,7,156,28,46,160,6,0,0,0,0,0,0,0
2026-07-29 18:00,353,1,141,36,14,158,3,0,0,0,0,0,0,0
2026-07-29 18:15,372,1,156,42,13,154,6,0,0,0,0,0,0,0
2026-07-29 18:30,280,2,110,36,8,120,4,0,0,0,0,0,0,0
2026-07-29 18:45,330,1,137,30,26,135,1,0,0,0,0,0,0,0
2026-07-29 19:00,297,2,123,30,22,113,7,0,0,0,0,0,0,0
2026-07-29 19:15,301,3,127,29,25,113,4,0,0,0,0,0,0,0
2026-07-29 19:30,234,4,91,32,12,91,4,0,0,0,0,0,0,0
2026-07-29 19:45,234,0,93,35,9,93,4,0,0,0,0,0,0,0
2026-07-29 20:00,224,3,103,19,22,74,3,0,0,0,0,0,0,0
2026-07-29 20:15,208,1,81,33,7,83,3,0,0,0,0,0,0,0
2026-07-29 20:30,145,1,52,21,11,57,3,0,0,0,0,0,0,0
2026-07-29 20:45,192,3,67,27,15,78,2,0,0,0,0,0,0,0
2026-07-29 21:00,201,0,77,20,15,87,2,0,0,0,0,0,0,0
2026-07-29 21:15,158,1,65,22,13,55,2,0,0,0,0,0,0,0
2026-07-29 21:30,181,4,60,31,9,74,3,0,0,0,0,0,0,0
2026-07-29 21:45,147,2,37,31,4,69,4,0,0,0,0,0,0,0
2026-07-29 22:00,136,3,50,21,9,52,1,0,0,0,0,0,0,0
2026-07-29 22:15,137,1,51,18,14,52,1,0,0,0,0,0,0,0
2026-07-29 22:30,135,1,62,9,18,43,2,0,0,0,0,0,0,0
2026-07-29 22:45,83,0,34,13,3,32,1,0,0,0,0,0,0,0
2026-07-29 23:00,88,0,24,22,2,40,0,0,0,0,0,0,0,0
2026-07-29 23:15,89,0,29,14,7,39,0,0,0,0,0,0,0,0
2026-07-29 23:30,69,1,18,14,1,33,2,0,0,0,0,0,0,0
2026-07-29 23:45,54,1,22,8,6,17,0,0,0,0,0,0,0,0
2026-07-30 00:00,55,2,17,12,6,18,0,0,0,0,0,0,0,0
2026-07-30 00:15,42,1,16,4,2,18,1,0,0,0,0,0,0,0
2026-07-30 00:30,18,0,5,4,2,7,0,0,0,0,0,0,0,0
2026-07-30 00:45,39,2,11,8,6,12,0,0,0,0,0,0,0,0
2026-07-30 01:00,32,0,10,8,1,13,0,0,0,0,0,0,0,0
2026-07-30 01:15,27,0,11,3,3,9,1,0,0,0,0,0,0,0
2026-07-30 01:30,24,1,9,3,2,7,2,0,0,0,0,0,0,0
2026-07-30 01:45,11,0,7,1,0,3,0,0,0,0,0,0,0,0
2026-07-30 02:00,10,0,1,4,0,5,0,0,0,0,0,0,0,0
2026-07-30 02:15,11,1,4,2,1,3,0,0,0,0,0,0,0,0
2026-07-30 02:30,17,0,10,1,2,4,0,0,0,0,0,0,0,0
2026-07-30 02:45,14,1,7,1,2,2,1,0,0,0,0,0,0,0
2026-07-30 03:00,9,0,3,4,1,1,0,0,0,0,0,0,0,0
2026-07-30 03:15,14,1,1,2,1,9,0,0,0,0,0,0,0,0
2026-07-30 03:30,7,0,2,2,0,3,0,0,0,0,0,0,0,0
2026-07-30 03:45,7,0,3,1,1,2,0,0,0,0,0,0,0,0
2026-07-30 04:00,9,0,4,2,0,3,0,0,0,0,0,0,0,0
2026-07-30 04:15,9,0,6,0,1,2,0,0,0,0,0,0,0,0
2026-07-30 04:30,12,0,5,2,0,5,0,0,0,0,0,0,0,0
2026-07-30 04:45,15,0,8,3,0,4,0,0,0,0,0,0,0,0
2026-07-30 05:00,12,1,3,1,0,7,0,0,0,0,0,0,0,0
2026-07-30 05:15,36,0,23,3,0,10,0,0,0,0,0,0,0,0
2026-07-30 05:30,45,0,21,7,4,11,2,0,0,0,0,0,0,0
2026-07-30 05:45,76,1,39,6,6,22,2,0,0,0,0,0,0,0
2026-07-30 06:00,79,2,43,7,3,24,0,0,0,0,0,0,0,0
2026-07-30 06:15,126,0,66,7,6,45,2,0,0,0,0,0,0,0
2026-07-30 06:30,138,1,69,11,6,50,1,0,0,0,0,0,0,0
2026-07-30 06:45,206,3,104,7,11,80,1,0,0,0,0,0,0,0
2026-07-30 07:00,197,3,114,11,10,59,0,0,0,0,0,0,0,0
2026-07-30 07:15,215,2,107,10,11,84,1,0,0,0,0,0,0,0
2026-07-30 07:30,261,3,141,7,17,92,1,0,0,0,0,0,0,0
2026-07-30 07:45,389,2,220,16,32,116,3,0,0,0,0,0,0,0
2026-07-30 08:00,305,0,190,11,23,80,1,0,0,0,0,0,0,0
2026-07-30 08:15,316,5,181,6,28,95,1,0,0,0,0,0,0,0
2026-07-30 08:30,272,0,158,8,24,82,0,0,0,0,0,0,0,0
2026-07-30 08:45,308,2,170,10,33,91,2,0,0,0,0,0,0,0
2026-07-30 09:00,203,3,116,10,17,56,1,0,0,0,0,0,0,0
2026-07-30 09:15,208,1,134,8,7,57,1,0,0,0,0,0,0,0
2026-07-30 09:30,206,1,116,9,11,68,1,0,0,0,0,0,0,0
2026-07-30 09:45,247,3,143,10,20,68,3,0,0,0,0,0,0,0
2026-07-30 10:00,211,0,119,8,16,67,1,0,0,0,0,0,0,0
2026-07-30 10:15,191,1,107,7,11,65,0,0,0,0,0,0,0,0
2026-07-30 10:30,239,1,110,21,17,86,4,0,0,0,0,0,0,0
2026-07-30 10:45,241,2,133,7,28,68,3,0,0,0,0,0,0,0
2026-07-30 11:00,208,1,94,10,11,91,1,0,0,0,0,0,0,0
2026-07-30 11:15,184,0,90,9,10,75,0,0,0,0,0,0,0,0
2026-07-30 11:30,221,2,102,13,14,89,1,0,0,0,0,0,0,0
2026-07-30 11:45,226,3,111,17,9,85,1,0,0,0,0,0,0,0
2026-07-30 12:00,235,1,100,19,30,84,1,0,0,0,0,0,0,0
2026-07-30 12:15,243,0,117,21,14,88,3,0,0,0,0,0,0,0
2026-07-30 12:30,224,2,101,14,8,98,1,0,0,0,0,0,0,0
2026-07-30 12:45,261,3,128,19,17,89,5,0,0,0,0,0,0,0
2026-07-30 13:00,243,1,98,28,7,103,6,0,0,0,0,0,0,0
2026-07-30 13:15,202,3,95,11,8,83,2,0,0,0,0,0,0,0
2026-07-30 13:30,246,2,111,18,13,101,1,0,0,0,0,0,0,0
2026-07-30 13:45,274,1,125,22,24,95,7,0,0,0,0,0,0,0
2026-07-30 14:00,271,8,117,23,8,113,2,0,0,0,0,0,0,0
2026-07-30 14:15,273,3,114,24,11,119,2,0,0,0,0,0,0,0
2026-07-30 14:30,289,1,127,29,15,109,8,0,0,0,0,0,0,0
2026-07-30 14:45,308,1,133,28,10,133,3,0,0,0,0,0,0,0
2026-07-30 15:00,283,5,110,29,17,116,6,0,0,0,0,0,0,0
2026-07-30 15:15,310,5,138,28,30,106,3,0,0,0,0,0,0,0
2026-07-30 15:30,269,1,124,22,19,101,2,0,0,0,0,0,0,0
2026-07-30 15:45,331,1,144,29,17,138,2,0,0,0,0,0,0,0
2026-07-30 16:00,331,4,144,43,12,125,3,0,0,0,0,0,0,0
2026-07-30 16:15,276,1,135,23,8,105,4,0,0,0,0,0,0,0
2026-07-30 16:30,260,0,116,16,14,108,6,0,0,0,0,0,0,0
2026-07-30 16:45,293,2,130,24,18,113,6,0,0,0,0,0,0,0
2026-07-30 17:00,297,0,134,28,12,121,2,0,0,0,0,0,0,0
2026-07-30 17:15,292,1,128,18,16,127,2,0,0,0,0,0,0,0
2026-07-30 17:30,279,0,130,19,11,116,3,0,0,0,0,0,0,0
2026-07-30 17:45,278,1,121,33,11,111,1,0,0,0,0,0,0,0
2026-07-30 18:00,295,2,116,24,19,129,5,0,0,0,0,0,0,0
2026-07-30 18:15,221,2,90,24,9,94,2,0,0,0,0,0,0,0
2026-07-30 18:30,221,0,96,23,9,91,2,0,0,0,0,0,0,0
2026-07-30 18:45,260,2,130,19,23,81,5,0,0,0,0,0,0,0
2026-07-30 19:00,209,1,77,27,11,88,5,0,0,0,0,0,0,0
2026-07-30 19:15,198,1,81,18,19,75,4,0,0,0,0,0,0,0
2026-07-30 19:30,196,3,84,18,13,78,0,0,0,0,0,0,0,0
2026-07-30 19:45,179,1,71,12,18,74,3,0,0,0,0,0,0,0
2026-07-30 20:00,115,0,46,15,7,44,3,0,0,0,0,0,0,0
2026-07-30 20:15,136,3,59,16,7,49,2,0,0,0,0,0,0,0
2026-07-30 20:30,135,5,46,17,5,60,2,0,0,0,0,0,0,0
2026-07-30 20:45,125,2,47,15,5,54,2,0,0,0,0,0,0,0
2026-07-30 21:00,128,2,51,21,6,48,0,0,0,0,0,0,0,0
2026-07-30 21:15,108,2,32,18,4,52,0,0,0,0,0,0,0,0
2026-07-30 21:30,102,2,33,18,8,38,3,0,0,0,0,0,0,0
2026-07-30 21:45,91,3,36,13,4,34,1,0,0,0,0,0,0,0
2026-07-30 22:00,99,1,36,10,3,49,0,0,0,0,0,0,0,0
2026-07-30 22:15,92,2,30,4,11,44,1,0,0,0,0,0,0,0
2026-07-30 22:30,75,1,23,10,3,38,0,0,0,0,0,0,0,0
2026-07-30 22:45,81,1,29,9,4,38,0,0,0,0,0,0,0,0
2026-07-30 23:00,62,0,15,14,3,29,1,0,0,0,0,0,0,0
2026-07-30 23:15,54,2,15,13,1,23,0,0,0,0,0,0,0,0
2026-07-30 23:30,38,1,18,4,2,13,0,0,0,0,0,0,0,0
2026-07-30 23:45,39,2,6,11,2,18,0,0,0,0,0,0,0,0
2026-07-31 00:00,44,0,12,8,3,20,1,0,0,0,0,0,0,0
2026-07-31 00:15,35,0,9,9,1,14,2,0,0,0,0,0,0,0
2026-07-31 00:30,35,2,9,7,3,13,1,0,0,0,0,0,0,0
2026-07-31 00:45,27,0,12,5,3,7,0,0,0,0,0,0,0,0
2026-07-31 01:00,11,0,3,2,0,6,0,0,0,0,0,0,0,0
2026-07-31 01:15,20,2,4,2,3,9,0,0,0,0,0,0,0,0
2026-07-31 01:30,17,0,6,4,1,6,0,0,0,0,0,0,0,0
2026-07-31 01:45,8,0,2,2,1,3,0,0,0,0,0,0,0,0
2026-07-31 02:00,10,2,2,0,0,6,0,0,0,0,0,0,0,0
2026-07-31 02:15,6,0,2,0,1,3,0,0,0,0,0,0,0,0
2026-07-31 02:30,12,1,3,2,2,3,1,0,0,0,0,0,0,0
2026-07-31 02:45,3,0,1,1,0,1,0,0,0,0,0,0,0,0
2026-07-31 03:00,5,0,3,1,0,1,0,0,0,0,0,0,0,0
2026-07-31 03:15,6,1,1,3,0,1,0,0,0,0,0,0,0,0
2026-07-31 03:30,4,0,3,0,0,1,0,0,0,0,0,0,0,0
2026-07-31 03:45,5,0,1,1,1,2,0,0,0,0,0,0,0,0
2026-07-31 04:00,5,0,2,1,0,2,0,0,0,0,0,0,0,0
2026-07-31 04:15,6,0,2,1,0,2,1,0,0,0,0,0,0,0
2026-07-31 04:30,3,0,3,0,0,0,0,0,0,0,0,0,0,0
2026-07-31 04:45,12,0,8,0,1,3,0,0,0,0,0,0,0,0
2026-07-31 05:00,7,0,2,1,0,4,0,0,0,0,0,0,0,0
2026-07-31 05:15,37,0,22,2,1,11,1,0,0,0,0,0,0,0
2026-07-31 05:30,45,1,24,5,1,14,0,0,0,0,0,0,0,0
2026-07-31 05:45,59,0,32,4,3,19,1,0,0,0,0,0,0,0
2026-07-31 06:00,70,0,33,7,2,28,0,0,0,0,0,0,0,0
2026-07-31 06:15,89,0,44,7,3,35,0,0,0,0,0,0,0,0
2026-07-31 06:30,120,1,63,7,9,40,0,0,0,0,0,0,0,0
2026-07-31 06:45,139,1,86,4,9,38,1,0,0,0,0,0,0,0
2026-07-31 07:00,148,0,88,6,7,47,0,0,0,0,0,0,0,0
2026-07-31 07:15,180,0,103,3,10,64,0,0,0,0,0,0,0,0
2026-07-31 07:30,225,1,126,8,16,74,0,0,0,0,0,0,0,0
2026-07-31 07:45,295,3,172,7,27,86,0,0,0,0,0,0,0,0
2026-07-31 08:00,211,0,123,5,11,72,0,0,0,0,0,0,0,0
2026-07-31 08:15,231,0,133,11,19,67,1,0,0,0,0,0,0,0
2026-07-31 08:30,240,6,148,10,13,62,1,0,0,0,0,0,0,0
2026-07-31 08:45,259,3,153,17,15,71,0,0,0,0,0,0,0,0
2026-07-31 09:00,173,0,99,6,10,57,1,0,0,0,0,0,0,0
2026-07-31 09:15,179,5,99,7,9,57,2,0,0,0,0,0,0,0
2026-07-31 09:30,199,7,109,8,14,61,0,0,0,0,0,0,0,0
2026-07-31 09:45,226,3,135,11,21,54,2,0,0,0,0,0,0,0
2026-07-31 10:00,201,1,93,18,9,79,1,0,0,0,0,0,0,0
2026-07-31 10:15,189,0,96,11,14,67,1,0,0,0,0,0,0,0
2026-07-31 10:30,226,7,116,14,18,70,1,0,0,0,0,0,0,0
2026-07-31 10:45,248,1,126,20,17,83,1,0,0,0,0,0,0,0
2026-07-31 11:00,191,0,92,21,8,69,1,0,0,0,0,0,0,0
2026-07-31 11:15,238,3,121,25,13,75,1,0,0,0,0,0,0,0
2026-07-31 11:30,213,2,105,18,12,76,0,0,0,0,0,0,0,0
2026-07-31 11:45,285,2,133,20,13,117,0,0,0,0,0,0,0,0
2026-07-31 12:00,264,1,140,17,10,96,0,0,0,0,0,0,0,0
2026-07-31 12:15,300,6,142,19,32,100,1,0,0,0,0,0,0,0
2026-07-31 12:30,285,5,122,26,15,116,1,0,0,0,0,0,0,0
2026-07-31 12:45,282,4,127,19,23,108,1,0,0,0,0,0,0,0
2026-07-31 13:00,317,0,147,30,11,128,1,0,0,0,0,0,0,0
2026-07-31 13:15,311,2,152,21,16,120,0,0,0,0,0,0,0,0
2026-07-31 13:30,293,3,138,31,20,99,2,0,0,0,0,0,0,0
2026-07-31 13:45,324,2,138,24,19,140,1,0,0,0,0,0,0,0
2026-07-31 14:00,300,0,141,21,14,122,2,0,0,0,0,0,0,0
2026-07-31 14:15,317,2,158,13,29,113,2,0,0,0,0,0,0,0
2026-07-31 14:30,321,1,148,17,15,137,3,0,0,0,0,0,0,0
2026-07-31 14:45,325,2,136,38,14,130,5,0,0,0,0,0,0,0
2026-07-31 15:00,306,3,147,26,20,107,3,0,0,0,0,0,0,0
2026-07-31 15:15,292,1,135,19,29,106,2,0,0,0,0,0,0,0
2026-07-31 15:30,343,2,131,28,38,140,4,0,0,0,0,0,0,0
2026-07-31 15:45,276,3,132,22,13,103,3,0,0,0,0,0,0,0
2026-07-31 16:00,331,3,127,38,20,141,2,0,0,0,0,0,0,0
2026-07-31 16:15,290,4,118,28,16,120,4,0,0,0,0,0,0,0
2026-07-31 16:30,307,4,140,21,21,118,3,0,0,0,0,0,0,0
2026-07-31 16:45,302,5,140,73,22,60,2,0,0,0,0,0,0,0
2026-07-31 17:00,295,3,119,31,21,117,4,0,0,0,0,0,0,0
2026-07-31 17:15,278,2,114,28,14,119,1,0,0,0,0,0,0,0
2026-07-31 17:30,330,3,143,31,27,124,2,0,0,0,0,0,0,0
2026-07-31 17:45,363,4,143,43,30,138,5,0,0,0,0,0,0,0
2026-07-31 18:00,294,3,133,20,20,117,1,0,0,0,0,0,0,0
2026-07-31 18:15,296,1,142,28,26,97,2,0,0,0,0,0,0,0
2026-07-31 18:30,234,2,101,25,11,94,1,0,0,0,0,0,0,0
2026-07-31 18:45,281,3,120,34,14,106,4,0,0,0,0,0,0,0
2026-07-31 19:00,275,0,125,23,20,103,4,0,0,0,0,0,0,0
2026-07-31 19:15,215,2,94,24,14,78,3,0,0,0,0,0,0,0
2026-07-31 19:30,225,0,91,26,19,85,4,0,0,0,0,0,0,0
2026-07-31 19:45,215,1,105,17,24,65,3,0,0,0,0,0,0,0
2026-07-31 20:00,256,4,98,40,17,91,6,0,0,0,0,0,0,0
2026-07-31 20:15,221,0,100,29,15,73,4,0,0,0,0,0,0,0
2026-07-31 20:30,189,0,90,18,21,58,2,0,0,0,0,0,0,0
2026-07-31 20:45,191,2,71,28,15,71,4,0,0,0,0,0,0,0
2026-07-31 21:00,127,0,50,20,5,52,0,0,0,0,0,0,0,0
2026-07-31 21:15,135,2,53,20,11,46,3,0,0,0,0,0,0,0
2026-07-31 21:30,158,1,61,20,7,66,3,0,0,0,0,0,0,0
2026-07-31 21:45,117,1,40,22,3,50,1,0,0,0,0,0,0,0
2026-07-31 22:00,138,0,43,27,10,55,3,0,0,0,0,0,0,0
2026-07-31 22:15,129,1,41,14,14,57,2,0,0,0,0,0,0,0
2026-07-31 22:30,151,3,54,22,11,60,1,0,0,0,0,0,0,0
2026-07-31 22:45,119,0,52,15,14,38,0,0,0,0,0,0,0,0
2026-07-31 23:00,109,2,45,16,10,35,1,0,0,0,0,0,0,0
2026-07-31 23:15,94,1,30,16,7,40,0,0,0,0,0,0,0,0
2026-07-31 23:30,99,0,38,15,10,35,1,0,0,0,0,0,0,0
2026-07-31 23:45,89,0,25,20,3,39,2,0,0,0,0,0,0,0
