Datetime,300037926 (Bohlweg),353413831 (Bohlweg Fahrräder Stadteinwärts),353413832 (Bohlweg Fahrräder Stadtauswärts),353484923 (Bohlweg Fahrräder Stadteinwärts),353484925 (Bohlweg Fahrräder Stadtauswärts),353484927 (Bohlweg Fahrräder Stadteinwärts),353484928 (Bohlweg Fahrräder Stadtauswärts),353484929 (Bohlweg Fahrräder Stadteinwärts),353484930 (Bohlweg Fahrräder Stadtauswärts),300037926-status,353413831-status,353413832-status,353484923-status,353484925-status,353484927-status,353484928-status,353484929-status,353484930-status
2026-06-01 00:00,3,1,2,,,,,,,validated,validated,validated,,,,,,
2026-06-01 00:15,3,2,1,,,,,,,validated,validated,validated,,,,,,
2026-06-01 00:30,4,2,2,,,,,,,validated,validated,validated,,,,,,
2026-06-01 00:45,0,0,0,,,,,,,validated,validated,validated,,,,,,
2026-06-01 01:00,0,0,0,,,,,,,validated,validated,validated,,,,,,
2026-06-01 01:15,3,2,1,,,,,,,validated,validated,validated,,,,,,
2026-06-01 01:30,2,1,1,,,,,,,validated,validated,validated,,,,,,
2026-06-01 01:45,0,0,0,,,,,,,validated,validated,validated,,,,,,
2026-06-01 02:00,0,0,0,,,,,,,validated,validated,validated,,,,,,
2026-06-01 02:15,1,0,1,,,,,,,validated,validated,validated,,,,,,
2026-06-01 02:30,1,1,0,,,,,,,validated,validated,validated,,,,,,
2026-06-01 02:45,1,0,1,,,,,,,validated,validated,validated,,,,,,
2026-06-01 03:00,0,0,0,,,,,,,validated,validated,validated,,,,,,
2026-06-01 03:15,0,0,0,,,,,,,validated,validated,validated,,,,,,
2026-06-01 03:30,2,2,0,,,,,,,validated,validated,validated,,,,,,
2026-06-01 03:45,0,0,0,,,,,,,validated,validated,validated,,,,,,
2026-06-01 04:00,0,0,0,,,,,,,validated,validated,validated,,,,,,
2026-06-01 04:15,1,0,1,,,,,,,validated,validated,validated,,,,,,
2026-06-01 04:30,0,0,0,,,,,,,validated,validated,validated,,,,,,
2026-06-01 04:45,0,0,0,,,,,,,validated,validated,validated,,,,,,
2026-06-01 05:00,3,2,1,,,,,,,validated,validated,validated,,,,,,
2026-06-01 05:15,7,1,6,,,,,,,validated,validated,validated,,,,,,
2026-06-01 05:30,12,8,4,,,,,,,validated,validated,validated,,,,,,
2026-06-01 05:45,8,3,5,,,,,,,validated,validated,validated,,,,,,
2026-06-01 06:00,11,6,5,,,,,,,validated,validated,validated,,,,,,
2026-06-01 06:15,16,14,2,,,,,,,validated,validated,validated,,,,,,
2026-06-01 06:30,32,25,7,,,,,,,validated,validated,validated,,,,,,
2026-06-01 06:45,50,31,19,,,,,,,validated,validated,validated,,,,,,
2026-06-01 07:00,66,46,20,,,,,,,validated,validated,validated,,,,,,
2026-06-01 07:15,89,65,24,,,,,,,validated,validated,validated,,,,,,
2026-06-01 07:30,222,152,70,,,,,,,validated,validated,validated,,,,,,
2026-06-01 07:45,204,144,60,,,,,,,validated,validated,validated,,,,,,
2026-06-01 08:00,113,89,24,,,,,,,validated,validated,validated,,,,,,
2026-06-01 08:15,135,99,36,,,,,,,validated,validated,validated,,,,,,
2026-06-01 08:30,97,71,26,,,,,,,validated,validated,validated,,,,,,
2026-06-01 08:45,96,68,28,,,,,,,validated,validated,validated,,,,,,
2026-06-01 09:00,80,52,28,,,,,,,validated,validated,validated,,,,,,
2026-06-01 09:15,71,51,20,,,,,,,validated,validated,validated,,,,,,
2026-06-01 09:30,98,61,37,,,,,,,validated,validated,validated,,,,,,
2026-06-01 09:45,88,72,16,,,,,,,validated,validated,validated,,,,,,
2026-06-01 10:00,79,45,34,,,,,,,validated,validated,validated,,,,,,
2026-06-01 10:15,54,37,17,,,,,,,validated,validated,validated,,,,,,
2026-06-01 10:30,52,35,17,,,,,,,validated,validated,validated,,,,,,
2026-06-01 10:45,71,35,36,,,,,,,validated,validated,validated,,,,,,
2026-06-01 11:00,88,52,36,,,,,,,validated,validated,validated,,,,,,
2026-06-01 11:15,98,38,60,,,,,,,validated,validated,validated,,,,,,
2026-06-01 11:30,79,50,29,,,,,,,validated,validated,validated,,,,,,
2026-06-01 11:45,81,53,28,,,,,,,validated,validated,validated,,,,,,
2026-06-01 12:00,67,35,32,,,,,,,validated,validated,validated,,,,,,
2026-06-01 12:15,98,46,52,,,,,,,validated,validated,validated,,,,,,
2026-06-01 12:30,78,40,38,,,,,,,validated,validated,validated,,,,,,
2026-06-01 12:45,62,14,48,,,,,,,validated,validated,validated,,,,,,
2026-06-01 13:00,104,41,63,,,,,,,validated,validated,validated,,,,,,
2026-06-01 13:15,116,51,65,,,,,,,validated,validated,validated,,,,,,
2026-06-01 13:30,85,34,51,,,,,,,validated,validated,validated,,,,,,
2026-06-01 13:45,126,67,59,,,,,,,validated,validated,validated,,,,,,
2026-06-01 14:00,103,37,66,,,,,,,validated,validated,validated,,,,,,
2026-06-01 14:15,93,43,50,,,,,,,validated,validated,validated,,,,,,
2026-06-01 14:30,94,49,45,,,,,,,validated,validated,validated,,,,,,
2026-06-01 14:45,126,71,55,,,,,,,validated,validated,validated,,,,,,
2026-06-01 15:00,111,52,59,,,,,,,validated,validated,validated,,,,,,
2026-06-01 15:15,126,59,67,,,,,,,validated,validated,validated,,,,,,
2026-06-01 15:30,131,62,69,,,,,,,validated,validated,validated,,,,,,
2026-06-01 15:45,143,59,84,,,,,,,validated,validated,validated,,,,,,
2026-06-01 16:00,134,46,88,,,,,,,validated,validated,validated,,,,,,
2026-06-01 16:15,142,56,86,,,,,,,validated,validated,validated,,,,,,
2026-06-01 16:30,119,44,75,,,,,,,validated,validated,validated,,,,,,
2026-06-01 16:45,128,61,67,,,,,,,validated,validated,validated,,,,,,
2026-06-01 17:00,112,47,65,,,,,,,validated,validated,validated,,,,,,
2026-06-01 17:15,142,65,77,,,,,,,validated,validated,validated,,,,,,
2026-06-01 17:30,144,58,86,,,,,,,validated,validated,validated,,,,,,
2026-06-01 17:45,141,52,89,,,,,,,validated,validated,validated,,,,,,
2026-06-01 18:00,128,43,85,,,,,,,validated,validated,validated,,,,,,
2026-06-01 18:15,125,44,81,,,,,,,validated,validated,validated,,,,,,
2026-06-01 18:30,120,52,68,,,,,,,validated,validated,validated,,,,,,
2026-06-01 18:45,118,53,65,,,,,,,validated,validated,validated,,,,,,
2026-06-01 19:00,69,25,44,,,,,,,validated,validated,validated,,,,,,
2026-06-01 19:15,105,48,57,,,,,,,validated,validated,validated,,,,,,
2026-06-01 19:30,84,35,49,,,,,,,validated,validated,validated,,,,,,
2026-06-01 19:45,88,46,42,,,,,,,validated,validated,validated,,,,,,
2026-06-01 20:00,54,25,29,,,,,,,validated,validated,validated,,,,,,
2026-06-01 20:15,63,33,30,,,,,,,validated,validated,validated,,,,,,
2026-06-01 20:30,57,23,34,,,,,,,validated,validated,validated,,,,,,
2026-06-01 20:45,41,12,29,,,,,,,validated,validated,validated,,,,,,
2026-06-01 21:00,48,17,31,,,,,,,validated,validated,validated,,,,,,
2026-06-01 21:15,45,14,31,,,,,,,validated,validated,validated,,,,,,
2026-06-01 21:30,45,15,30,,,,,,,validated,validated,validated,,,,,,
2026-06-01 21:45,47,11,36,,,,,,,validated,validated,validated,,,,,,
2026-06-01 22:00,35,11,24,,,,,,,validated,validated,validated,,,,,,
2026-06-01 22:15,40,7,33,,,,,,,validated,validated,validated,,,,,,
2026-06-01 22:30,21,6,15,,,,,,,validated,validated,validated,,,,,,
2026-06-01 22:45,21,11,10,,,,,,,validated,validated,validated,,,,,,
2026-06-01 23:00,18,6,12,,,,,,,validated,validated,validated,,,,,,
2026-06-01 23:15,19,7,12,,,,,,,validated,validated,validated,,,,,,
2026-06-01 23:30,13,2,11,,,,,,,validated,validated,validated,,,,,,
2026-06-01 23:45,6,0,6,,,,,,,validated,validated,validated,,,,,,
2026-06-02 00:00,5,1,4,,,,,,,validated,validated,validated,,,,,,
2026-06-02 00:15,5,3,2,,,,,,,validated,validated,validated,,,,,,
2026-06-02 00:30,4,1,3,,,,,,,validated,validated,validated,,,,,,
2026-06-02 00:45,6,4,2,,,,,,,validated,validated,validated,,,,,,
2026-06-02 01:00,1,1,0,,,,,,,validated,validated,validated,,,,,,
2026-06-02 01:15,1,1,0,,,,,,,validated,validated,validated,,,,,,
2026-06-02 01:30,1,1,0,,,,,,,validated,validated,validated,,,,,,
2026-06-02 01:45,0,0,0,,,,,,,validated,validated,validated,,,,,,
2026-06-02 02:00,0,0,0,,,,,,,validated,validated,validated,,,,,,
2026-06-02 02:15,3,0,3,,,,,,,validated,validated,validated,,,,,,
2026-06-02 02:30,1,0,1,,,,,,,validated,validated,validated,,,,,,
2026-06-02 02:45,2,0,2,,,,,,,validated,validated,validated,,,,,,
2026-06-02 03:00,1,0,1,,,,,,,validated,validated,validated,,,,,,
2026-06-02 03:15,2,2,0,,,,,,,validated,validated,validated,,,,,,
2026-06-02 03:30,1,1,0,,,,,,,validated,validated,validated,,,,,,
2026-06-02 03:45,1,0,1,,,,,,,validated,validated,validated,,,,,,
2026-06-02 04:00,0,0,0,,,,,,,validated,validated,validated,,,,,,
2026-06-02 04:15,2,1,1,,,,,,,validated,validated,validated,,,,,,
2026-06-02 04:30,0,0,0,,,,,,,validated,validated,validated,,,,,,
2026-06-02 04:45,1,0,1,,,,,,,validated,validated,validated,,,,,,
2026-06-02 05:00,6,3,3,,,,,,,validated,validated,validated,,,,,,
2026-06-02 05:15,6,3,3,,,,,,,validated,validated,validated,,,,,,
2026-06-02 05:30,11,6,5,,,,,,,validated,validated,validated,,,,,,
2026-06-02 05:45,11,7,4,,,,,,,validated,validated,validated,,,,,,
2026-06-02 06:00,14,9,5,,,,,,,validated,validated,validated,,,,,,
2026-06-02 06:15,22,15,7,,,,,,,validated,validated,validated,,,,,,
2026-06-02 06:30,29,23,6,,,,,,,validated,validated,validated,,,,,,
2026-06-02 06:45,43,27,16,,,,,,,validated,validated,validated,,,,,,
2026-06-02 07:00,60,44,16,,,,,,,validated,validated,validated,,,,,,
2026-06-02 07:15,107,74,33,,,,,,,validated,validated,validated,,,,,,
2026-06-02 07:30,203,148,55,,,,,,,validated,validated,validated,,,,,,
2026-06-02 07:45,169,115,54,,,,,,,validated,validated,validated,,,,,,
2026-06-02 08:00,139,108,31,,,,,,,validated,validated,validated,,,,,,
2026-06-02 08:15,124,90,34,,,,,,,validated,validated,validated,,,,,,
2026-06-02 08:30,100,79,21,,,,,,,validated,validated,validated,,,,,,
2026-06-02 08:45,99,57,42,,,,,,,validated,validated,validated,,,,,,
2026-06-02 09:00,88,56,32,,,,,,,validated,validated,validated,,,,,,
2026-06-02 09:15,62,38,24,,,,,,,validated,validated,validated,,,,,,
2026-06-02 09:30,87,65,22,,,,,,,validated,validated,validated,,,,,,
2026-06-02 09:45,107,83,24,,,,,,,validated,validated,validated,,,,,,
2026-06-02 10:00,101,70,31,,,,,,,validated,validated,validated,,,,,,
2026-06-02 10:15,68,42,26,,,,,,,validated,validated,validated,,,,,,
2026-06-02 10:30,84,46,38,,,,,,,validated,validated,validated,,,,,,
2026-06-02 10:45,79,48,31,,,,,,,validated,validated,validated,,,,,,
2026-06-02 11:00,71,45,26,,,,,,,validated,validated,validated,,,,,,
2026-06-02 11:15,104,72,32,,,,,,,validated,validated,validated,,,,,,
2026-06-02 11:30,81,48,33,,,,,,,validated,validated,validated,,,,,,
2026-06-02 11:45,88,43,45,,,,,,,validated,validated,validated,,,,,,
2026-06-02 12:00,70,40,30,,,,,,,validated,validated,validated,,,,,,
2026-06-02 12:15,69,27,42,,,,,,,validated,validated,validated,,,,,,
2026-06-02 12:30,95,43,52,,,,,,,validated,validated,validated,,,,,,
2026-06-02 12:45,89,35,54,,,,,,,validated,validated,validated,,,,,,
2026-06-02 13:00,116,58,58,,,,,,,validated,validated,validated,,,,,,
2026-06-02 13:15,94,44,50,,,,,,,validated,validated,validated,,,,,,
2026-06-02 13:30,67,32,35,,,,,,,validated,validated,validated,,,,,,
2026-06-02 13:45,87,45,42,,,,,,,validated,validated,validated,,,,,,
2026-06-02 14:00,71,19,52,,,,,,,validated,validated,validated,,,,,,
2026-06-02 14:15,54,26,28,,,,,,,validated,validated,validated,,,,,,
2026-06-02 14:30,71,29,42,,,,,,,validated,validated,validated,,,,,,
2026-06-02 14:45,78,37,41,,,,,,,validated,validated,validated,,,,,,
2026-06-02 15:00,87,41,46,,,,,,,validated,validated,validated,,,,,,
2026-06-02 15:15,97,46,51,,,,,,,validated,validated,validated,,,,,,
2026-06-02 15:30,98,31,67,,,,,,,validated,validated,validated,,,,,,
2026-06-02 15:45,132,54,78,,,,,,,validated,validated,validated,,,,,,
2026-06-02 16:00,106,37,69,,,,,,,validated,validated,validated,,,,,,
2026-06-02 16:15,120,56,64,,,,,,,validated,validated,validated,,,,,,
2026-06-02 16:30,124,52,72,,,,,,,validated,validated,validated,,,,,,
2026-06-02 16:45,114,39,75,,,,,,,validated,validated,validated,,,,,,
2026-06-02 17:00,129,67,62,,,,,,,validated,validated,validated,,,,,,
2026-06-02 17:15,116,55,61,,,,,,,validated,validated,validated,,,,,,
2026-06-02 17:30,125,43,82,,,,,,,validated,validated,validated,,,,,,
2026-06-02 17:45,128,43,85,,,,,,,validated,validated,validated,,,,,,
2026-06-02 18:00,107,39,68,,,,,,,validated,validated,validated,,,,,,
2026-06-02 18:15,32,12,20,,,,,,,validated,validated,validated,,,,,,
2026-06-02 18:30,54,20,34,,,,,,,validated,validated,validated,,,,,,
2026-06-02 18:45,52,26,26,,,,,,,validated,validated,validated,,,,,,
2026-06-02 19:00,48,23,25,,,,,,,validated,validated,validated,,,,,,
2026-06-02 19:15,49,21,28,,,,,,,validated,validated,validated,,,,,,
2026-06-02 19:30,52,16,36,,,,,,,validated,validated,validated,,,,,,
2026-06-02 19:45,57,16,41,,,,,,,validated,validated,validated,,,,,,
2026-06-02 20:00,46,14,32,,,,,,,validated,validated,validated,,,,,,
2026-06-02 20:15,49,24,25,,,,,,,validated,validated,validated,,,,,,
2026-06-02 20:30,36,17,19,,,,,,,validated,validated,validated,,,,,,
2026-06-02 20:45,22,7,15,,,,,,,validated,validated,validated,,,,,,
2026-06-02 21:00,26,6,20,,,,,,,validated,validated,validated,,,,,,
2026-06-02 21:15,28,4,24,,,,,,,validated,validated,validated,,,,,,
2026-06-02 21:30,22,10,12,,,,,,,validated,validated,validated,,,,,,
2026-06-02 21:45,20,5,15,,,,,,,validated,validated,validated,,,,,,
2026-06-02 22:00,37,8,29,,,,,,,validated,validated,validated,,,,,,
2026-06-02 22:15,23,7,16,,,,,,,validated,validated,validated,,,,,,
2026-06-02 22:30,14,4,10,,,,,,,validated,validated,validated,,,,,,
2026-06-02 22:45,16,6,10,,,,,,,validated,validated,validated,,,,,,
2026-06-02 23:00,11,4,7,,,,,,,validated,validated,validated,,,,,,
2026-06-02 23:15,12,7,5,,,,,,,validated,validated,validated,,,,,,
2026-06-02 23:30,9,5,4,,,,,,,validated,validated,validated,,,,,,
2026-06-02 23:45,8,5,3,,,,,,,validated,validated,validated,,,,,,
2026-06-03 00:00,5,3,2,,,,,,,validated,validated,validated,,,,,,
2026-06-03 00:15,4,2,2,,,,,,,validated,validated,validated,,,,,,
2026-06-03 00:30,5,0,5,,,,,,,validated,validated,validated,,,,,,
2026-06-03 00:45,2,1,1,,,,,,,validated,validated,validated,,,,,,
2026-06-03 01:00,5,1,4,,,,,,,validated,validated,validated,,,,,,
2026-06-03 01:15,1,0,1,,,,,,,validated,validated,validated,,,,,,
2026-06-03 01:30,4,4,0,,,,,,,validated,validated,validated,,,,,,
2026-06-03 01:45,2,2,0,,,,,,,validated,validated,validated,,,,,,
2026-06-03 02:00,1,1,0,,,,,,,validated,validated,validated,,,,,,
2026-06-03 02:15,0,0,0,,,,,,,validated,validated,validated,,,,,,
2026-06-03 02:30,1,0,1,,,,,,,validated,validated,validated,,,,,,
2026-06-03 02:45,0,0,0,,,,,,,validated,validated,validated,,,,,,
2026-06-03 03:00,1,1,0,,,,,,,validated,validated,validated,,,,,,
2026-06-03 03:15,0,0,0,,,,,,,validated,validated,validated,,,,,,
2026-06-03 03:30,0,0,0,,,,,,,validated,validated,validated,,,,,,
2026-06-03 03:45,2,2,0,,,,,,,validated,validated,validated,,,,,,
2026-06-03 04:00,0,0,0,,,,,,,validated,validated,validated,,,,,,
2026-06-03 04:15,0,0,0,,,,,,,validated,validated,validated,,,,,,
2026-06-03 04:30,1,1,0,,,,,,,validated,validated,validated,,,,,,
2026-06-03 04:45,2,1,1,,,,,,,validated,validated,validated,,,,,,
2026-06-03 05:00,3,2,1,,,,,,,validated,validated,validated,,,,,,
2026-06-03 05:15,5,1,4,,,,,,,validated,validated,validated,,,,,,
2026-06-03 05:30,11,6,5,,,,,,,validated,validated,validated,,,,,,
2026-06-03 05:45,13,6,7,,,,,,,validated,validated,validated,,,,,,
2026-06-03 06:00,12,9,3,,,,,,,validated,validated,validated,,,,,,
2026-06-03 06:15,19,14,5,,,,,,,validated,validated,validated,,,,,,
2026-06-03 06:30,34,28,6,,,,,,,validated,validated,validated,,,,,,
2026-06-03 06:45,41,30,11,,,,,,,validated,validated,validated,,,,,,
2026-06-03 07:00,58,43,15,,,,,,,validated,validated,validated,,,,,,
2026-06-03 07:15,112,81,31,,,,,,,validated,validated,validated,,,,,,
2026-06-03 07:30,207,144,63,,,,,,,validated,validated,validated,,,,,,
2026-06-03 07:45,186,135,51,,,,,,,validated,validated,validated,,,,,,
2026-06-03 08:00,129,103,26,,,,,,,validated,validated,validated,,,,,,
2026-06-03 08:15,115,83,32,,,,,,,validated,validated,validated,,,,,,
2026-06-03 08:30,91,68,23,,,,,,,validated,validated,validated,,,,,,
2026-06-03 08:45,107,72,35,,,,,,,validated,validated,validated,,,,,,
2026-06-03 09:00,86,63,23,,,,,,,validated,validated,validated,,,,,,
2026-06-03 09:15,60,42,18,,,,,,,validated,validated,validated,,,,,,
2026-06-03 09:30,88,59,29,,,,,,,validated,validated,validated,,,,,,
2026-06-03 09:45,142,101,41,,,,,,,validated,validated,validated,,,,,,
2026-06-03 10:00,90,64,26,,,,,,,validated,validated,validated,,,,,,
2026-06-03 10:15,65,41,24,,,,,,,validated,validated,validated,,,,,,
2026-06-03 10:30,75,44,31,,,,,,,validated,validated,validated,,,,,,
2026-06-03 10:45,78,45,33,,,,,,,validated,validated,validated,,,,,,
2026-06-03 11:00,68,34,34,,,,,,,validated,validated,validated,,,,,,
2026-06-03 11:15,87,47,40,,,,,,,validated,validated,validated,,,,,,
2026-06-03 11:30,92,49,43,,,,,,,validated,validated,validated,,,,,,
2026-06-03 11:45,85,52,33,,,,,,,validated,validated,validated,,,,,,
2026-06-03 12:00,91,50,41,,,,,,,validated,validated,validated,,,,,,
2026-06-03 12:15,79,30,49,,,,,,,validated,validated,validated,,,,,,
2026-06-03 12:30,108,44,64,,,,,,,validated,validated,validated,,,,,,
2026-06-03 12:45,91,40,51,,,,,,,validated,validated,validated,,,,,,
2026-06-03 13:00,103,33,70,,,,,,,validated,validated,validated,,,,,,
2026-06-03 13:15,106,40,66,,,,,,,validated,validated,validated,,,,,,
2026-06-03 13:30,79,25,54,,,,,,,validated,validated,validated,,,,,,
2026-06-03 13:45,120,57,63,,,,,,,validated,validated,validated,,,,,,
2026-06-03 14:00,115,46,69,,,,,,,validated,validated,validated,,,,,,
2026-06-03 14:15,86,26,60,,,,,,,validated,validated,validated,,,,,,
2026-06-03 14:30,92,35,57,,,,,,,validated,validated,validated,,,,,,
2026-06-03 14:45,143,87,56,,,,,,,validated,validated,validated,,,,,,
2026-06-03 15:00,77,30,47,,,,,,,validated,validated,validated,,,,,,
2026-06-03 15:15,87,38,49,,,,,,,validated,validated,validated,,,,,,
2026-06-03 15:30,150,63,87,,,,,,,validated,validated,validated,,,,,,
2026-06-03 15:45,130,55,75,,,,,,,validated,validated,validated,,,,,,
2026-06-03 16:00,117,35,82,,,,,,,validated,validated,validated,,,,,,
2026-06-03 16:15,121,43,78,,,,,,,validated,validated,validated,,,,,,
2026-06-03 16:30,118,48,70,,,,,,,validated,validated,validated,,,,,,
2026-06-03 16:45,114,52,62,,,,,,,validated,validated,validated,,,,,,
2026-06-03 17:00,120,50,70,,,,,,,validated,validated,validated,,,,,,
2026-06-03 17:15,124,60,64,,,,,,,validated,validated,validated,,,,,,
2026-06-03 17:30,126,55,71,,,,,,,validated,validated,validated,,,,,,
2026-06-03 17:45,139,59,80,,,,,,,validated,validated,validated,,,,,,
2026-06-03 18:00,93,41,52,,,,,,,validated,validated,validated,,,,,,
2026-06-03 18:15,94,39,55,,,,,,,validated,validated,validated,,,,,,
2026-06-03 18:30,70,39,31,,,,,,,validated,validated,validated,,,,,,
2026-06-03 18:45,118,61,57,,,,,,,validated,validated,validated,,,,,,
2026-06-03 19:00,88,46,42,,,,,,,validated,validated,validated,,,,,,
2026-06-03 19:15,104,54,50,,,,,,,validated,validated,validated,,,,,,
2026-06-03 19:30,85,24,61,,,,,,,validated,validated,validated,,,,,,
2026-06-03 19:45,79,31,48,,,,,,,validated,validated,validated,,,,,,
2026-06-03 20:00,78,27,51,,,,,,,validated,validated,validated,,,,,,
2026-06-03 20:15,69,35,34,,,,,,,validated,validated,validated,,,,,,
2026-06-03 20:30,58,27,31,,,,,,,validated,validated,validated,,,,,,
2026-06-03 20:45,37,17,20,,,,,,,validated,validated,validated,,,,,,
2026-06-03 21:00,46,18,28,,,,,,,validated,validated,validated,,,,,,
2026-06-03 21:15,42,19,23,,,,,,,validated,validated,validated,,,,,,
2026-06-03 21:30,39,11,28,,,,,,,validated,validated,validated,,,,,,
2026-06-03 21:45,44,15,29,,,,,,,validated,validated,validated,,,,,,
2026-06-03 22:00,37,19,18,,,,,,,validated,validated,validated,,,,,,
2026-06-03 22:15,37,11,26,,,,,,,validated,validated,validated,,,,,,
2026-06-03 22:30,35,12,23,,,,,,,validated,validated,validated,,,,,,
2026-06-03 22:45,27,11,16,,,,,,,validated,validated,validated,,,,,,
2026-06-03 23:00,36,12,24,,,,,,,validated,validated,validated,,,,,,
2026-06-03 23:15,39,16,23,,,,,,,validated,validated,validated,,,,,,
2026-06-03 23:30,22,7,15,,,,,,,validated,validated,validated,,,,,,
2026-06-03 23:45,28,9,19,,,,,,,validated,validated,validated,,,,,,
2026-06-04 00:00,18,10,8,,,,,,,validated,validated,validated,,,,,,
2026-06-04 00:15,18,4,14,,,,,,,validated,validated,validated,,,,,,
2026-06-04 00:30,12,3,9,,,,,,,validated,validated,validated,,,,,,
2026-06-04 00:45,32,22,10,,,,,,,validated,validated,validated,,,,,,
2026-06-04 01:00,34,15,19,,,,,,,validated,validated,validated,,,,,,
2026-06-04 01:15,29,8,21,,,,,,,validated,validated,validated,,,,,,
2026-06-04 01:30,13,0,13,,,,,,,validated,validated,validated,,,,,,
2026-06-04 01:45,18,3,15,,,,,,,validated,validated,validated,,,,,,
2026-06-04 02:00,14,1,13,,,,,,,validated,validated,validated,,,,,,
2026-06-04 02:15,7,1,6,,,,,,,validated,validated,validated,,,,,,
2026-06-04 02:30,9,3,6,,,,,,,validated,validated,validated,,,,,,
2026-06-04 02:45,7,1,6,,,,,,,validated,validated,validated,,,,,,
2026-06-04 03:00,9,2,7,,,,,,,validated,validated,validated,,,,,,
2026-06-04 03:15,5,1,4,,,,,,,validated,validated,validated,,,,,,
2026-06-04 03:30,4,0,4,,,,,,,validated,validated,validated,,,,,,
2026-06-04 03:45,5,2,3,,,,,,,validated,validated,validated,,,,,,
2026-06-04 04:00,3,2,1,,,,,,,validated,validated,validated,,,,,,
2026-06-04 04:15,1,0,1,,,,,,,validated,validated,validated,,,,,,
2026-06-04 04:30,0,0,0,,,,,,,validated,validated,validated,,,,,,
2026-06-04 04:45,1,0,1,,,,,,,validated,validated,validated,,,,,,
2026-06-04 05:00,2,1,1,,,,,,,validated,validated,validated,,,,,,
2026-06-04 05:15,2,0,2,,,,,,,validated,validated,validated,,,,,,
2026-06-04 05:30,3,2,1,,,,,,,validated,validated,validated,,,,,,
2026-06-04 05:45,4,4,0,,,,,,,validated,validated,validated,,,,,,
2026-06-04 06:00,3,1,2,,,,,,,validated,validated,validated,,,,,,
2026-06-04 06:15,2,2,0,,,,,,,validated,validated,validated,,,,,,
2026-06-04 06:30,5,2,3,,,,,,,validated,validated,validated,,,,,,
2026-06-04 06:45,5,4,1,,,,,,,validated,validated,validated,,,,,,
2026-06-04 07:00,2,2,0,,,,,,,validated,validated,validated,,,,,,
2026-06-04 07:15,4,3,1,,,,,,,validated,validated,validated,,,,,,
2026-06-04 07:30,5,3,2,,,,,,,validated,validated,validated,,,,,,
2026-06-04 07:45,6,2,4,,,,,,,validated,validated,validated,,,,,,
2026-06-04 08:00,6,3,3,,,,,,,validated,validated,validated,,,,,,
2026-06-04 08:15,7,4,3,,,,,,,validated,validated,validated,,,,,,
2026-06-04 08:30,9,6,3,,,,,,,validated,validated,validated,,,,,,
2026-06-04 08:45,23,13,10,,,,,,,validated,validated,validated,,,,,,
2026-06-04 09:00,18,11,7,,,,,,,validated,validated,validated,,,,,,
2026-06-04 09:15,18,14,4,,,,,,,validated,validated,validated,,,,,,
2026-06-04 09:30,21,11,10,,,,,,,validated,validated,validated,,,,,,
2026-06-04 09:45,37,23,14,,,,,,,validated,validated,validated,,,,,,
2026-06-04 10:00,33,23,10,,,,,,,validated,validated,validated,,,,,,
2026-06-04 10:15,23,14,9,,,,,,,validated,validated,validated,,,,,,
2026-06-04 10:30,38,26,12,,,,,,,validated,validated,validated,,,,,,
2026-06-04 10:45,31,14,17,,,,,,,validated,validated,validated,,,,,,
2026-06-04 11:00,40,18,22,,,,,,,validated,validated,validated,,,,,,
2026-06-04 11:15,28,19,9,,,,,,,validated,validated,validated,,,,,,
2026-06-04 11:30,30,16,14,,,,,,,validated,validated,validated,,,,,,
2026-06-04 11:45,41,20,21,,,,,,,validated,validated,validated,,,,,,
2026-06-04 12:00,38,19,19,,,,,,,validated,validated,validated,,,,,,
2026-06-04 12:15,41,22,19,,,,,,,validated,validated,validated,,,,,,
2026-06-04 12:30,44,25,19,,,,,,,validated,validated,validated,,,,,,
2026-06-04 12:45,25,13,12,,,,,,,validated,validated,validated,,,,,,
2026-06-04 13:00,49,23,26,,,,,,,validated,validated,validated,,,,,,
2026-06-04 13:15,37,20,17,,,,,,,validated,validated,validated,,,,,,
2026-06-04 13:30,41,17,24,,,,,,,validated,validated,validated,,,,,,
2026-06-04 13:45,58,32,26,,,,,,,validated,validated,validated,,,,,,
2026-06-04 14:00,41,23,18,,,,,,,validated,validated,validated,,,,,,
2026-06-04 14:15,33,22,11,,,,,,,validated,validated,validated,,,,,,
2026-06-04 14:30,50,19,31,,,,,,,validated,validated,validated,,,,,,
2026-06-04 14:45,39,16,23,,,,,,,validated,validated,validated,,,,,,
2026-06-04 15:00,24,9,15,,,,,,,validated,validated,validated,,,,,,
2026-06-04 15:15,16,9,7,,,,,,,validated,validated,validated,,,,,,
2026-06-04 15:30,17,9,8,,,,,,,validated,validated,validated,,,,,,
2026-06-04 15:45,24,14,10,,,,,,,validated,validated,validated,,,,,,
2026-06-04 16:00,11,4,7,,,,,,,validated,validated,validated,,,,,,
2026-06-04 16:15,26,10,16,,,,,,,validated,validated,validated,,,,,,
2026-06-04 16:30,38,26,12,,,,,,,validated,validated,validated,,,,,,
2026-06-04 16:45,34,16,18,,,,,,,validated,validated,validated,,,,,,
2026-06-04 17:00,22,5,17,,,,,,,validated,validated,validated,,,,,,
2026-06-04 17:15,18,11,7,,,,,,,validated,validated,validated,,,,,,
2026-06-04 17:30,20,12,8,,,,,,,validated,validated,validated,,,,,,
2026-06-04 17:45,43,15,28,,,,,,,validated,validated,validated,,,,,,
2026-06-04 18:00,48,23,25,,,,,,,validated,validated,validated,,,,,,
2026-06-04 18:15,51,25,26,,,,,,,validated,validated,validated,,,,,,
2026-06-04 18:30,52,30,22,,,,,,,validated,validated,validated,,,,,,
2026-06-04 18:45,44,24,20,,,,,,,validated,validated,validated,,,,,,
2026-06-04 19:00,46,31,15,,,,,,,validated,validated,validated,,,,,,
2026-06-04 19:15,36,21,15,,,,,,,validated,validated,validated,,,,,,
2026-06-04 19:30,33,23,10,,,,,,,validated,validated,validated,,,,,,
2026-06-04 19:45,33,15,18,,,,,,,validated,validated,validated,,,,,,
2026-06-04 20:00,34,19,15,,,,,,,validated,validated,validated,,,,,,
2026-06-04 20:15,22,13,9,,,,,,,validated,validated,validated,,,,,,
2026-06-04 20:30,32,24,8,,,,,,,validated,validated,validated,,,,,,
2026-06-04 20:45,26,13,13,,,,,,,validated,validated,validated,,,,,,
2026-06-04 21:00,26,16,10,,,,,,,validated,validated,validated,,,,,,
2026-06-04 21:15,24,8,16,,,,,,,validated,validated,validated,,,,,,
2026-06-04 21:30,24,14,10,,,,,,,validated,validated,validated,,,,,,
2026-06-04 21:45,29,16,13,,,,,,,validated,validated,validated,,,,,,
2026-06-04 22:00,17,6,11,,,,,,,validated,validated,validated,,,,,,
2026-06-04 22:15,19,7,12,,,,,,,validated,validated,validated,,,,,,
2026-06-04 22:30,18,11,7,,,,,,,validated,validated,validated,,,,,,
2026-06-04 22:45,9,4,5,,,,,,,validated,validated,validated,,,,,,
2026-06-04 23:00,22,9,13,,,,,,,validated,validated,validated,,,,,,
2026-06-04 23:15,27,9,18,,,,,,,validated,validated,validated,,,,,,
2026-06-04 23:30,12,2,10,,,,,,,validated,validated,validated,,,,,,
2026-06-04 23:45,9,3,6,,,,,,,validated,validated,validated,,,,,,
2026-06-05 00:00,8,2,6,,,,,,,validated,validated,validated,,,,,,
2026-06-05 00:15,8,3,5,,,,,,,validated,validated,validated,,,,,,
2026-06-05 00:30,5,3,2,,,,,,,validated,validated,validated,,,,,,
2026-06-05 00:45,2,1,1,,,,,,,validated,validated,validated,,,,,,
2026-06-05 01:00,11,3,8,,,,,,,validated,validated,validated,,,,,,
2026-06-05 01:15,2,1,1,,,,,,,validated,validated,validated,,,,,,
2026-06-05 01:30,6,0,6,,,,,,,validated,validated,validated,,,,,,
2026-06-05 01:45,4,2,2,,,,,,,validated,validated,validated,,,,,,
2026-06-05 02:00,4,1,3,,,,,,,validated,validated,validated,,,,,,
2026-06-05 02:15,1,0,1,,,,,,,validated,validated,validated,,,,,,
2026-06-05 02:30,0,0,0,,,,,,,validated,validated,validated,,,,,,
2026-06-05 02:45,6,3,3,,,,,,,validated,validated,validated,,,,,,
2026-06-05 03:00,0,0,0,,,,,,,validated,validated,validated,,,,,,
2026-06-05 03:15,0,0,0,,,,,,,validated,validated,validated,,,,,,
2026-06-05 03:30,0,0,0,,,,,,,validated,validated,validated,,,,,,
2026-06-05 03:45,0,0,0,,,,,,,validated,validated,validated,,,,,,
2026-06-05 04:00,1,1,0,,,,,,,validated,validated,validated,,,,,,
2026-06-05 04:15,1,0,1,,,,,,,validated,validated,validated,,,,,,
2026-06-05 04:30,0,0,0,,,,,,,validated,validated,validated,,,,,,
2026-06-05 04:45,1,0,1,,,,,,,validated,validated,validated,,,,,,
2026-06-05 05:00,3,3,0,,,,,,,validated,validated,validated,,,,,,
2026-06-05 05:15,7,3,4,,,,,,,validated,validated,validated,,,,,,
2026-06-05 05:30,3,1,2,,,,,,,validated,validated,validated,,,,,,
2026-06-05 05:45,2,1,1,,,,,,,validated,validated,validated,,,,,,
2026-06-05 06:00,9,8,1,,,,,,,validated,validated,validated,,,,,,
2026-06-05 06:15,8,6,2,,,,,,,validated,validated,validated,,,,,,
2026-06-05 06:30,24,18,6,,,,,,,validated,validated,validated,,,,,,
2026-06-05 06:45,23,16,7,,,,,,,validated,validated,validated,,,,,,
2026-06-05 07:00,26,17,9,,,,,,,validated,validated,validated,,,,,,
2026-06-05 07:15,47,33,14,,,,,,,validated,validated,validated,,,,,,
2026-06-05 07:30,144,97,47,,,,,,,validated,validated,validated,,,,,,
2026-06-05 07:45,99,68,31,,,,,,,validated,validated,validated,,,,,,
2026-06-05 08:00,64,53,11,,,,,,,validated,validated,validated,,,,,,
2026-06-05 08:15,51,33,18,,,,,,,validated,validated,validated,,,,,,
2026-06-05 08:30,47,33,14,,,,,,,validated,validated,validated,,,,,,
2026-06-05 08:45,73,56,17,,,,,,,validated,validated,validated,,,,,,
2026-06-05 09:00,58,39,19,,,,,,,validated,validated,validated,,,,,,
2026-06-05 09:15,45,25,20,,,,,,,validated,validated,validated,,,,,,
2026-06-05 09:30,78,59,19,,,,,,,validated,validated,validated,,,,,,
2026-06-05 09:45,65,45,20,,,,,,,validated,validated,validated,,,,,,
2026-06-05 10:00,59,42,17,,,,,,,validated,validated,validated,,,,,,
2026-06-05 10:15,52,33,19,,,,,,,validated,validated,validated,,,,,,
2026-06-05 10:30,45,31,14,,,,,,,validated,validated,validated,,,,,,
2026-06-05 10:45,68,38,30,,,,,,,validated,validated,validated,,,,,,
2026-06-05 11:00,67,46,21,,,,,,,validated,validated,validated,,,,,,
2026-06-05 11:15,86,39,47,,,,,,,validated,validated,validated,,,,,,
2026-06-05 11:30,62,30,32,,,,,,,validated,validated,validated,,,,,,
2026-06-05 11:45,61,31,30,,,,,,,validated,validated,validated,,,,,,
2026-06-05 12:00,89,47,42,,,,,,,validated,validated,validated,,,,,,
2026-06-05 12:15,77,31,46,,,,,,,validated,validated,validated,,,,,,
2026-06-05 12:30,78,38,40,,,,,,,validated,validated,validated,,,,,,
2026-06-05 12:45,78,38,40,,,,,,,validated,validated,validated,,,,,,
2026-06-05 13:00,131,81,50,,,,,,,validated,validated,validated,,,,,,
2026-06-05 13:15,107,45,62,,,,,,,validated,validated,validated,,,,,,
2026-06-05 13:30,71,34,37,,,,,,,validated,validated,validated,,,,,,
2026-06-05 13:45,72,33,39,,,,,,,validated,validated,validated,,,,,,
2026-06-05 14:00,86,41,45,,,,,,,validated,validated,validated,,,,,,
2026-06-05 14:15,64,25,39,,,,,,,validated,validated,validated,,,,,,
2026-06-05 14:30,47,21,26,,,,,,,validated,validated,validated,,,,,,
2026-06-05 14:45,92,32,60,,,,,,,validated,validated,validated,,,,,,
2026-06-05 15:00,74,29,45,,,,,,,validated,validated,validated,,,,,,
2026-06-05 15:15,62,27,35,,,,,,,validated,validated,validated,,,,,,
2026-06-05 15:30,61,28,33,,,,,,,validated,validated,validated,,,,,,
2026-06-05 15:45,91,50,41,,,,,,,validated,validated,validated,,,,,,
2026-06-05 16:00,73,31,42,,,,,,,validated,validated,validated,,,,,,
2026-06-05 16:15,86,36,50,,,,,,,validated,validated,validated,,,,,,
2026-06-05 16:30,69,32,37,,,,,,,validated,validated,validated,,,,,,
2026-06-05 16:45,107,56,51,,,,,,,validated,validated,validated,,,,,,
2026-06-05 17:00,57,25,32,,,,,,,validated,validated,validated,,,,,,
2026-06-05 17:15,99,49,50,,,,,,,validated,validated,validated,,,,,,
2026-06-05 17:30,75,35,40,,,,,,,validated,validated,validated,,,,,,
2026-06-05 17:45,88,45,43,,,,,,,validated,validated,validated,,,,,,
2026-06-05 18:00,76,35,41,,,,,,,validated,validated,validated,,,,,,
2026-06-05 18:15,79,32,47,,,,,,,validated,validated,validated,,,,,,
2026-06-05 18:30,75,47,28,,,,,,,validated,validated,validated,,,,,,
2026-06-05 18:45,89,47,42,,,,,,,validated,validated,validated,,,,,,
2026-06-05 19:00,74,35,39,,,,,,,validated,validated,validated,,,,,,
2026-06-05 19:15,63,27,36,,,,,,,validated,validated,validated,,,,,,
2026-06-05 19:30,54,32,22,,,,,,,validated,validated,validated,,,,,,
2026-06-05 19:45,62,28,34,,,,,,,validated,validated,validated,,,,,,
2026-06-05 20:00,58,30,28,,,,,,,validated,validated,validated,,,,,,
2026-06-05 20:15,35,19,16,,,,,,,validated,validated,validated,,,,,,
2026-06-05 20:30,45,22,23,,,,,,,validated,validated,validated,,,,,,
2026-06-05 20:45,34,11,23,,,,,,,validated,validated,validated,,,,,,
2026-06-05 21:00,21,7,14,,,,,,,validated,validated,validated,,,,,,
2026-06-05 21:15,37,18,19,,,,,,,validated,validated,validated,,,,,,
2026-06-05 21:30,37,17,20,,,,,,,validated,validated,validated,,,,,,
2026-06-05 21:45,30,9,21,,,,,,,validated,validated,validated,,,,,,
2026-06-05 22:00,32,13,19,,,,,,,validated,validated,validated,,,,,,
2026-06-05 22:15,23,8,15,,,,,,,validated,validated,validated,,,,,,
2026-06-05 22:30,35,18,17,,,,,,,validated,validated,validated,,,,,,
2026-06-05 22:45,29,2,27,,,,,,,validated,validated,validated,,,,,,
2026-06-05 23:00,31,9,22,,,,,,,validated,validated,validated,,,,,,
2026-06-05 23:15,16,4,12,,,,,,,validated,validated,validated,,,,,,
2026-06-05 23:30,15,5,10,,,,,,,validated,validated,validated,,,,,,
2026-06-05 23:45,25,8,17,,,,,,,validated,validated,validated,,,,,,
2026-06-06 00:00,14,6,8,,,,,,,validated,validated,validated,,,,,,
2026-06-06 00:15,13,3,10,,,,,,,validated,validated,validated,,,,,,
2026-06-06 00:30,21,16,5,,,,,,,validated,validated,validated,,,,,,
2026-06-06 00:45,31,17,14,,,,,,,validated,validated,validated,,,,,,
2026-06-06 01:00,17,1,16,,,,,,,validated,validated,validated,,,,,,
2026-06-06 01:15,10,5,5,,,,,,,validated,validated,validated,,,,,,
2026-06-06 01:30,14,5,9,,,,,,,validated,validated,validated,,,,,,
2026-06-06 01:45,10,2,8,,,,,,,validated,validated,validated,,,,,,
2026-06-06 02:00,6,1,5,,,,,,,validated,validated,validated,,,,,,
2026-06-06 02:15,7,2,5,,,,,,,validated,validated,validated,,,,,,
2026-06-06 02:30,3,2,1,,,,,,,validated,validated,validated,,,,,,
2026-06-06 02:45,2,0,2,,,,,,,validated,validated,validated,,,,,,
2026-06-06 03:00,3,0,3,,,,,,,validated,validated,validated,,,,,,
2026-06-06 03:15,6,1,5,,,,,,,validated,validated,validated,,,,,,
2026-06-06 03:30,4,1,3,,,,,,,validated,validated,validated,,,,,,
2026-06-06 03:45,2,1,1,,,,,,,validated,validated,validated,,,,,,
2026-06-06 04:00,3,0,3,,,,,,,validated,validated,validated,,,,,,
2026-06-06 04:15,1,0,1,,,,,,,validated,validated,validated,,,,,,
2026-06-06 04:30,0,0,0,,,,,,,validated,validated,validated,,,,,,
2026-06-06 04:45,2,1,1,,,,,,,validated,validated,validated,,,,,,
2026-06-06 05:00,1,1,0,,,,,,,validated,validated,validated,,,,,,
2026-06-06 05:15,6,4,2,,,,,,,validated,validated,validated,,,,,,
2026-06-06 05:30,1,0,1,,,,,,,validated,validated,validated,,,,,,
2026-06-06 05:45,2,0,2,,,,,,,validated,validated,validated,,,,,,
2026-06-06 06:00,2,1,1,,,,,,,validated,validated,validated,,,,,,
2026-06-06 06:15,2,1,1,,,,,,,validated,validated,validated,,,,,,
2026-06-06 06:30,3,3,0,,,,,,,validated,validated,validated,,,,,,
2026-06-06 06:45,13,11,2,,,,,,,validated,validated,validated,,,,,,
2026-06-06 07:00,9,5,4,,,,,,,validated,validated,validated,,,,,,
2026-06-06 07:15,8,4,4,,,,,,,validated,validated,validated,,,,,,
2026-06-06 07:30,12,9,3,,,,,,,validated,validated,validated,,,,,,
2026-06-06 07:45,14,5,9,,,,,,,validated,validated,validated,,,,,,
2026-06-06 08:00,20,12,8,,,,,,,validated,validated,validated,,,,,,
2026-06-06 08:15,19,15,4,,,,,,,validated,validated,validated,,,,,,
2026-06-06 08:30,32,20,12,,,,,,,validated,validated,validated,,,,,,
2026-06-06 08:45,48,31,17,,,,,,,validated,validated,validated,,,,,,
2026-06-06 09:00,54,34,20,,,,,,,validated,validated,validated,,,,,,
2026-06-06 09:15,43,24,19,,,,,,,validated,validated,validated,,,,,,
2026-06-06 09:30,59,45,14,,,,,,,validated,validated,validated,,,,,,
2026-06-06 09:45,72,58,14,,,,,,,validated,validated,validated,,,,,,
2026-06-06 10:00,73,56,17,,,,,,,validated,validated,validated,,,,,,
2026-06-06 10:15,78,50,28,,,,,,,validated,validated,validated,,,,,,
2026-06-06 10:30,90,49,41,,,,,,,validated,validated,validated,,,,,,
2026-06-06 10:45,105,63,42,,,,,,,validated,validated,validated,,,,,,
2026-06-06 11:00,93,65,28,,,,,,,validated,validated,validated,,,,,,
2026-06-06 11:15,110,60,50,,,,,,,validated,validated,validated,,,,,,
2026-06-06 11:30,97,55,42,,,,,,,validated,validated,validated,,,,,,
2026-06-06 11:45,86,60,26,,,,,,,validated,validated,validated,,,,,,
2026-06-06 12:00,102,54,48,,,,,,,validated,validated,validated,,,,,,
2026-06-06 12:15,112,68,44,,,,,,,validated,validated,validated,,,,,,
2026-06-06 12:30,90,46,44,,,,,,,validated,validated,validated,,,,,,
2026-06-06 12:45,91,23,68,,,,,,,validated,validated,validated,,,,,,
2026-06-06 13:00,94,48,46,,,,,,,validated,validated,validated,,,,,,
2026-06-06 13:15,106,66,40,,,,,,,validated,validated,validated,,,,,,
2026-06-06 13:30,92,46,46,,,,,,,validated,validated,validated,,,,,,
2026-06-06 13:45,88,47,41,,,,,,,validated,validated,validated,,,,,,
2026-06-06 14:00,85,36,49,,,,,,,validated,validated,validated,,,,,,
2026-06-06 14:15,73,28,45,,,,,,,validated,validated,validated,,,,,,
2026-06-06 14:30,62,22,40,,,,,,,validated,validated,validated,,,,,,
2026-06-06 14:45,93,47,46,,,,,,,validated,validated,validated,,,,,,
2026-06-06 15:00,72,44,28,,,,,,,validated,validated,validated,,,,,,
2026-06-06 15:15,82,40,42,,,,,,,validated,validated,validated,,,,,,
2026-06-06 15:30,60,30,30,,,,,,,validated,validated,validated,,,,,,
2026-06-06 15:45,72,31,41,,,,,,,validated,validated,validated,,,,,,
2026-06-06 16:00,92,52,40,,,,,,,validated,validated,validated,,,,,,
2026-06-06 16:15,60,33,27,,,,,,,validated,validated,validated,,,,,,
2026-06-06 16:30,80,34,46,,,,,,,validated,validated,validated,,,,,,
2026-06-06 16:45,47,25,22,,,,,,,validated,validated,validated,,,,,,
2026-06-06 17:00,72,29,43,,,,,,,validated,validated,validated,,,,,,
2026-06-06 17:15,70,39,31,,,,,,,validated,validated,validated,,,,,,
2026-06-06 17:30,65,33,32,,,,,,,validated,validated,validated,,,,,,
2026-06-06 17:45,56,26,30,,,,,,,validated,validated,validated,,,,,,
2026-06-06 18:00,57,29,28,,,,,,,validated,validated,validated,,,,,,
2026-06-06 18:15,51,18,33,,,,,,,validated,validated,validated,,,,,,
2026-06-06 18:30,50,31,19,,,,,,,validated,validated,validated,,,,,,
2026-06-06 18:45,58,28,30,,,,,,,validated,validated,validated,,,,,,
2026-06-06 19:00,42,18,24,,,,,,,validated,validated,validated,,,,,,
2026-06-06 19:15,42,15,27,,,,,,,validated,validated,validated,,,,,,
2026-06-06 19:30,23,9,14,,,,,,,validated,validated,validated,,,,,,
2026-06-06 19:45,32,16,16,,,,,,,validated,validated,validated,,,,,,
2026-06-06 20:00,32,12,20,,,,,,,validated,validated,validated,,,,,,
2026-06-06 20:15,24,12,12,,,,,,,validated,validated,validated,,,,,,
2026-06-06 20:30,24,14,10,,,,,,,validated,validated,validated,,,,,,
2026-06-06 20:45,22,13,9,,,,,,,validated,validated,validated,,,,,,
2026-06-06 21:00,31,9,22,,,,,,,validated,validated,validated,,,,,,
2026-06-06 21:15,14,4,10,,,,,,,validated,validated,validated,,,,,,
2026-06-06 21:30,23,12,11,,,,,,,validated,validated,validated,,,,,,
2026-06-06 21:45,20,5,15,,,,,,,validated,validated,validated,,,,,,
2026-06-06 22:00,17,12,5,,,,,,,validated,validated,validated,,,,,,
2026-06-06 22:15,26,11,15,,,,,,,validated,validated,validated,,,,,,
2026-06-06 22:30,19,6,13,,,,,,,validated,validated,validated,,,,,,
2026-06-06 22:45,10,4,6,,,,,,,validated,validated,validated,,,,,,
2026-06-06 23:00,19,8,11,,,,,,,validated,validated,validated,,,,,,
2026-06-06 23:15,22,11,11,,,,,,,validated,validated,validated,,,,,,
2026-06-06 23:30,19,13,6,,,,,,,validated,validated,validated,,,,,,
2026-06-06 23:45,10,4,6,,,,,,,validated,validated,validated,,,,,,
2026-06-07 00:00,12,6,6,,,,,,,validated,validated,validated,,,,,,
2026-06-07 00:15,12,4,8,,,,,,,validated,validated,validated,,,,,,
2026-06-07 00:30,11,1,10,,,,,,,validated,validated,validated,,,,,,
2026-06-07 00:45,7,0,7,,,,,,,validated,validated,validated,,,,,,
2026-06-07 01:00,8,4,4,,,,,,,validated,validated,validated,,,,,,
2026-06-07 01:15,9,1,8,,,,,,,validated,validated,validated,,,,,,
2026-06-07 01:30,5,0,5,,,,,,,validated,validated,validated,,,,,,
2026-06-07 01:45,8,4,4,,,,,,,validated,validated,validated,,,,,,
2026-06-07 02:00,10,6,4,,,,,,,validated,validated,validated,,,,,,
2026-06-07 02:15,8,2,6,,,,,,,validated,validated,validated,,,,,,
2026-06-07 02:30,3,1,2,,,,,,,validated,validated,validated,,,,,,
2026-06-07 02:45,11,2,9,,,,,,,validated,validated,validated,,,,,,
2026-06-07 03:00,6,2,4,,,,,,,validated,validated,validated,,,,,,
2026-06-07 03:15,3,1,2,,,,,,,validated,validated,validated,,,,,,
2026-06-07 03:30,6,0,6,,,,,,,validated,validated,validated,,,,,,
2026-06-07 03:45,1,1,0,,,,,,,validated,validated,validated,,,,,,
2026-06-07 04:00,3,1,2,,,,,,,validated,validated,validated,,,,,,
2026-06-07 04:15,0,0,0,,,,,,,validated,validated,validated,,,,,,
2026-06-07 04:30,2,2,0,,,,,,,validated,validated,validated,,,,,,
2026-06-07 04:45,3,0,3,,,,,,,validated,validated,validated,,,,,,
2026-06-07 05:00,0,0,0,,,,,,,validated,validated,validated,,,,,,
2026-06-07 05:15,3,1,2,,,,,,,validated,validated,validated,,,,,,
2026-06-07 05:30,1,1,0,,,,,,,validated,validated,validated,,,,,,
2026-06-07 05:45,3,1,2,,,,,,,validated,validated,validated,,,,,,
2026-06-07 06:00,1,0,1,,,,,,,validated,validated,validated,,,,,,
2026-06-07 06:15,2,2,0,,,,,,,validated,validated,validated,,,,,,
2026-06-07 06:30,3,2,1,,,,,,,validated,validated,validated,,,,,,
2026-06-07 06:45,3,1,2,,,,,,,validated,validated,validated,,,,,,
2026-06-07 07:00,3,2,1,,,,,,,validated,validated,validated,,,,,,
2026-06-07 07:15,5,2,3,,,,,,,validated,validated,validated,,,,,,
2026-06-07 07:30,7,3,4,,,,,,,validated,validated,validated,,,,,,
2026-06-07 07:45,6,2,4,,,,,,,validated,validated,validated,,,,,,
2026-06-07 08:00,6,1,5,,,,,,,validated,validated,validated,,,,,,
2026-06-07 08:15,4,2,2,,,,,,,validated,validated,validated,,,,,,
2026-06-07 08:30,9,3,6,,,,,,,validated,validated,validated,,,,,,
2026-06-07 08:45,12,6,6,,,,,,,validated,validated,validated,,,,,,
2026-06-07 09:00,14,6,8,,,,,,,validated,validated,validated,,,,,,
2026-06-07 09:15,17,14,3,,,,,,,validated,validated,validated,,,,,,
2026-06-07 09:30,11,4,7,,,,,,,validated,validated,validated,,,,,,
2026-06-07 09:45,21,13,8,,,,,,,validated,validated,validated,,,,,,
2026-06-07 10:00,16,10,6,,,,,,,validated,validated,validated,,,,,,
2026-06-07 10:15,29,13,16,,,,,,,validated,validated,validated,,,,,,
2026-06-07 10:30,27,14,13,,,,,,,validated,validated,validated,,,,,,
2026-06-07 10:45,35,22,13,,,,,,,validated,validated,validated,,,,,,
2026-06-07 11:00,24,15,9,,,,,,,validated,validated,validated,,,,,,
2026-06-07 11:15,34,22,12,,,,,,,validated,validated,validated,,,,,,
2026-06-07 11:30,27,17,10,,,,,,,validated,validated,validated,,,,,,
2026-06-07 11:45,38,15,23,,,,,,,validated,validated,validated,,,,,,
2026-06-07 12:00,30,18,12,,,,,,,validated,validated,validated,,,,,,
2026-06-07 12:15,44,20,24,,,,,,,validated,validated,validated,,,,,,
2026-06-07 12:30,41,19,22,,,,,,,validated,validated,validated,,,,,,
2026-06-07 12:45,29,15,14,,,,,,,validated,validated,validated,,,,,,
2026-06-07 13:00,46,26,20,,,,,,,validated,validated,validated,,,,,,
2026-06-07 13:15,35,21,14,,,,,,,validated,validated,validated,,,,,,
2026-06-07 13:30,40,21,19,,,,,,,validated,validated,validated,,,,,,
2026-06-07 13:45,52,29,23,,,,,,,validated,validated,validated,,,,,,
2026-06-07 14:00,50,24,26,,,,,,,validated,validated,validated,,,,,,
2026-06-07 14:15,49,30,19,,,,,,,validated,validated,validated,,,,,,
2026-06-07 14:30,55,29,26,,,,,,,validated,validated,validated,,,,,,
2026-06-07 14:45,56,23,33,,,,,,,validated,validated,validated,,,,,,
2026-06-07 15:00,59,25,34,,,,,,,validated,validated,validated,,,,,,
2026-06-07 15:15,52,24,28,,,,,,,validated,validated,validated,,,,,,
2026-06-07 15:30,44,26,18,,,,,,,validated,validated,validated,,,,,,
2026-06-07 15:45,62,37,25,,,,,,,validated,validated,validated,,,,,,
2026-06-07 16:00,45,22,23,,,,,,,validated,validated,validated,,,,,,
2026-06-07 16:15,57,27,30,,,,,,,validated,validated,validated,,,,,,
2026-06-07 16:30,47,22,25,,,,,,,validated,validated,validated,,,,,,
2026-06-07 16:45,51,29,22,,,,,,,validated,validated,validated,,,,,,
2026-06-07 17:00,48,26,22,,,,,,,validated,validated,validated,,,,,,
2026-06-07 17:15,51,21,30,,,,,,,validated,validated,validated,,,,,,
2026-06-07 17:30,46,24,22,,,,,,,validated,validated,validated,,,,,,
2026-06-07 17:45,58,26,32,,,,,,,validated,validated,validated,,,,,,
2026-06-07 18:00,57,37,20,,,,,,,validated,validated,validated,,,,,,
2026-06-07 18:15,57,36,21,,,,,,,validated,validated,validated,,,,,,
2026-06-07 18:30,44,27,17,,,,,,,validated,validated,validated,,,,,,
2026-06-07 18:45,46,19,27,,,,,,,validated,validated,validated,,,,,,
2026-06-07 19:00,62,27,35,,,,,,,validated,validated,validated,,,,,,
2026-06-07 19:15,48,23,25,,,,,,,validated,validated,validated,,,,,,
2026-06-07 19:30,38,18,20,,,,,,,validated,validated,validated,,,,,,
2026-06-07 19:45,37,17,20,,,,,,,validated,validated,validated,,,,,,
2026-06-07 20:00,44,16,28,,,,,,,validated,validated,validated,,,,,,
2026-06-07 20:15,28,13,15,,,,,,,validated,validated,validated,,,,,,
2026-06-07 20:30,23,11,12,,,,,,,validated,validated,validated,,,,,,
2026-06-07 20:45,27,12,15,,,,,,,validated,validated,validated,,,,,,
2026-06-07 21:00,28,7,21,,,,,,,validated,validated,validated,,,,,,
2026-06-07 21:15,20,7,13,,,,,,,validated,validated,validated,,,,,,
2026-06-07 21:30,26,11,15,,,,,,,validated,validated,validated,,,,,,
2026-06-07 21:45,20,10,10,,,,,,,validated,validated,validated,,,,,,
2026-06-07 22:00,19,6,13,,,,,,,validated,validated,validated,,,,,,
2026-06-07 22:15,8,6,2,,,,,,,validated,validated,validated,,,,,,
2026-06-07 22:30,18,6,12,,,,,,,validated,validated,validated,,,,,,
2026-06-07 22:45,8,6,2,,,,,,,validated,validated,validated,,,,,,
2026-06-07 23:00,8,3,5,,,,,,,validated,validated,validated,,,,,,
2026-06-07 23:15,8,3,5,,,,,,,validated,validated,validated,,,,,,
2026-06-07 23:30,3,3,0,,,,,,,validated,validated,validated,,,,,,
2026-06-07 23:45,7,5,2,,,,,,,validated,validated,validated,,,,,,
2026-06-08 00:00,3,3,0,,,,,,,validated,validated,validated,,,,,,
2026-06-08 00:15,2,1,1,,,,,,,validated,validated,validated,,,,,,
2026-06-08 00:30,2,0,2,,,,,,,validated,validated,validated,,,,,,
2026-06-08 00:45,2,1,1,,,,,,,validated,validated,validated,,,,,,
2026-06-08 01:00,6,0,6,,,,,,,validated,validated,validated,,,,,,
2026-06-08 01:15,1,1,0,,,,,,,validated,validated,validated,,,,,,
2026-06-08 01:30,2,2,0,,,,,,,validated,validated,validated,,,,,,
2026-06-08 01:45,1,0,1,,,,,,,validated,validated,validated,,,,,,
2026-06-08 02:00,2,1,1,,,,,,,validated,validated,validated,,,,,,
2026-06-08 02:15,1,0,1,,,,,,,validated,validated,validated,,,,,,
2026-06-08 02:30,0,0,0,,,,,,,validated,validated,validated,,,,,,
2026-06-08 02:45,0,0,0,,,,,,,validated,validated,validated,,,,,,
2026-06-08 03:00,0,0,0,,,,,,,validated,validated,validated,,,,,,
2026-06-08 03:15,0,0,0,,,,,,,validated,validated,validated,,,,,,
2026-06-08 03:30,1,1,0,,,,,,,validated,validated,validated,,,,,,
2026-06-08 03:45,0,0,0,,,,,,,validated,validated,validated,,,,,,
2026-06-08 04:00,0,0,0,,,,,,,validated,validated,validated,,,,,,
2026-06-08 04:15,0,0,0,,,,,,,validated,validated,validated,,,,,,
2026-06-08 04:30,1,0,1,,,,,,,validated,validated,validated,,,,,,
2026-06-08 04:45,2,0,2,,,,,,,validated,validated,validated,,,,,,
2026-06-08 05:00,2,1,1,,,,,,,validated,validated,validated,,,,,,
2026-06-08 05:15,7,1,6,,,,,,,validated,validated,validated,,,,,,
2026-06-08 05:30,10,5,5,,,,,,,validated,validated,validated,,,,,,
2026-06-08 05:45,11,4,7,,,,,,,validated,validated,validated,,,,,,
2026-06-08 06:00,12,10,2,,,,,,,validated,validated,validated,,,,,,
2026-06-08 06:15,16,11,5,,,,,,,validated,validated,validated,,,,,,
2026-06-08 06:30,33,27,6,,,,,,,validated,validated,validated,,,,,,
2026-06-08 06:45,45,29,16,,,,,,,validated,validated,validated,,,,,,
2026-06-08 07:00,55,38,17,,,,,,,validated,validated,validated,,,,,,
2026-06-08 07:15,103,71,32,,,,,,,validated,validated,validated,,,,,,
2026-06-08 07:30,200,139,61,,,,,,,validated,validated,validated,,,,,,
2026-06-08 07:45,199,149,50,,,,,,,validated,validated,validated,,,,,,
2026-06-08 08:00,126,92,34,,,,,,,validated,validated,validated,,,,,,
2026-06-08 08:15,109,77,32,,,,,,,validated,validated,validated,,,,,,
2026-06-08 08:30,113,84,29,,,,,,,validated,validated,validated,,,,,,
2026-06-08 08:45,97,65,32,,,,,,,validated,validated,validated,,,,,,
2026-06-08 09:00,74,48,26,,,,,,,validated,validated,validated,,,,,,
2026-06-08 09:15,73,53,20,,,,,,,validated,validated,validated,,,,,,
2026-06-08 09:30,109,70,39,,,,,,,validated,validated,validated,,,,,,
2026-06-08 09:45,124,94,30,,,,,,,validated,validated,validated,,,,,,
2026-06-08 10:00,100,67,33,,,,,,,validated,validated,validated,,,,,,
2026-06-08 10:15,55,36,19,,,,,,,validated,validated,validated,,,,,,
2026-06-08 10:30,47,27,20,,,,,,,validated,validated,validated,,,,,,
2026-06-08 10:45,64,38,26,,,,,,,validated,validated,validated,,,,,,
2026-06-08 11:00,55,32,23,,,,,,,validated,validated,validated,,,,,,
2026-06-08 11:15,87,31,56,,,,,,,validated,validated,validated,,,,,,
2026-06-08 11:30,68,38,30,,,,,,,validated,validated,validated,,,,,,
2026-06-08 11:45,76,38,38,,,,,,,validated,validated,validated,,,,,,
2026-06-08 12:00,102,52,50,,,,,,,validated,validated,validated,,,,,,
2026-06-08 12:15,72,41,31,,,,,,,validated,validated,validated,,,,,,
2026-06-08 12:30,87,39,48,,,,,,,validated,validated,validated,,,,,,
2026-06-08 12:45,79,37,42,,,,,,,validated,validated,validated,,,,,,
2026-06-08 13:00,121,50,71,,,,,,,validated,validated,validated,,,,,,
2026-06-08 13:15,95,39,56,,,,,,,validated,validated,validated,,,,,,
2026-06-08 13:30,78,41,37,,,,,,,validated,validated,validated,,,,,,
2026-06-08 13:45,115,61,54,,,,,,,validated,validated,validated,,,,,,
2026-06-08 14:00,90,44,46,,,,,,,validated,validated,validated,,,,,,
2026-06-08 14:15,91,42,49,,,,,,,validated,validated,validated,,,,,,
2026-06-08 14:30,82,33,49,,,,,,,validated,validated,validated,,,,,,
2026-06-08 14:45,128,70,58,,,,,,,validated,validated,validated,,,,,,
2026-06-08 15:00,104,35,69,,,,,,,validated,validated,validated,,,,,,
2026-06-08 15:15,123,48,75,,,,,,,validated,validated,validated,,,,,,
2026-06-08 15:30,122,48,74,,,,,,,validated,validated,validated,,,,,,
2026-06-08 15:45,158,76,82,,,,,,,validated,validated,validated,,,,,,
2026-06-08 16:00,131,45,86,,,,,,,validated,validated,validated,,,,,,
2026-06-08 16:15,115,45,70,,,,,,,validated,validated,validated,,,,,,
2026-06-08 16:30,141,67,74,,,,,,,validated,validated,validated,,,,,,
2026-06-08 16:45,148,64,84,,,,,,,validated,validated,validated,,,,,,
2026-06-08 17:00,117,50,67,,,,,,,validated,validated,validated,,,,,,
2026-06-08 17:15,122,59,63,,,,,,,validated,validated,validated,,,,,,
2026-06-08 17:30,139,54,85,,,,,,,validated,validated,validated,,,,,,
2026-06-08 17:45,134,52,82,,,,,,,validated,validated,validated,,,,,,
2026-06-08 18:00,129,44,85,,,,,,,validated,validated,validated,,,,,,
2026-06-08 18:15,146,62,84,,,,,,,validated,validated,validated,,,,,,
2026-06-08 18:30,121,51,70,,,,,,,validated,validated,validated,,,,,,
2026-06-08 18:45,127,58,69,,,,,,,validated,validated,validated,,,,,,
2026-06-08 19:00,85,35,50,,,,,,,validated,validated,validated,,,,,,
2026-06-08 19:15,70,22,48,,,,,,,validated,validated,validated,,,,,,
2026-06-08 19:30,58,23,35,,,,,,,validated,validated,validated,,,,,,
2026-06-08 19:45,74,40,34,,,,,,,validated,validated,validated,,,,,,
2026-06-08 20:00,75,21,54,,,,,,,validated,validated,validated,,,,,,
2026-06-08 20:15,53,27,26,,,,,,,validated,validated,validated,,,,,,
2026-06-08 20:30,52,15,37,,,,,,,validated,validated,validated,,,,,,
2026-06-08 20:45,33,5,28,,,,,,,validated,validated,validated,,,,,,
2026-06-08 21:00,34,8,26,,,,,,,validated,validated,validated,,,,,,
2026-06-08 21:15,35,14,21,,,,,,,validated,validated,validated,,,,,,
2026-06-08 21:30,51,19,32,,,,,,,validated,validated,validated,,,,,,
2026-06-08 21:45,43,12,31,,,,,,,validated,validated,validated,,,,,,
2026-06-08 22:00,36,10,26,,,,,,,validated,validated,validated,,,,,,
2026-06-08 22:15,23,3,20,,,,,,,validated,validated,validated,,,,,,
2026-06-08 22:30,10,2,8,,,,,,,validated,validated,validated,,,,,,
2026-06-08 22:45,7,4,3,,,,,,,validated,validated,validated,,,,,,
2026-06-08 23:00,13,2,11,,,,,,,validated,validated,validated,,,,,,
2026-06-08 23:15,6,2,4,,,,,,,validated,validated,validated,,,,,,
2026-06-08 23:30,18,14,4,,,,,,,validated,validated,validated,,,,,,
2026-06-08 23:45,11,6,5,,,,,,,validated,validated,validated,,,,,,
2026-06-09 00:00,2,1,1,,,,,,,validated,validated,validated,,,,,,
2026-06-09 00:15,3,1,2,,,,,,,validated,validated,validated,,,,,,
2026-06-09 00:30,7,3,4,,,,,,,validated,validated,validated,,,,,,
2026-06-09 00:45,0,0,0,,,,,,,validated,validated,validated,,,,,,
2026-06-09 01:00,2,1,1,,,,,,,validated,validated,validated,,,,,,
2026-06-09 01:15,1,0,1,,,,,,,validated,validated,validated,,,,,,
2026-06-09 01:30,1,0,1,,,,,,,validated,validated,validated,,,,,,
2026-06-09 01:45,1,1,0,,,,,,,validated,validated,validated,,,,,,
2026-06-09 02:00,1,0,1,,,,,,,validated,validated,validated,,,,,,
2026-06-09 02:15,2,1,1,,,,,,,validated,validated,validated,,,,,,
2026-06-09 02:30,1,0,1,,,,,,,validated,validated,validated,,,,,,
2026-06-09 02:45,0,0,0,,,,,,,validated,validated,validated,,,,,,
2026-06-09 03:00,0,0,0,,,,,,,validated,validated,validated,,,,,,
2026-06-09 03:15,0,0,0,,,,,,,validated,validated,validated,,,,,,
2026-06-09 03:30,1,0,1,,,,,,,validated,validated,validated,,,,,,
2026-06-09 03:45,2,2,0,,,,,,,validated,validated,validated,,,,,,
2026-06-09 04:00,0,0,0,,,,,,,validated,validated,validated,,,,,,
2026-06-09 04:15,0,0,0,,,,,,,validated,validated,validated,,,,,,
2026-06-09 04:30,2,0,2,,,,,,,validated,validated,validated,,,,,,
2026-06-09 04:45,2,2,0,,,,,,,validated,validated,validated,,,,,,
2026-06-09 05:00,2,1,1,,,,,,,validated,validated,validated,,,,,,
2026-06-09 05:15,6,2,4,,,,,,,validated,validated,validated,,,,,,
2026-06-09 05:30,11,5,6,,,,,,,validated,validated,validated,,,,,,
2026-06-09 05:45,18,9,9,,,,,,,validated,validated,validated,,,,,,
2026-06-09 06:00,8,5,3,,,,,,,validated,validated,validated,,,,,,
2026-06-09 06:15,14,10,4,,,,,,,validated,validated,validated,,,,,,
2026-06-09 06:30,28,21,7,,,,,,,validated,validated,validated,,,,,,
2026-06-09 06:45,47,31,16,,,,,,,validated,validated,validated,,,,,,
2026-06-09 07:00,65,43,22,,,,,,,validated,validated,validated,,,,,,
2026-06-09 07:15,95,70,25,,,,,,,validated,validated,validated,,,,,,
2026-06-09 07:30,198,149,49,,,,,,,validated,validated,validated,,,,,,
2026-06-09 07:45,177,130,47,,,,,,,validated,validated,validated,,,,,,
2026-06-09 08:00,116,84,32,,,,,,,validated,validated,validated,,,,,,
2026-06-09 08:15,94,69,25,,,,,,,validated,validated,validated,,,,,,
2026-06-09 08:30,79,61,18,,,,,,,validated,validated,validated,,,,,,
2026-06-09 08:45,94,65,29,,,,,,,validated,validated,validated,,,,,,
2026-06-09 09:00,76,53,23,,,,,,,validated,validated,validated,,,,,,
2026-06-09 09:15,66,43,23,,,,,,,validated,validated,validated,,,,,,
2026-06-09 09:30,122,57,65,,,,,,,validated,validated,validated,,,,,,
2026-06-09 09:45,106,88,18,,,,,,,validated,validated,validated,,,,,,
2026-06-09 10:00,64,47,17,,,,,,,validated,validated,validated,,,,,,
2026-06-09 10:15,30,20,10,,,,,,,validated,validated,validated,,,,,,
2026-06-09 10:30,34,18,16,,,,,,,validated,validated,validated,,,,,,
2026-06-09 10:45,58,29,29,,,,,,,validated,validated,validated,,,,,,
2026-06-09 11:00,49,26,23,,,,,,,validated,validated,validated,,,,,,
2026-06-09 11:15,94,60,34,,,,,,,validated,validated,validated,,,,,,
2026-06-09 11:30,59,38,21,,,,,,,validated,validated,validated,,,,,,
2026-06-09 11:45,64,39,25,,,,,,,validated,validated,validated,,,,,,
2026-06-09 12:00,57,31,26,,,,,,,validated,validated,validated,,,,,,
2026-06-09 12:15,63,31,32,,,,,,,validated,validated,validated,,,,,,
2026-06-09 12:30,63,26,37,,,,,,,validated,validated,validated,,,,,,
2026-06-09 12:45,76,36,40,,,,,,,validated,validated,validated,,,,,,
2026-06-09 13:00,151,74,77,,,,,,,validated,validated,validated,,,,,,
2026-06-09 13:15,99,43,56,,,,,,,validated,validated,validated,,,,,,
2026-06-09 13:30,78,33,45,,,,,,,validated,validated,validated,,,,,,
2026-06-09 13:45,56,22,34,,,,,,,validated,validated,validated,,,,,,
2026-06-09 14:00,50,18,32,,,,,,,validated,validated,validated,,,,,,
2026-06-09 14:15,64,23,41,,,,,,,validated,validated,validated,,,,,,
2026-06-09 14:30,100,39,61,,,,,,,validated,validated,validated,,,,,,
2026-06-09 14:45,95,54,41,,,,,,,validated,validated,validated,,,,,,
2026-06-09 15:00,85,43,42,,,,,,,validated,validated,validated,,,,,,
2026-06-09 15:15,83,40,43,,,,,,,validated,validated,validated,,,,,,
2026-06-09 15:30,90,38,52,,,,,,,validated,validated,validated,,,,,,
2026-06-09 15:45,93,52,41,,,,,,,validated,validated,validated,,,,,,
2026-06-09 16:00,112,44,68,,,,,,,validated,validated,validated,,,,,,
2026-06-09 16:15,100,41,59,,,,,,,validated,validated,validated,,,,,,
2026-06-09 16:30,116,52,64,,,,,,,validated,validated,validated,,,,,,
2026-06-09 16:45,122,50,72,,,,,,,validated,validated,validated,,,,,,
2026-06-09 17:00,93,35,58,,,,,,,validated,validated,validated,,,,,,
2026-06-09 17:15,114,45,69,,,,,,,validated,validated,validated,,,,,,
2026-06-09 17:30,105,51,54,,,,,,,validated,validated,validated,,,,,,
2026-06-09 17:45,142,51,91,,,,,,,validated,validated,validated,,,,,,
2026-06-09 18:00,129,53,76,,,,,,,validated,validated,validated,,,,,,
2026-06-09 18:15,97,29,68,,,,,,,validated,validated,validated,,,,,,
2026-06-09 18:30,76,31,45,,,,,,,validated,validated,validated,,,,,,
2026-06-09 18:45,106,49,57,,,,,,,validated,validated,validated,,,,,,
2026-06-09 19:00,76,30,46,,,,,,,validated,validated,validated,,,,,,
2026-06-09 19:15,67,35,32,,,,,,,validated,validated,validated,,,,,,
2026-06-09 19:30,80,26,54,,,,,,,validated,validated,validated,,,,,,
2026-06-09 19:45,58,23,35,,,,,,,validated,validated,validated,,,,,,
2026-06-09 20:00,55,23,32,,,,,,,validated,validated,validated,,,,,,
2026-06-09 20:15,54,25,29,,,,,,,validated,validated,validated,,,,,,
2026-06-09 20:30,41,15,26,,,,,,,validated,validated,validated,,,,,,
2026-06-09 20:45,36,14,22,,,,,,,validated,validated,validated,,,,,,
2026-06-09 21:00,35,11,24,,,,,,,validated,validated,validated,,,,,,
2026-06-09 21:15,31,13,18,,,,,,,validated,validated,validated,,,,,,
2026-06-09 21:30,29,9,20,,,,,,,validated,validated,validated,,,,,,
2026-06-09 21:45,37,9,28,,,,,,,validated,validated,validated,,,,,,
2026-06-09 22:00,34,14,20,,,,,,,validated,validated,validated,,,,,,
2026-06-09 22:15,35,12,23,,,,,,,validated,validated,validated,,,,,,
2026-06-09 22:30,33,16,17,,,,,,,validated,validated,validated,,,,,,
2026-06-09 22:45,18,3,15,,,,,,,validated,validated,validated,,,,,,
2026-06-09 23:00,14,7,7,,,,,,,validated,validated,validated,,,,,,
2026-06-09 23:15,18,9,9,,,,,,,validated,validated,validated,,,,,,
2026-06-09 23:30,7,2,5,,,,,,,validated,validated,validated,,,,,,
2026-06-09 23:45,5,1,4,,,,,,,validated,validated,validated,,,,,,
2026-06-10 00:00,6,2,4,,,,,,,validated,validated,validated,,,,,,
2026-06-10 00:15,5,0,5,,,,,,,validated,validated,validated,,,,,,
2026-06-10 00:30,5,2,3,,,,,,,validated,validated,validated,,,,,,
2026-06-10 00:45,5,3,2,,,,,,,validated,validated,validated,,,,,,
2026-06-10 01:00,3,0,3,,,,,,,validated,validated,validated,,,,,,
2026-06-10 01:15,3,0,3,,,,,,,validated,validated,validated,,,,,,
2026-06-10 01:30,1,0,1,,,,,,,validated,validated,validated,,,,,,
2026-06-10 01:45,1,0,1,,,,,,,validated,validated,validated,,,,,,
2026-06-10 02:00,1,0,1,,,,,,,validated,validated,validated,,,,,,
2026-06-10 02:15,0,0,0,,,,,,,validated,validated,validated,,,,,,
2026-06-10 02:30,1,0,1,,,,,,,validated,validated,validated,,,,,,
2026-06-10 02:45,0,0,0,,,,,,,validated,validated,validated,,,,,,
2026-06-10 03:00,0,0,0,,,,,,,validated,validated,validated,,,,,,
2026-06-10 03:15,0,0,0,,,,,,,validated,validated,validated,,,,,,
2026-06-10 03:30,0,0,0,,,,,,,validated,validated,validated,,,,,,
2026-06-10 03:45,1,1,0,,,,,,,validated,validated,validated,,,,,,
2026-06-10 04:00,1,1,0,,,,,,,validated,validated,validated,,,,,,
2026-06-10 04:15,1,0,1,,,,,,,validated,validated,validated,,,,,,
2026-06-10 04:30,1,0,1,,,,,,,validated,validated,validated,,,,,,
2026-06-10 04:45,1,0,1,,,,,,,validated,validated,validated,,,,,,
2026-06-10 05:00,2,2,0,,,,,,,validated,validated,validated,,,,,,
2026-06-10 05:15,6,2,4,,,,,,,validated,validated,validated,,,,,,
2026-06-10 05:30,10,5,5,,,,,,,validated,validated,validated,,,,,,
2026-06-10 05:45,16,10,6,,,,,,,validated,validated,validated,,,,,,
2026-06-10 06:00,15,11,4,,,,,,,validated,validated,validated,,,,,,
2026-06-10 06:15,16,11,5,,,,,,,validated,validated,validated,,,,,,
2026-06-10 06:30,44,32,12,,,,,,,validated,validated,validated,,,,,,
2026-06-10 06:45,36,29,7,,,,,,,validated,validated,validated,,,,,,
2026-06-10 07:00,63,40,23,,,,,,,validated,validated,validated,,,,,,
2026-06-10 07:15,99,81,18,,,,,,,validated,validated,validated,,,,,,
2026-06-10 07:30,198,139,59,,,,,,,validated,validated,validated,,,,,,
2026-06-10 07:45,206,137,69,,,,,,,validated,validated,validated,,,,,,
2026-06-10 08:00,122,92,30,,,,,,,validated,validated,validated,,,,,,
2026-06-10 08:15,139,99,40,,,,,,,validated,validated,validated,,,,,,
2026-06-10 08:30,94,70,24,,,,,,,validated,validated,validated,,,,,,
2026-06-10 08:45,116,84,32,,,,,,,validated,validated,validated,,,,,,
2026-06-10 09:00,113,88,25,,,,,,,validated,validated,validated,,,,,,
2026-06-10 09:15,83,56,27,,,,,,,validated,validated,validated,,,,,,
2026-06-10 09:30,98,69,29,,,,,,,validated,validated,validated,,,,,,
2026-06-10 09:45,107,78,29,,,,,,,validated,validated,validated,,,,,,
2026-06-10 10:00,79,58,21,,,,,,,validated,validated,validated,,,,,,
2026-06-10 10:15,89,49,40,,,,,,,validated,validated,validated,,,,,,
2026-06-10 10:30,67,38,29,,,,,,,validated,validated,validated,,,,,,
2026-06-10 10:45,74,38,36,,,,,,,validated,validated,validated,,,,,,
2026-06-10 11:00,63,37,26,,,,,,,validated,validated,validated,,,,,,
2026-06-10 11:15,69,47,22,,,,,,,validated,validated,validated,,,,,,
2026-06-10 11:30,88,51,37,,,,,,,validated,validated,validated,,,,,,
2026-06-10 11:45,104,61,43,,,,,,,validated,validated,validated,,,,,,
2026-06-10 12:00,86,51,35,,,,,,,validated,validated,validated,,,,,,
2026-06-10 12:15,105,56,49,,,,,,,validated,validated,validated,,,,,,
2026-06-10 12:30,98,45,53,,,,,,,validated,validated,validated,,,,,,
2026-06-10 12:45,120,75,45,,,,,,,validated,validated,validated,,,,,,
2026-06-10 13:00,130,57,73,,,,,,,validated,validated,validated,,,,,,
2026-06-10 13:15,132,56,76,,,,,,,validated,validated,validated,,,,,,
2026-06-10 13:30,76,36,40,,,,,,,validated,validated,validated,,,,,,
2026-06-10 13:45,118,48,70,,,,,,,validated,validated,validated,,,,,,
2026-06-10 14:00,103,43,60,,,,,,,validated,validated,validated,,,,,,
2026-06-10 14:15,80,38,42,,,,,,,validated,validated,validated,,,,,,
2026-06-10 14:30,85,30,55,,,,,,,validated,validated,validated,,,,,,
2026-06-10 14:45,93,44,49,,,,,,,validated,validated,validated,,,,,,
2026-06-10 15:00,78,35,43,,,,,,,validated,validated,validated,,,,,,
2026-06-10 15:15,106,40,66,,,,,,,validated,validated,validated,,,,,,
2026-06-10 15:30,128,37,91,,,,,,,validated,validated,validated,,,,,,
2026-06-10 15:45,108,45,63,,,,,,,validated,validated,validated,,,,,,
2026-06-10 16:00,102,38,64,,,,,,,validated,validated,validated,,,,,,
2026-06-10 16:15,116,42,74,,,,,,,validated,validated,validated,,,,,,
2026-06-10 16:30,100,38,62,,,,,,,validated,validated,validated,,,,,,
2026-06-10 16:45,68,17,51,,,,,,,validated,validated,validated,,,,,,
2026-06-10 17:00,62,25,37,,,,,,,validated,validated,validated,,,,,,
2026-06-10 17:15,110,47,63,,,,,,,validated,validated,validated,,,,,,
2026-06-10 17:30,116,50,66,,,,,,,validated,validated,validated,,,,,,
2026-06-10 17:45,138,48,90,,,,,,,validated,validated,validated,,,,,,
2026-06-10 18:00,98,37,61,,,,,,,validated,validated,validated,,,,,,
2026-06-10 18:15,117,49,68,,,,,,,validated,validated,validated,,,,,,
2026-06-10 18:30,87,38,49,,,,,,,validated,validated,validated,,,,,,
2026-06-10 18:45,83,37,46,,,,,,,validated,validated,validated,,,,,,
2026-06-10 19:00,68,32,36,,,,,,,validated,validated,validated,,,,,,
2026-06-10 19:15,61,27,34,,,,,,,validated,validated,validated,,,,,,
2026-06-10 19:30,86,37,49,,,,,,,validated,validated,validated,,,,,,
2026-06-10 19:45,77,34,43,,,,,,,validated,validated,validated,,,,,,
2026-06-10 20:00,63,37,26,,,,,,,validated,validated,validated,,,,,,
2026-06-10 20:15,53,30,23,,,,,,,validated,validated,validated,,,,,,
2026-06-10 20:30,34,9,25,,,,,,,validated,validated,validated,,,,,,
2026-06-10 20:45,24,5,19,,,,,,,validated,validated,validated,,,,,,
2026-06-10 21:00,39,15,24,,,,,,,validated,validated,validated,,,,,,
2026-06-10 21:15,42,11,31,,,,,,,validated,validated,validated,,,,,,
2026-06-10 21:30,36,16,20,,,,,,,validated,validated,validated,,,,,,
2026-06-10 21:45,41,13,28,,,,,,,validated,validated,validated,,,,,,
2026-06-10 22:00,36,12,24,,,,,,,validated,validated,validated,,,,,,
2026-06-10 22:15,29,8,21,,,,,,,validated,validated,validated,,,,,,
2026-06-10 22:30,29,12,17,,,,,,,validated,validated,validated,,,,,,
2026-06-10 22:45,30,14,16,,,,,,,validated,validated,validated,,,,,,
2026-06-10 23:00,28,14,14,,,,,,,validated,validated,validated,,,,,,
2026-06-10 23:15,13,10,3,,,,,,,validated,validated,validated,,,,,,
2026-06-10 23:30,14,8,6,,,,,,,validated,validated,validated,,,,,,
2026-06-10 23:45,13,4,9,,,,,,,validated,validated,validated,,,,,,
2026-06-11 00:00,8,4,4,,,,,,,validated,validated,validated,,,,,,
2026-06-11 00:15,5,4,1,,,,,,,validated,validated,validated,,,,,,
2026-06-11 00:30,12,1,11,,,,,,,validated,validated,validated,,,,,,
2026-06-11 00:45,11,8,3,,,,,,,validated,validated,validated,,,,,,
2026-06-11 01:00,8,2,6,,,,,,,validated,validated,validated,,,,,,
2026-06-11 01:15,1,1,0,,,,,,,validated,validated,validated,,,,,,
2026-06-11 01:30,5,0,5,,,,,,,validated,validated,validated,,,,,,
2026-06-11 01:45,2,2,0,,,,,,,validated,validated,validated,,,,,,
2026-06-11 02:00,3,0,3,,,,,,,validated,validated,validated,,,,,,
2026-06-11 02:15,5,0,5,,,,,,,validated,validated,validated,,,,,,
2026-06-11 02:30,3,0,3,,,,,,,validated,validated,validated,,,,,,
2026-06-11 02:45,1,0,1,,,,,,,validated,validated,validated,,,,,,
2026-06-11 03:00,5,0,5,,,,,,,validated,validated,validated,,,,,,
2026-06-11 03:15,4,2,2,,,,,,,validated,validated,validated,,,,,,
2026-06-11 03:30,1,0,1,,,,,,,validated,validated,validated,,,,,,
2026-06-11 03:45,1,1,0,,,,,,,validated,validated,validated,,,,,,
2026-06-11 04:00,3,0,3,,,,,,,validated,validated,validated,,,,,,
2026-06-11 04:15,1,0,1,,,,,,,validated,validated,validated,,,,,,
2026-06-11 04:30,3,0,3,,,,,,,validated,validated,validated,,,,,,
2026-06-11 04:45,2,0,2,,,,,,,validated,validated,validated,,,,,,
2026-06-11 05:00,3,3,0,,,,,,,validated,validated,validated,,,,,,
2026-06-11 05:15,3,1,2,,,,,,,validated,validated,validated,,,,,,
2026-06-11 05:30,17,11,6,,,,,,,validated,validated,validated,,,,,,
2026-06-11 05:45,10,4,6,,,,,,,validated,validated,validated,,,,,,
2026-06-11 06:00,14,10,4,,,,,,,validated,validated,validated,,,,,,
2026-06-11 06:15,12,10,2,,,,,,,validated,validated,validated,,,,,,
2026-06-11 06:30,35,25,10,,,,,,,validated,validated,validated,,,,,,
2026-06-11 06:45,41,28,13,,,,,,,validated,validated,validated,,,,,,
2026-06-11 07:00,56,33,23,,,,,,,validated,validated,validated,,,,,,
2026-06-11 07:15,88,66,22,,,,,,,validated,validated,validated,,,,,,
2026-06-11 07:30,171,123,48,,,,,,,validated,validated,validated,,,,,,
2026-06-11 07:45,186,123,63,,,,,,,validated,validated,validated,,,,,,
2026-06-11 08:00,129,92,37,,,,,,,validated,validated,validated,,,,,,
2026-06-11 08:15,121,84,37,,,,,,,validated,validated,validated,,,,,,
2026-06-11 08:30,109,83,26,,,,,,,validated,validated,validated,,,,,,
2026-06-11 08:45,105,77,28,,,,,,,validated,validated,validated,,,,,,
2026-06-11 09:00,66,49,17,,,,,,,validated,validated,validated,,,,,,
2026-06-11 09:15,62,34,28,,,,,,,validated,validated,validated,,,,,,
2026-06-11 09:30,67,48,19,,,,,,,validated,validated,validated,,,,,,
2026-06-11 09:45,115,89,26,,,,,,,validated,validated,validated,,,,,,
2026-06-11 10:00,97,75,22,,,,,,,validated,validated,validated,,,,,,
2026-06-11 10:15,41,23,18,,,,,,,validated,validated,validated,,,,,,
2026-06-11 10:30,65,35,30,,,,,,,validated,validated,validated,,,,,,
2026-06-11 10:45,59,32,27,,,,,,,validated,validated,validated,,,,,,
2026-06-11 11:00,76,39,37,,,,,,,validated,validated,validated,,,,,,
2026-06-11 11:15,78,38,40,,,,,,,validated,validated,validated,,,,,,
2026-06-11 11:30,79,41,38,,,,,,,validated,validated,validated,,,,,,
2026-06-11 11:45,79,45,34,,,,,,,validated,validated,validated,,,,,,
2026-06-11 12:00,76,37,39,,,,,,,validated,validated,validated,,,,,,
2026-06-11 12:15,88,31,57,,,,,,,validated,validated,validated,,,,,,
2026-06-11 12:30,104,47,57,,,,,,,validated,validated,validated,,,,,,
2026-06-11 12:45,100,60,40,,,,,,,validated,validated,validated,,,,,,
2026-06-11 13:00,120,53,67,,,,,,,validated,validated,validated,,,,,,
2026-06-11 13:15,121,50,71,,,,,,,validated,validated,validated,,,,,,
2026-06-11 13:30,95,47,48,,,,,,,validated,validated,validated,,,,,,
2026-06-11 13:45,114,56,58,,,,,,,validated,validated,validated,,,,,,
2026-06-11 14:00,107,38,69,,,,,,,validated,validated,validated,,,,,,
2026-06-11 14:15,91,36,55,,,,,,,validated,validated,validated,,,,,,
2026-06-11 14:30,105,48,57,,,,,,,validated,validated,validated,,,,,,
2026-06-11 14:45,107,44,63,,,,,,,validated,validated,validated,,,,,,
2026-06-11 15:00,64,28,36,,,,,,,validated,validated,validated,,,,,,
2026-06-11 15:15,90,28,62,,,,,,,validated,validated,validated,,,,,,
2026-06-11 15:30,119,45,74,,,,,,,validated,validated,validated,,,,,,
2026-06-11 15:45,144,62,82,,,,,,,validated,validated,validated,,,,,,
2026-06-11 16:00,135,48,87,,,,,,,validated,validated,validated,,,,,,
2026-06-11 16:15,129,54,75,,,,,,,validated,validated,validated,,,,,,
2026-06-11 16:30,119,45,74,,,,,,,validated,validated,validated,,,,,,
2026-06-11 16:45,119,44,75,,,,,,,validated,validated,validated,,,,,,
2026-06-11 17:00,121,48,73,,,,,,,validated,validated,validated,,,,,,
2026-06-11 17:15,121,54,67,,,,,,,validated,validated,validated,,,,,,
2026-06-11 17:30,138,57,81,,,,,,,validated,validated,validated,,,,,,
2026-06-11 17:45,123,61,62,,,,,,,validated,validated,validated,,,,,,
2026-06-11 18:00,105,39,66,,,,,,,validated,validated,validated,,,,,,
2026-06-11 18:15,114,51,63,,,,,,,validated,validated,validated,,,,,,
2026-06-11 18:30,72,21,51,,,,,,,validated,validated,validated,,,,,,
2026-06-11 18:45,90,48,42,,,,,,,validated,validated,validated,,,,,,
2026-06-11 19:00,87,42,45,,,,,,,validated,validated,validated,,,,,,
2026-06-11 19:15,68,32,36,,,,,,,validated,validated,validated,,,,,,
2026-06-11 19:30,70,26,44,,,,,,,validated,validated,validated,,,,,,
2026-06-11 19:45,36,13,23,,,,,,,validated,validated,validated,,,,,,
2026-06-11 20:00,57,24,33,,,,,,,validated,validated,validated,,,,,,
2026-06-11 20:15,50,21,29,,,,,,,validated,validated,validated,,,,,,
2026-06-11 20:30,37,9,28,,,,,,,validated,validated,validated,,,,,,
2026-06-11 20:45,46,17,29,,,,,,,validated,validated,validated,,,,,,
2026-06-11 21:00,25,12,13,,,,,,,validated,validated,validated,,,,,,
2026-06-11 21:15,33,11,22,,,,,,,validated,validated,validated,,,,,,
2026-06-11 21:30,32,7,25,,,,,,,validated,validated,validated,,,,,,
2026-06-11 21:45,25,9,16,,,,,,,validated,validated,validated,,,,,,
2026-06-11 22:00,41,18,23,,,,,,,validated,validated,validated,,,,,,
2026-06-11 22:15,31,8,23,,,,,,,validated,validated,validated,,,,,,
2026-06-11 22:30,28,9,19,,,,,,,validated,validated,validated,,,,,,
2026-06-11 22:45,24,11,13,,,,,,,validated,validated,validated,,,,,,
2026-06-11 23:00,29,9,20,,,,,,,validated,validated,validated,,,,,,
2026-06-11 23:15,16,6,10,,,,,,,validated,validated,validated,,,,,,
2026-06-11 23:30,8,1,7,,,,,,,validated,validated,validated,,,,,,
2026-06-11 23:45,11,3,8,,,,,,,validated,validated,validated,,,,,,
2026-06-12 00:00,6,3,3,,,,,,,validated,validated,validated,,,,,,
2026-06-12 00:15,3,2,1,,,,,,,validated,validated,validated,,,,,,
2026-06-12 00:30,9,5,4,,,,,,,validated,validated,validated,,,,,,
2026-06-12 00:45,3,0,3,,,,,,,validated,validated,validated,,,,,,
2026-06-12 01:00,6,4,2,,,,,,,validated,validated,validated,,,,,,
2026-06-12 01:15,7,1,6,,,,,,,validated,validated,validated,,,,,,
2026-06-12 01:30,0,0,0,,,,,,,validated,validated,validated,,,,,,
2026-06-12 01:45,1,0,1,,,,,,,validated,validated,validated,,,,,,
2026-06-12 02:00,0,0,0,,,,,,,validated,validated,validated,,,,,,
2026-06-12 02:15,0,0,0,,,,,,,validated,validated,validated,,,,,,
2026-06-12 02:30,2,0,2,,,,,,,validated,validated,validated,,,,,,
2026-06-12 02:45,0,0,0,,,,,,,validated,validated,validated,,,,,,
2026-06-12 03:00,0,0,0,,,,,,,validated,validated,validated,,,,,,
2026-06-12 03:15,0,0,0,,,,,,,validated,validated,validated,,,,,,
2026-06-12 03:30,0,0,0,,,,,,,validated,validated,validated,,,,,,
2026-06-12 03:45,1,1,0,,,,,,,validated,validated,validated,,,,,,
2026-06-12 04:00,1,1,0,,,,,,,validated,validated,validated,,,,,,
2026-06-12 04:15,0,0,0,,,,,,,validated,validated,validated,,,,,,
2026-06-12 04:30,0,0,0,,,,,,,validated,validated,validated,,,,,,
2026-06-12 04:45,1,0,1,,,,,,,validated,validated,validated,,,,,,
2026-06-12 05:00,4,1,3,,,,,,,validated,validated,validated,,,,,,
2026-06-12 05:15,3,1,2,,,,,,,validated,validated,validated,,,,,,
2026-06-12 05:30,12,5,7,,,,,,,validated,validated,validated,,,,,,
2026-06-12 05:45,5,4,1,,,,,,,validated,validated,validated,,,,,,
2026-06-12 06:00,7,4,3,,,,,,,validated,validated,validated,,,,,,
2026-06-12 06:15,10,7,3,,,,,,,validated,validated,validated,,,,,,
2026-06-12 06:30,21,16,5,,,,,,,validated,validated,validated,,,,,,
2026-06-12 06:45,21,15,6,,,,,,,validated,validated,validated,,,,,,
2026-06-12 07:00,31,19,12,,,,,,,validated,validated,validated,,,,,,
2026-06-12 07:15,63,51,12,,,,,,,validated,validated,validated,,,,,,
2026-06-12 07:30,149,108,41,,,,,,,validated,validated,validated,,,,,,
2026-06-12 07:45,140,96,44,,,,,,,validated,validated,validated,,,,,,
2026-06-12 08:00,71,55,16,,,,,,,validated,validated,validated,,,,,,
2026-06-12 08:15,82,59,23,,,,,,,validated,validated,validated,,,,,,
2026-06-12 08:30,96,58,38,,,,,,,validated,validated,validated,,,,,,
2026-06-12 08:45,76,46,30,,,,,,,validated,validated,validated,,,,,,
2026-06-12 09:00,45,29,16,,,,,,,validated,validated,validated,,,,,,
2026-06-12 09:15,64,44,20,,,,,,,validated,validated,validated,,,,,,
2026-06-12 09:30,46,25,21,,,,,,,validated,validated,validated,,,,,,
2026-06-12 09:45,62,44,18,,,,,,,validated,validated,validated,,,,,,
2026-06-12 10:00,43,34,9,,,,,,,validated,validated,validated,,,,,,
2026-06-12 10:15,53,33,20,,,,,,,validated,validated,validated,,,,,,
2026-06-12 10:30,51,30,21,,,,,,,validated,validated,validated,,,,,,
2026-06-12 10:45,46,29,17,,,,,,,validated,validated,validated,,,,,,
2026-06-12 11:00,59,30,29,,,,,,,validated,validated,validated,,,,,,
2026-06-12 11:15,70,36,34,,,,,,,validated,validated,validated,,,,,,
2026-06-12 11:30,65,32,33,,,,,,,validated,validated,validated,,,,,,
2026-06-12 11:45,53,28,25,,,,,,,validated,validated,validated,,,,,,
2026-06-12 12:00,53,24,29,,,,,,,validated,validated,validated,,,,,,
2026-06-12 12:15,58,26,32,,,,,,,validated,validated,validated,,,,,,
2026-06-12 12:30,71,37,34,,,,,,,validated,validated,validated,,,,,,
2026-06-12 12:45,121,59,62,,,,,,,validated,validated,validated,,,,,,
2026-06-12 13:00,112,44,68,,,,,,,validated,validated,validated,,,,,,
2026-06-12 13:15,91,33,58,,,,,,,validated,validated,validated,,,,,,
2026-06-12 13:30,89,37,52,,,,,,,validated,validated,validated,,,,,,
2026-06-12 13:45,94,48,46,,,,,,,validated,validated,validated,,,,,,
2026-06-12 14:00,93,41,52,,,,,,,validated,validated,validated,,,,,,
2026-06-12 14:15,88,35,53,,,,,,,validated,validated,validated,,,,,,
2026-06-12 14:30,72,35,37,,,,,,,validated,validated,validated,,,,,,
2026-06-12 14:45,91,46,45,,,,,,,validated,validated,validated,,,,,,
2026-06-12 15:00,89,42,47,,,,,,,validated,validated,validated,,,,,,
2026-06-12 15:15,91,32,59,,,,,,,validated,validated,validated,,,,,,
2026-06-12 15:30,103,44,59,,,,,,,validated,validated,validated,,,,,,
2026-06-12 15:45,88,42,46,,,,,,,validated,validated,validated,,,,,,
2026-06-12 16:00,94,37,57,,,,,,,validated,validated,validated,,,,,,
2026-06-12 16:15,91,41,50,,,,,,,validated,validated,validated,,,,,,
2026-06-12 16:30,94,38,56,,,,,,,validated,validated,validated,,,,,,
2026-06-12 16:45,117,58,59,,,,,,,validated,validated,validated,,,,,,
2026-06-12 17:00,83,35,48,,,,,,,validated,validated,validated,,,,,,
2026-06-12 17:15,106,54,52,,,,,,,validated,validated,validated,,,,,,
2026-06-12 17:30,91,45,46,,,,,,,validated,validated,validated,,,,,,
2026-06-12 17:45,106,62,44,,,,,,,validated,validated,validated,,,,,,
2026-06-12 18:00,101,46,55,,,,,,,validated,validated,validated,,,,,,
2026-06-12 18:15,93,43,50,,,,,,,validated,validated,validated,,,,,,
2026-06-12 18:30,62,30,32,,,,,,,validated,validated,validated,,,,,,
2026-06-12 18:45,85,43,42,,,,,,,validated,validated,validated,,,,,,
2026-06-12 19:00,78,33,45,,,,,,,validated,validated,validated,,,,,,
2026-06-12 19:15,73,31,42,,,,,,,validated,validated,validated,,,,,,
2026-06-12 19:30,73,37,36,,,,,,,validated,validated,validated,,,,,,
2026-06-12 19:45,67,38,29,,,,,,,validated,validated,validated,,,,,,
2026-06-12 20:00,53,18,35,,,,,,,validated,validated,validated,,,,,,
2026-06-12 20:15,41,14,27,,,,,,,validated,validated,validated,,,,,,
2026-06-12 20:30,39,27,12,,,,,,,validated,validated,validated,,,,,,
2026-06-12 20:45,36,21,15,,,,,,,validated,validated,validated,,,,,,
2026-06-12 21:00,37,14,23,,,,,,,validated,validated,validated,,,,,,
2026-06-12 21:15,40,15,25,,,,,,,validated,validated,validated,,,,,,
2026-06-12 21:30,37,13,24,,,,,,,validated,validated,validated,,,,,,
2026-06-12 21:45,43,18,25,,,,,,,validated,validated,validated,,,,,,
2026-06-12 22:00,42,16,26,,,,,,,validated,validated,validated,,,,,,
2026-06-12 22:15,51,17,34,,,,,,,validated,validated,validated,,,,,,
2026-06-12 22:30,37,12,25,,,,,,,validated,validated,validated,,,,,,
2026-06-12 22:45,39,15,24,,,,,,,validated,validated,validated,,,,,,
2026-06-12 23:00,18,10,8,,,,,,,validated,validated,validated,,,,,,
2026-06-12 23:15,29,3,26,,,,,,,validated,validated,validated,,,,,,
2026-06-12 23:30,28,6,22,,,,,,,validated,validated,validated,,,,,,
2026-06-12 23:45,19,11,8,,,,,,,validated,validated,validated,,,,,,
2026-06-13 00:00,32,11,21,,,,,,,validated,validated,validated,,,,,,
2026-06-13 00:15,20,7,13,,,,,,,validated,validated,validated,,,,,,
2026-06-13 00:30,19,10,9,,,,,,,validated,validated,validated,,,,,,
2026-06-13 00:45,18,3,15,,,,,,,validated,validated,validated,,,,,,
2026-06-13 01:00,13,2,11,,,,,,,validated,validated,validated,,,,,,
2026-06-13 01:15,10,3,7,,,,,,,validated,validated,validated,,,,,,
2026-06-13 01:30,8,2,6,,,,,,,validated,validated,validated,,,,,,
2026-06-13 01:45,14,4,10,,,,,,,validated,validated,validated,,,,,,
2026-06-13 02:00,8,6,2,,,,,,,validated,validated,validated,,,,,,
2026-06-13 02:15,10,1,9,,,,,,,validated,validated,validated,,,,,,
2026-06-13 02:30,7,4,3,,,,,,,validated,validated,validated,,,,,,
2026-06-13 02:45,13,7,6,,,,,,,validated,validated,validated,,,,,,
2026-06-13 03:00,4,1,3,,,,,,,validated,validated,validated,,,,,,
2026-06-13 03:15,3,1,2,,,,,,,validated,validated,validated,,,,,,
2026-06-13 03:30,5,3,2,,,,,,,validated,validated,validated,,,,,,
2026-06-13 03:45,2,0,2,,,,,,,validated,validated,validated,,,,,,
2026-06-13 04:00,8,4,4,,,,,,,validated,validated,validated,,,,,,
2026-06-13 04:15,0,0,0,,,,,,,validated,validated,validated,,,,,,
2026-06-13 04:30,3,1,2,,,,,,,validated,validated,validated,,,,,,
2026-06-13 04:45,1,0,1,,,,,,,validated,validated,validated,,,,,,
2026-06-13 05:00,3,2,1,,,,,,,validated,validated,validated,,,,,,
2026-06-13 05:15,5,3,2,,,,,,,validated,validated,validated,,,,,,
2026-06-13 05:30,4,3,1,,,,,,,validated,validated,validated,,,,,,
2026-06-13 05:45,7,3,4,,,,,,,validated,validated,validated,,,,,,
2026-06-13 06:00,1,0,1,,,,,,,validated,validated,validated,,,,,,
2026-06-13 06:15,3,3,0,,,,,,,validated,validated,validated,,,,,,
2026-06-13 06:30,6,4,2,,,,,,,validated,validated,validated,,,,,,
2026-06-13 06:45,11,10,1,,,,,,,validated,validated,validated,,,,,,
2026-06-13 07:00,11,10,1,,,,,,,validated,validated,validated,,,,,,
2026-06-13 07:15,15,9,6,,,,,,,validated,validated,validated,,,,,,
2026-06-13 07:30,15,9,6,,,,,,,validated,validated,validated,,,,,,
2026-06-13 07:45,30,21,9,,,,,,,validated,validated,validated,,,,,,
2026-06-13 08:00,24,12,12,,,,,,,validated,validated,validated,,,,,,
2026-06-13 08:15,29,21,8,,,,,,,validated,validated,validated,,,,,,
2026-06-13 08:30,29,12,17,,,,,,,validated,validated,validated,,,,,,
2026-06-13 08:45,62,31,31,,,,,,,validated,validated,validated,,,,,,
2026-06-13 09:00,37,23,14,,,,,,,validated,validated,validated,,,,,,
2026-06-13 09:15,52,33,19,,,,,,,validated,validated,validated,,,,,,
2026-06-13 09:30,52,31,21,,,,,,,validated,validated,validated,,,,,,
2026-06-13 09:45,84,50,34,,,,,,,validated,validated,validated,,,,,,
2026-06-13 10:00,74,45,29,,,,,,,validated,validated,validated,,,,,,
2026-06-13 10:15,74,29,45,,,,,,,validated,validated,validated,,,,,,
2026-06-13 10:30,71,46,25,,,,,,,validated,validated,validated,,,,,,
2026-06-13 10:45,121,67,54,,,,,,,validated,validated,validated,,,,,,
2026-06-13 11:00,96,42,54,,,,,,,validated,validated,validated,,,,,,
2026-06-13 11:15,82,40,42,,,,,,,validated,validated,validated,,,,,,
2026-06-13 11:30,102,50,52,,,,,,,validated,validated,validated,,,,,,
2026-06-13 11:45,116,54,62,,,,,,,validated,validated,validated,,,,,,
2026-06-13 12:00,93,44,49,,,,,,,validated,validated,validated,,,,,,
2026-06-13 12:15,86,31,55,,,,,,,validated,validated,validated,,,,,,
2026-06-13 12:30,104,48,56,,,,,,,validated,validated,validated,,,,,,
2026-06-13 12:45,102,58,44,,,,,,,validated,validated,validated,,,,,,
2026-06-13 13:00,106,58,48,,,,,,,validated,validated,validated,,,,,,
2026-06-13 13:15,113,61,52,,,,,,,validated,validated,validated,,,,,,
2026-06-13 13:30,121,64,57,,,,,,,validated,validated,validated,,,,,,
2026-06-13 13:45,110,51,59,,,,,,,validated,validated,validated,,,,,,
2026-06-13 14:00,114,51,63,,,,,,,validated,validated,validated,,,,,,
2026-06-13 14:15,96,46,50,,,,,,,validated,validated,validated,,,,,,
2026-06-13 14:30,99,43,56,,,,,,,validated,validated,validated,,,,,,
2026-06-13 14:45,133,55,78,,,,,,,validated,validated,validated,,,,,,
2026-06-13 15:00,132,61,71,,,,,,,validated,validated,validated,,,,,,
2026-06-13 15:15,96,47,49,,,,,,,validated,validated,validated,,,,,,
2026-06-13 15:30,100,51,49,,,,,,,validated,validated,validated,,,,,,
2026-06-13 15:45,100,44,56,,,,,,,validated,validated,validated,,,,,,
2026-06-13 16:00,85,42,43,,,,,,,validated,validated,validated,,,,,,
2026-06-13 16:15,84,40,44,,,,,,,validated,validated,validated,,,,,,
2026-06-13 16:30,97,52,45,,,,,,,validated,validated,validated,,,,,,
2026-06-13 16:45,75,42,33,,,,,,,validated,validated,validated,,,,,,
2026-06-13 17:00,81,47,34,,,,,,,validated,validated,validated,,,,,,
2026-06-13 17:15,85,51,34,,,,,,,validated,validated,validated,,,,,,
2026-06-13 17:30,66,38,28,,,,,,,validated,validated,validated,,,,,,
2026-06-13 17:45,94,58,36,,,,,,,validated,validated,validated,,,,,,
2026-06-13 18:00,71,42,29,,,,,,,validated,validated,validated,,,,,,
2026-06-13 18:15,65,39,26,,,,,,,validated,validated,validated,,,,,,
2026-06-13 18:30,83,44,39,,,,,,,validated,validated,validated,,,,,,
2026-06-13 18:45,62,41,21,,,,,,,validated,validated,validated,,,,,,
2026-06-13 19:00,56,31,25,,,,,,,validated,validated,validated,,,,,,
2026-06-13 19:15,68,42,26,,,,,,,validated,validated,validated,,,,,,
2026-06-13 19:30,51,33,18,,,,,,,validated,validated,validated,,,,,,
2026-06-13 19:45,45,22,23,,,,,,,validated,validated,validated,,,,,,
2026-06-13 20:00,52,32,20,,,,,,,validated,validated,validated,,,,,,
2026-06-13 20:15,45,19,26,,,,,,,validated,validated,validated,,,,,,
2026-06-13 20:30,39,25,14,,,,,,,validated,validated,validated,,,,,,
2026-06-13 20:45,22,8,14,,,,,,,validated,validated,validated,,,,,,
2026-06-13 21:00,42,22,20,,,,,,,validated,validated,validated,,,,,,
2026-06-13 21:15,35,13,22,,,,,,,validated,validated,validated,,,,,,
2026-06-13 21:30,32,15,17,,,,,,,validated,validated,validated,,,,,,
2026-06-13 21:45,41,19,22,,,,,,,validated,validated,validated,,,,,,
2026-06-13 22:00,20,13,7,,,,,,,validated,validated,validated,,,,,,
2026-06-13 22:15,27,14,13,,,,,,,validated,validated,validated,,,,,,
2026-06-13 22:30,37,19,18,,,,,,,validated,validated,validated,,,,,,
2026-06-13 22:45,29,15,14,,,,,,,validated,validated,validated,,,,,,
2026-06-13 23:00,28,15,13,,,,,,,validated,validated,validated,,,,,,
2026-06-13 23:15,25,13,12,,,,,,,validated,validated,validated,,,,,,
2026-06-13 23:30,15,3,12,,,,,,,validated,validated,validated,,,,,,
2026-06-13 23:45,16,7,9,,,,,,,validated,validated,validated,,,,,,
2026-06-14 00:00,20,7,13,,,,,,,validated,validated,validated,,,,,,
2026-06-14 00:15,18,10,8,,,,,,,validated,validated,validated,,,,,,
2026-06-14 00:30,10,3,7,,,,,,,validated,validated,validated,,,,,,
2026-06-14 00:45,12,3,9,,,,,,,validated,validated,validated,,,,,,
2026-06-14 01:00,18,8,10,,,,,,,validated,validated,validated,,,,,,
2026-06-14 01:15,15,3,12,,,,,,,validated,validated,validated,,,,,,
2026-06-14 01:30,15,3,12,,,,,,,validated,validated,validated,,,,,,
2026-06-14 01:45,9,3,6,,,,,,,validated,validated,validated,,,,,,
2026-06-14 02:00,8,4,4,,,,,,,validated,validated,validated,,,,,,
2026-06-14 02:15,14,4,10,,,,,,,validated,validated,validated,,,,,,
2026-06-14 02:30,5,4,1,,,,,,,validated,validated,validated,,,,,,
2026-06-14 02:45,8,3,5,,,,,,,validated,validated,validated,,,,,,
2026-06-14 03:00,4,2,2,,,,,,,validated,validated,validated,,,,,,
2026-06-14 03:15,6,3,3,,,,,,,validated,validated,validated,,,,,,
2026-06-14 03:30,3,0,3,,,,,,,validated,validated,validated,,,,,,
2026-06-14 03:45,3,1,2,,,,,,,validated,validated,validated,,,,,,
2026-06-14 04:00,7,4,3,,,,,,,validated,validated,validated,,,,,,
2026-06-14 04:15,5,0,5,,,,,,,validated,validated,validated,,,,,,
2026-06-14 04:30,2,1,1,,,,,,,validated,validated,validated,,,,,,
2026-06-14 04:45,0,0,0,,,,,,,validated,validated,validated,,,,,,
2026-06-14 05:00,2,2,0,,,,,,,validated,validated,validated,,,,,,
2026-06-14 05:15,3,3,0,,,,,,,validated,validated,validated,,,,,,
2026-06-14 05:30,2,2,0,,,,,,,validated,validated,validated,,,,,,
2026-06-14 05:45,4,2,2,,,,,,,validated,validated,validated,,,,,,
2026-06-14 06:00,2,1,1,,,,,,,validated,validated,validated,,,,,,
2026-06-14 06:15,2,1,1,,,,,,,validated,validated,validated,,,,,,
2026-06-14 06:30,7,3,4,,,,,,,validated,validated,validated,,,,,,
2026-06-14 06:45,6,4,2,,,,,,,validated,validated,validated,,,,,,
2026-06-14 07:00,2,1,1,,,,,,,validated,validated,validated,,,,,,
2026-06-14 07:15,6,3,3,,,,,,,validated,validated,validated,,,,,,
2026-06-14 07:30,7,4,3,,,,,,,validated,validated,validated,,,,,,
2026-06-14 07:45,3,2,1,,,,,,,validated,validated,validated,,,,,,
2026-06-14 08:00,7,3,4,,,,,,,validated,validated,validated,,,,,,
2026-06-14 08:15,3,3,0,,,,,,,validated,validated,validated,,,,,,
2026-06-14 08:30,12,7,5,,,,,,,validated,validated,validated,,,,,,
2026-06-14 08:45,20,6,14,,,,,,,validated,validated,validated,,,,,,
2026-06-14 09:00,16,8,8,,,,,,,validated,validated,validated,,,,,,
2026-06-14 09:15,19,5,14,,,,,,,validated,validated,validated,,,,,,
2026-06-14 09:30,18,7,11,,,,,,,validated,validated,validated,,,,,,
2026-06-14 09:45,29,12,17,,,,,,,validated,validated,validated,,,,,,
2026-06-14 10:00,28,18,10,,,,,,,validated,validated,validated,,,,,,
2026-06-14 10:15,39,28,11,,,,,,,validated,validated,validated,,,,,,
2026-06-14 10:30,28,11,17,,,,,,,validated,validated,validated,,,,,,
2026-06-14 10:45,41,22,19,,,,,,,validated,validated,validated,,,,,,
2026-06-14 11:00,39,25,14,,,,,,,validated,validated,validated,,,,,,
2026-06-14 11:15,30,16,14,,,,,,,validated,validated,validated,,,,,,
2026-06-14 11:30,43,29,14,,,,,,,validated,validated,validated,,,,,,
2026-06-14 11:45,38,23,15,,,,,,,validated,validated,validated,,,,,,
2026-06-14 12:00,47,21,26,,,,,,,validated,validated,validated,,,,,,
2026-06-14 12:15,45,23,22,,,,,,,validated,validated,validated,,,,,,
2026-06-14 12:30,45,16,29,,,,,,,validated,validated,validated,,,,,,
2026-06-14 12:45,39,27,12,,,,,,,validated,validated,validated,,,,,,
2026-06-14 13:00,44,23,21,,,,,,,validated,validated,validated,,,,,,
2026-06-14 13:15,56,37,19,,,,,,,validated,validated,validated,,,,,,
2026-06-14 13:30,39,22,17,,,,,,,validated,validated,validated,,,,,,
2026-06-14 13:45,68,34,34,,,,,,,validated,validated,validated,,,,,,
2026-06-14 14:00,72,30,42,,,,,,,validated,validated,validated,,,,,,
2026-06-14 14:15,56,32,24,,,,,,,validated,validated,validated,,,,,,
2026-06-14 14:30,56,29,27,,,,,,,validated,validated,validated,,,,,,
2026-06-14 14:45,71,38,33,,,,,,,validated,validated,validated,,,,,,
2026-06-14 15:00,57,31,26,,,,,,,validated,validated,validated,,,,,,
2026-06-14 15:15,47,22,25,,,,,,,validated,validated,validated,,,,,,
2026-06-14 15:30,44,21,23,,,,,,,validated,validated,validated,,,,,,
2026-06-14 15:45,52,24,28,,,,,,,validated,validated,validated,,,,,,
2026-06-14 16:00,53,26,27,,,,,,,validated,validated,validated,,,,,,
2026-06-14 16:15,49,20,29,,,,,,,validated,validated,validated,,,,,,
2026-06-14 16:30,60,28,32,,,,,,,validated,validated,validated,,,,,,
2026-06-14 16:45,43,22,21,,,,,,,validated,validated,validated,,,,,,
2026-06-14 17:00,59,29,30,,,,,,,validated,validated,validated,,,,,,
2026-06-14 17:15,76,50,26,,,,,,,validated,validated,validated,,,,,,
2026-06-14 17:30,83,53,30,,,,,,,validated,validated,validated,,,,,,
2026-06-14 17:45,102,67,35,,,,,,,validated,validated,validated,,,,,,
2026-06-14 18:00,57,30,27,,,,,,,validated,validated,validated,,,,,,
2026-06-14 18:15,85,50,35,,,,,,,validated,validated,validated,,,,,,
2026-06-14 18:30,87,56,31,,,,,,,validated,validated,validated,,,,,,
2026-06-14 18:45,56,29,27,,,,,,,validated,validated,validated,,,,,,
2026-06-14 19:00,44,21,23,,,,,,,validated,validated,validated,,,,,,
2026-06-14 19:15,30,17,13,,,,,,,validated,validated,validated,,,,,,
2026-06-14 19:30,29,12,17,,,,,,,validated,validated,validated,,,,,,
2026-06-14 19:45,27,9,18,,,,,,,validated,validated,validated,,,,,,
2026-06-14 20:00,34,11,23,,,,,,,validated,validated,validated,,,,,,
2026-06-14 20:15,25,13,12,,,,,,,validated,validated,validated,,,,,,
2026-06-14 20:30,17,8,9,,,,,,,validated,validated,validated,,,,,,
2026-06-14 20:45,10,5,5,,,,,,,validated,validated,validated,,,,,,
2026-06-14 21:00,62,13,49,,,,,,,validated,validated,validated,,,,,,
2026-06-14 21:15,90,39,51,,,,,,,validated,validated,validated,,,,,,
2026-06-14 21:30,64,28,36,,,,,,,validated,validated,validated,,,,,,
2026-06-14 21:45,52,15,37,,,,,,,validated,validated,validated,,,,,,
2026-06-14 22:00,42,11,31,,,,,,,validated,validated,validated,,,,,,
2026-06-14 22:15,22,10,12,,,,,,,validated,validated,validated,,,,,,
2026-06-14 22:30,21,9,12,,,,,,,validated,validated,validated,,,,,,
2026-06-14 22:45,12,5,7,,,,,,,validated,validated,validated,,,,,,
2026-06-14 23:00,18,5,13,,,,,,,validated,validated,validated,,,,,,
2026-06-14 23:15,12,1,11,,,,,,,validated,validated,validated,,,,,,
2026-06-14 23:30,7,1,6,,,,,,,validated,validated,validated,,,,,,
2026-06-14 23:45,5,3,2,,,,,,,validated,validated,validated,,,,,,
2026-06-15 00:00,7,4,3,,,,,,,validated,validated,validated,,,,,,
2026-06-15 00:15,3,0,3,,,,,,,validated,validated,validated,,,,,,
2026-06-15 00:30,8,3,5,,,,,,,validated,validated,validated,,,,,,
2026-06-15 00:45,4,1,3,,,,,,,validated,validated,validated,,,,,,
2026-06-15 01:00,4,1,3,,,,,,,validated,validated,validated,,,,,,
2026-06-15 01:15,3,3,0,,,,,,,validated,validated,validated,,,,,,
2026-06-15 01:30,2,1,1,,,,,,,validated,validated,validated,,,,,,
2026-06-15 01:45,0,0,0,,,,,,,validated,validated,validated,,,,,,
2026-06-15 02:00,0,0,0,,,,,,,validated,validated,validated,,,,,,
2026-06-15 02:15,0,0,0,,,,,,,validated,validated,validated,,,,,,
2026-06-15 02:30,1,1,0,,,,,,,validated,validated,validated,,,,,,
2026-06-15 02:45,0,0,0,,,,,,,validated,validated,validated,,,,,,
2026-06-15 03:00,1,1,0,,,,,,,validated,validated,validated,,,,,,
2026-06-15 03:15,1,0,1,,,,,,,validated,validated,validated,,,,,,
2026-06-15 03:30,0,0,0,,,,,,,validated,validated,validated,,,,,,
2026-06-15 03:45,1,1,0,,,,,,,validated,validated,validated,,,,,,
2026-06-15 04:00,0,0,0,,,,,,,validated,validated,validated,,,,,,
2026-06-15 04:15,0,0,0,,,,,,,validated,validated,validated,,,,,,
2026-06-15 04:30,1,0,1,,,,,,,validated,validated,validated,,,,,,
2026-06-15 04:45,1,0,1,,,,,,,validated,validated,validated,,,,,,
2026-06-15 05:00,5,2,3,,,,,,,validated,validated,validated,,,,,,
2026-06-15 05:15,4,1,3,,,,,,,validated,validated,validated,,,,,,
2026-06-15 05:30,8,5,3,,,,,,,validated,validated,validated,,,,,,
2026-06-15 05:45,11,6,5,,,,,,,validated,validated,validated,,,,,,
2026-06-15 06:00,12,8,4,,,,,,,validated,validated,validated,,,,,,
2026-06-15 06:15,18,13,5,,,,,,,validated,validated,validated,,,,,,
2026-06-15 06:30,33,27,6,,,,,,,validated,validated,validated,,,,,,
2026-06-15 06:45,43,28,15,,,,,,,validated,validated,validated,,,,,,
2026-06-15 07:00,53,36,17,,,,,,,validated,validated,validated,,,,,,
2026-06-15 07:15,87,61,26,,,,,,,validated,validated,validated,,,,,,
2026-06-15 07:30,162,119,43,,,,,,,validated,validated,validated,,,,,,
2026-06-15 07:45,176,130,46,,,,,,,validated,validated,validated,,,,,,
2026-06-15 08:00,117,90,27,,,,,,,validated,validated,validated,,,,,,
2026-06-15 08:15,117,86,31,,,,,,,validated,validated,validated,,,,,,
2026-06-15 08:30,105,73,32,,,,,,,validated,validated,validated,,,,,,
2026-06-15 08:45,90,57,33,,,,,,,validated,validated,validated,,,,,,
2026-06-15 09:00,66,44,22,,,,,,,validated,validated,validated,,,,,,
2026-06-15 09:15,62,44,18,,,,,,,validated,validated,validated,,,,,,
2026-06-15 09:30,95,62,33,,,,,,,validated,validated,validated,,,,,,
2026-06-15 09:45,95,67,28,,,,,,,validated,validated,validated,,,,,,
2026-06-15 10:00,72,56,16,,,,,,,validated,validated,validated,,,,,,
2026-06-15 10:15,44,25,19,,,,,,,validated,validated,validated,,,,,,
2026-06-15 10:30,49,29,20,,,,,,,validated,validated,validated,,,,,,
2026-06-15 10:45,50,25,25,,,,,,,validated,validated,validated,,,,,,
2026-06-15 11:00,43,24,19,,,,,,,validated,validated,validated,,,,,,
2026-06-15 11:15,61,32,29,,,,,,,validated,validated,validated,,,,,,
2026-06-15 11:30,66,42,24,,,,,,,validated,validated,validated,,,,,,
2026-06-15 11:45,70,45,25,,,,,,,validated,validated,validated,,,,,,
2026-06-15 12:00,83,51,32,,,,,,,validated,validated,validated,,,,,,
2026-06-15 12:15,50,30,20,,,,,,,validated,validated,validated,,,,,,
2026-06-15 12:30,57,27,30,,,,,,,validated,validated,validated,,,,,,
2026-06-15 12:45,71,24,47,,,,,,,validated,validated,validated,,,,,,
2026-06-15 13:00,92,42,50,,,,,,,validated,validated,validated,,,,,,
2026-06-15 13:15,89,48,41,,,,,,,validated,validated,validated,,,,,,
2026-06-15 13:30,93,38,55,,,,,,,validated,validated,validated,,,,,,
2026-06-15 13:45,97,56,41,,,,,,,validated,validated,validated,,,,,,
2026-06-15 14:00,98,36,62,,,,,,,validated,validated,validated,,,,,,
2026-06-15 14:15,78,39,39,,,,,,,validated,validated,validated,,,,,,
2026-06-15 14:30,70,34,36,,,,,,,validated,validated,validated,,,,,,
2026-06-15 14:45,80,42,38,,,,,,,validated,validated,validated,,,,,,
2026-06-15 15:00,78,41,37,,,,,,,validated,validated,validated,,,,,,
2026-06-15 15:15,94,40,54,,,,,,,validated,validated,validated,,,,,,
2026-06-15 15:30,124,45,79,,,,,,,validated,validated,validated,,,,,,
2026-06-15 15:45,121,54,67,,,,,,,validated,validated,validated,,,,,,
2026-06-15 16:00,127,43,84,,,,,,,validated,validated,validated,,,,,,
2026-06-15 16:15,119,46,73,,,,,,,validated,validated,validated,,,,,,
2026-06-15 16:30,112,53,59,,,,,,,validated,validated,validated,,,,,,
2026-06-15 16:45,96,41,55,,,,,,,validated,validated,validated,,,,,,
2026-06-15 17:00,132,54,78,,,,,,,validated,validated,validated,,,,,,
2026-06-15 17:15,120,41,79,,,,,,,validated,validated,validated,,,,,,
2026-06-15 17:30,118,52,66,,,,,,,validated,validated,validated,,,,,,
2026-06-15 17:45,145,62,83,,,,,,,validated,validated,validated,,,,,,
2026-06-15 18:00,138,42,96,,,,,,,validated,validated,validated,,,,,,
2026-06-15 18:15,136,56,80,,,,,,,validated,validated,validated,,,,,,
2026-06-15 18:30,82,33,49,,,,,,,validated,validated,validated,,,,,,
2026-06-15 18:45,107,49,58,,,,,,,validated,validated,validated,,,,,,
2026-06-15 19:00,68,39,29,,,,,,,validated,validated,validated,,,,,,
2026-06-15 19:15,79,34,45,,,,,,,validated,validated,validated,,,,,,
2026-06-15 19:30,73,26,47,,,,,,,validated,validated,validated,,,,,,
2026-06-15 19:45,50,22,28,,,,,,,validated,validated,validated,,,,,,
2026-06-15 20:00,59,24,35,,,,,,,validated,validated,validated,,,,,,
2026-06-15 20:15,55,25,30,,,,,,,validated,validated,validated,,,,,,
2026-06-15 20:30,36,16,20,,,,,,,validated,validated,validated,,,,,,
2026-06-15 20:45,48,13,35,,,,,,,validated,validated,validated,,,,,,
2026-06-15 21:00,31,15,16,,,,,,,validated,validated,validated,,,,,,
2026-06-15 21:15,38,9,29,,,,,,,validated,validated,validated,,,,,,
2026-06-15 21:30,50,21,29,,,,,,,validated,validated,validated,,,,,,
2026-06-15 21:45,43,8,35,,,,,,,validated,validated,validated,,,,,,
2026-06-15 22:00,31,7,24,,,,,,,validated,validated,validated,,,,,,
2026-06-15 22:15,21,3,18,,,,,,,validated,validated,validated,,,,,,
2026-06-15 22:30,26,9,17,,,,,,,validated,validated,validated,,,,,,
2026-06-15 22:45,20,10,10,,,,,,,validated,validated,validated,,,,,,
2026-06-15 23:00,19,4,15,,,,,,,validated,validated,validated,,,,,,
2026-06-15 23:15,15,5,10,,,,,,,validated,validated,validated,,,,,,
2026-06-15 23:30,19,9,10,,,,,,,validated,validated,validated,,,,,,
2026-06-15 23:45,10,6,4,,,,,,,validated,validated,validated,,,,,,
2026-06-16 00:00,5,2,3,,,,,,,validated,validated,validated,,,,,,
2026-06-16 00:15,2,0,2,,,,,,,validated,validated,validated,,,,,,
2026-06-16 00:30,3,2,1,,,,,,,validated,validated,validated,,,,,,
2026-06-16 00:45,1,0,1,,,,,,,validated,validated,validated,,,,,,
2026-06-16 01:00,5,1,4,,,,,,,validated,validated,validated,,,,,,
2026-06-16 01:15,2,0,2,,,,,,,validated,validated,validated,,,,,,
2026-06-16 01:30,2,0,2,,,,,,,validated,validated,validated,,,,,,
2026-06-16 01:45,0,0,0,,,,,,,validated,validated,validated,,,,,,
2026-06-16 02:00,2,0,2,,,,,,,validated,validated,validated,,,,,,
2026-06-16 02:15,1,1,0,,,,,,,validated,validated,validated,,,,,,
2026-06-16 02:30,1,0,1,,,,,,,validated,validated,validated,,,,,,
2026-06-16 02:45,0,0,0,,,,,,,validated,validated,validated,,,,,,
2026-06-16 03:00,1,0,1,,,,,,,validated,validated,validated,,,,,,
2026-06-16 03:15,0,0,0,,,,,,,validated,validated,validated,,,,,,
2026-06-16 03:30,1,1,0,,,,,,,validated,validated,validated,,,,,,
2026-06-16 03:45,1,1,0,,,,,,,validated,validated,validated,,,,,,
2026-06-16 04:00,0,0,0,,,,,,,validated,validated,validated,,,,,,
2026-06-16 04:15,0,0,0,,,,,,,validated,validated,validated,,,,,,
2026-06-16 04:30,2,1,1,,,,,,,validated,validated,validated,,,,,,
2026-06-16 04:45,0,0,0,,,,,,,validated,validated,validated,,,,,,
2026-06-16 05:00,3,2,1,,,,,,,validated,validated,validated,,,,,,
2026-06-16 05:15,5,2,3,,,,,,,validated,validated,validated,,,,,,
2026-06-16 05:30,10,6,4,,,,,,,validated,validated,validated,,,,,,
2026-06-16 05:45,14,9,5,,,,,,,validated,validated,validated,,,,,,
2026-06-16 06:00,12,9,3,,,,,,,validated,validated,validated,,,,,,
2026-06-16 06:15,15,11,4,,,,,,,validated,validated,validated,,,,,,
2026-06-16 06:30,34,25,9,,,,,,,validated,validated,validated,,,,,,
2026-06-16 06:45,41,22,19,,,,,,,validated,validated,validated,,,,,,
2026-06-16 07:00,53,35,18,,,,,,,validated,validated,validated,,,,,,
2026-06-16 07:15,106,86,20,,,,,,,validated,validated,validated,,,,,,
2026-06-16 07:30,209,157,52,,,,,,,validated,validated,validated,,,,,,
2026-06-16 07:45,186,138,48,,,,,,,validated,validated,validated,,,,,,
2026-06-16 08:00,120,91,29,,,,,,,validated,validated,validated,,,,,,
2026-06-16 08:15,128,95,33,,,,,,,validated,validated,validated,,,,,,
2026-06-16 08:30,87,60,27,,,,,,,validated,validated,validated,,,,,,
2026-06-16 08:45,100,72,28,,,,,,,validated,validated,validated,,,,,,
2026-06-16 09:00,82,58,24,,,,,,,validated,validated,validated,,,,,,
2026-06-16 09:15,68,33,35,,,,,,,validated,validated,validated,,,,,,
2026-06-16 09:30,80,51,29,,,,,,,validated,validated,validated,,,,,,
2026-06-16 09:45,119,97,22,,,,,,,validated,validated,validated,,,,,,
2026-06-16 10:00,90,65,25,,,,,,,validated,validated,validated,,,,,,
2026-06-16 10:15,41,27,14,,,,,,,validated,validated,validated,,,,,,
2026-06-16 10:30,63,44,19,,,,,,,validated,validated,validated,,,,,,
2026-06-16 10:45,80,40,40,,,,,,,validated,validated,validated,,,,,,
2026-06-16 11:00,60,28,32,,,,,,,validated,validated,validated,,,,,,
2026-06-16 11:15,92,54,38,,,,,,,validated,validated,validated,,,,,,
2026-06-16 11:30,81,45,36,,,,,,,validated,validated,validated,,,,,,
2026-06-16 11:45,91,51,40,,,,,,,validated,validated,validated,,,,,,
2026-06-16 12:00,83,47,36,,,,,,,validated,validated,validated,,,,,,
2026-06-16 12:15,74,33,41,,,,,,,validated,validated,validated,,,,,,
2026-06-16 12:30,82,31,51,,,,,,,validated,validated,validated,,,,,,
2026-06-16 12:45,89,41,48,,,,,,,validated,validated,validated,,,,,,
2026-06-16 13:00,119,64,55,,,,,,,validated,validated,validated,,,,,,
2026-06-16 13:15,112,50,62,,,,,,,validated,validated,validated,,,,,,
2026-06-16 13:30,101,39,62,,,,,,,validated,validated,validated,,,,,,
2026-06-16 13:45,113,57,56,,,,,,,validated,validated,validated,,,,,,
2026-06-16 14:00,102,38,64,,,,,,,validated,validated,validated,,,,,,
2026-06-16 14:15,90,35,55,,,,,,,validated,validated,validated,,,,,,
2026-06-16 14:30,98,51,47,,,,,,,validated,validated,validated,,,,,,
2026-06-16 14:45,102,50,52,,,,,,,validated,validated,validated,,,,,,
2026-06-16 15:00,104,52,52,,,,,,,validated,validated,validated,,,,,,
2026-06-16 15:15,93,38,55,,,,,,,validated,validated,validated,,,,,,
2026-06-16 15:30,100,43,57,,,,,,,validated,validated,validated,,,,,,
2026-06-16 15:45,122,60,62,,,,,,,validated,validated,validated,,,,,,
2026-06-16 16:00,141,53,88,,,,,,,validated,validated,validated,,,,,,
2026-06-16 16:15,136,50,86,,,,,,,validated,validated,validated,,,,,,
2026-06-16 16:30,115,40,75,,,,,,,validated,validated,validated,,,,,,
2026-06-16 16:45,130,60,70,,,,,,,validated,validated,validated,,,,,,
2026-06-16 17:00,110,49,61,,,,,,,validated,validated,validated,,,,,,
2026-06-16 17:15,136,53,83,,,,,,,validated,validated,validated,,,,,,
2026-06-16 17:30,139,58,81,,,,,,,validated,validated,validated,,,,,,
2026-06-16 17:45,151,67,84,,,,,,,validated,validated,validated,,,,,,
2026-06-16 18:00,150,56,94,,,,,,,validated,validated,validated,,,,,,
2026-06-16 18:15,131,51,80,,,,,,,validated,validated,validated,,,,,,
2026-06-16 18:30,101,48,53,,,,,,,validated,validated,validated,,,,,,
2026-06-16 18:45,111,44,67,,,,,,,validated,validated,validated,,,,,,
2026-06-16 19:00,105,45,60,,,,,,,validated,validated,validated,,,,,,
2026-06-16 19:15,84,31,53,,,,,,,validated,validated,validated,,,,,,
2026-06-16 19:30,74,27,47,,,,,,,validated,validated,validated,,,,,,
2026-06-16 19:45,71,32,39,,,,,,,validated,validated,validated,,,,,,
2026-06-16 20:00,73,31,42,,,,,,,validated,validated,validated,,,,,,
2026-06-16 20:15,62,19,43,,,,,,,validated,validated,validated,,,,,,
2026-06-16 20:30,57,28,29,,,,,,,validated,validated,validated,,,,,,
2026-06-16 20:45,51,21,30,,,,,,,validated,validated,validated,,,,,,
2026-06-16 21:00,40,16,24,,,,,,,validated,validated,validated,,,,,,
2026-06-16 21:15,41,15,26,,,,,,,validated,validated,validated,,,,,,
2026-06-16 21:30,42,14,28,,,,,,,validated,validated,validated,,,,,,
2026-06-16 21:45,47,17,30,,,,,,,validated,validated,validated,,,,,,
2026-06-16 22:00,44,19,25,,,,,,,validated,validated,validated,,,,,,
2026-06-16 22:15,43,18,25,,,,,,,validated,validated,validated,,,,,,
2026-06-16 22:30,24,10,14,,,,,,,validated,validated,validated,,,,,,
2026-06-16 22:45,19,7,12,,,,,,,validated,validated,validated,,,,,,
2026-06-16 23:00,15,5,10,,,,,,,validated,validated,validated,,,,,,
2026-06-16 23:15,28,14,14,,,,,,,validated,validated,validated,,,,,,
2026-06-16 23:30,9,0,9,,,,,,,validated,validated,validated,,,,,,
2026-06-16 23:45,8,3,5,,,,,,,validated,validated,validated,,,,,,
2026-06-17 00:00,8,3,5,,,,,,,validated,validated,validated,,,,,,
2026-06-17 00:15,7,1,6,,,,,,,validated,validated,validated,,,,,,
2026-06-17 00:30,6,1,5,,,,,,,validated,validated,validated,,,,,,
2026-06-17 00:45,10,4,6,,,,,,,validated,validated,validated,,,,,,
2026-06-17 01:00,3,1,2,,,,,,,validated,validated,validated,,,,,,
2026-06-17 01:15,1,0,1,,,,,,,validated,validated,validated,,,,,,
2026-06-17 01:30,2,0,2,,,,,,,validated,validated,validated,,,,,,
2026-06-17 01:45,2,0,2,,,,,,,validated,validated,validated,,,,,,
2026-06-17 02:00,0,0,0,,,,,,,validated,validated,validated,,,,,,
2026-06-17 02:15,2,1,1,,,,,,,validated,validated,validated,,,,,,
2026-06-17 02:30,1,0,1,,,,,,,validated,validated,validated,,,,,,
2026-06-17 02:45,0,0,0,,,,,,,validated,validated,validated,,,,,,
2026-06-17 03:00,0,0,0,,,,,,,validated,validated,validated,,,,,,
2026-06-17 03:15,0,0,0,,,,,,,validated,validated,validated,,,,,,
2026-06-17 03:30,1,1,0,,,,,,,validated,validated,validated,,,,,,
2026-06-17 03:45,1,1,0,,,,,,,validated,validated,validated,,,,,,
2026-06-17 04:00,1,0,1,,,,,,,validated,validated,validated,,,,,,
2026-06-17 04:15,1,1,0,,,,,,,validated,validated,validated,,,,,,
2026-06-17 04:30,1,0,1,,,,,,,validated,validated,validated,,,,,,
2026-06-17 04:45,1,0,1,,,,,,,validated,validated,validated,,,,,,
2026-06-17 05:00,4,1,3,,,,,,,validated,validated,validated,,,,,,
2026-06-17 05:15,5,0,5,,,,,,,validated,validated,validated,,,,,,
2026-06-17 05:30,12,11,1,,,,,,,validated,validated,validated,,,,,,
2026-06-17 05:45,12,7,5,,,,,,,validated,validated,validated,,,,,,
2026-06-17 06:00,12,9,3,,,,,,,validated,validated,validated,,,,,,
2026-06-17 06:15,24,18,6,,,,,,,validated,validated,validated,,,,,,
2026-06-17 06:30,33,25,8,,,,,,,validated,validated,validated,,,,,,
2026-06-17 06:45,44,28,16,,,,,,,validated,validated,validated,,,,,,
2026-06-17 07:00,71,45,26,,,,,,,validated,validated,validated,,,,,,
2026-06-17 07:15,108,84,24,,,,,,,validated,validated,validated,,,,,,
2026-06-17 07:30,215,157,58,,,,,,,validated,validated,validated,,,,,,
2026-06-17 07:45,183,136,47,,,,,,,validated,validated,validated,,,,,,
2026-06-17 08:00,150,118,32,,,,,,,validated,validated,validated,,,,,,
2026-06-17 08:15,114,87,27,,,,,,,validated,validated,validated,,,,,,
2026-06-17 08:30,98,76,22,,,,,,,validated,validated,validated,,,,,,
2026-06-17 08:45,107,80,27,,,,,,,validated,validated,validated,,,,,,
2026-06-17 09:00,81,60,21,,,,,,,validated,validated,validated,,,,,,
2026-06-17 09:15,83,47,36,,,,,,,validated,validated,validated,,,,,,
2026-06-17 09:30,117,71,46,,,,,,,validated,validated,validated,,,,,,
2026-06-17 09:45,123,97,26,,,,,,,validated,validated,validated,,,,,,
2026-06-17 10:00,89,62,27,,,,,,,validated,validated,validated,,,,,,
2026-06-17 10:15,85,48,37,,,,,,,validated,validated,validated,,,,,,
2026-06-17 10:30,73,56,17,,,,,,,validated,validated,validated,,,,,,
2026-06-17 10:45,74,44,30,,,,,,,validated,validated,validated,,,,,,
2026-06-17 11:00,76,36,40,,,,,,,validated,validated,validated,,,,,,
2026-06-17 11:15,90,53,37,,,,,,,validated,validated,validated,,,,,,
2026-06-17 11:30,88,42,46,,,,,,,validated,validated,validated,,,,,,
2026-06-17 11:45,100,54,46,,,,,,,validated,validated,validated,,,,,,
2026-06-17 12:00,96,50,46,,,,,,,validated,validated,validated,,,,,,
2026-06-17 12:15,91,41,50,,,,,,,validated,validated,validated,,,,,,
2026-06-17 12:30,108,45,63,,,,,,,validated,validated,validated,,,,,,
2026-06-17 12:45,79,37,42,,,,,,,validated,validated,validated,,,,,,
2026-06-17 13:00,128,66,62,,,,,,,validated,validated,validated,,,,,,
2026-06-17 13:15,113,44,69,,,,,,,validated,validated,validated,,,,,,
2026-06-17 13:30,104,34,70,,,,,,,validated,validated,validated,,,,,,
2026-06-17 13:45,136,66,70,,,,,,,validated,validated,validated,,,,,,
2026-06-17 14:00,113,44,69,,,,,,,validated,validated,validated,,,,,,
2026-06-17 14:15,90,34,56,,,,,,,validated,validated,validated,,,,,,
2026-06-17 14:30,92,44,48,,,,,,,validated,validated,validated,,,,,,
2026-06-17 14:45,132,54,78,,,,,,,validated,validated,validated,,,,,,
2026-06-17 15:00,99,27,72,,,,,,,validated,validated,validated,,,,,,
2026-06-17 15:15,106,39,67,,,,,,,validated,validated,validated,,,,,,
2026-06-17 15:30,144,55,89,,,,,,,validated,validated,validated,,,,,,
2026-06-17 15:45,128,48,80,,,,,,,validated,validated,validated,,,,,,
2026-06-17 16:00,139,47,92,,,,,,,validated,validated,validated,,,,,,
2026-06-17 16:15,146,54,92,,,,,,,validated,validated,validated,,,,,,
2026-06-17 16:30,120,39,81,,,,,,,validated,validated,validated,,,,,,
2026-06-17 16:45,141,62,79,,,,,,,validated,validated,validated,,,,,,
2026-06-17 17:00,117,52,65,,,,,,,validated,validated,validated,,,,,,
2026-06-17 17:15,119,49,70,,,,,,,validated,validated,validated,,,,,,
2026-06-17 17:30,129,52,77,,,,,,,validated,validated,validated,,,,,,
2026-06-17 17:45,151,73,78,,,,,,,validated,validated,validated,,,,,,
2026-06-17 18:00,126,47,79,,,,,,,validated,validated,validated,,,,,,
2026-06-17 18:15,119,48,71,,,,,,,validated,validated,validated,,,,,,
2026-06-17 18:30,105,51,54,,,,,,,validated,validated,validated,,,,,,
2026-06-17 18:45,110,46,64,,,,,,,validated,validated,validated,,,,,,
2026-06-17 19:00,83,26,57,,,,,,,validated,validated,validated,,,,,,
2026-06-17 19:15,115,64,51,,,,,,,validated,validated,validated,,,,,,
2026-06-17 19:30,79,34,45,,,,,,,validated,validated,validated,,,,,,
2026-06-17 19:45,84,29,55,,,,,,,validated,validated,validated,,,,,,
2026-06-17 20:00,70,32,38,,,,,,,validated,validated,validated,,,,,,
2026-06-17 20:15,49,21,28,,,,,,,validated,validated,validated,,,,,,
2026-06-17 20:30,45,16,29,,,,,,,validated,validated,validated,,,,,,
2026-06-17 20:45,30,14,16,,,,,,,validated,validated,validated,,,,,,
2026-06-17 21:00,40,17,23,,,,,,,validated,validated,validated,,,,,,
2026-06-17 21:15,63,23,40,,,,,,,validated,validated,validated,,,,,,
2026-06-17 21:30,48,17,31,,,,,,,validated,validated,validated,,,,,,
2026-06-17 21:45,42,17,25,,,,,,,validated,validated,validated,,,,,,
2026-06-17 22:00,51,16,35,,,,,,,validated,validated,validated,,,,,,
2026-06-17 22:15,47,19,28,,,,,,,validated,validated,validated,,,,,,
2026-06-17 22:30,35,11,24,,,,,,,validated,validated,validated,,,,,,
2026-06-17 22:45,35,10,25,,,,,,,validated,validated,validated,,,,,,
2026-06-17 23:00,46,19,27,,,,,,,validated,validated,validated,,,,,,
2026-06-17 23:15,14,4,10,,,,,,,validated,validated,validated,,,,,,
2026-06-17 23:30,19,8,11,,,,,,,validated,validated,validated,,,,,,
2026-06-17 23:45,12,4,8,,,,,,,validated,validated,validated,,,,,,
2026-06-18 00:00,16,3,13,,,,,,,validated,validated,validated,,,,,,
2026-06-18 00:15,7,4,3,,,,,,,validated,validated,validated,,,,,,
2026-06-18 00:30,8,1,7,,,,,,,validated,validated,validated,,,,,,
2026-06-18 00:45,11,6,5,,,,,,,validated,validated,validated,,,,,,
2026-06-18 01:00,9,1,8,,,,,,,validated,validated,validated,,,,,,
2026-06-18 01:15,7,0,7,,,,,,,validated,validated,validated,,,,,,
2026-06-18 01:30,3,1,2,,,,,,,validated,validated,validated,,,,,,
2026-06-18 01:45,5,1,4,,,,,,,validated,validated,validated,,,,,,
2026-06-18 02:00,0,0,0,,,,,,,validated,validated,validated,,,,,,
2026-06-18 02:15,7,2,5,,,,,,,validated,validated,validated,,,,,,
2026-06-18 02:30,1,0,1,,,,,,,validated,validated,validated,,,,,,
2026-06-18 02:45,2,0,2,,,,,,,validated,validated,validated,,,,,,
2026-06-18 03:00,3,1,2,,,,,,,validated,validated,validated,,,,,,
2026-06-18 03:15,2,0,2,,,,,,,validated,validated,validated,,,,,,
2026-06-18 03:30,0,0,0,,,,,,,validated,validated,validated,,,,,,
2026-06-18 03:45,1,1,0,,,,,,,validated,validated,validated,,,,,,
2026-06-18 04:00,0,0,0,,,,,,,validated,validated,validated,,,,,,
2026-06-18 04:15,2,1,1,,,,,,,validated,validated,validated,,,,,,
2026-06-18 04:30,1,1,0,,,,,,,validated,validated,validated,,,,,,
2026-06-18 04:45,1,0,1,,,,,,,validated,validated,validated,,,,,,
2026-06-18 05:00,3,1,2,,,,,,,validated,validated,validated,,,,,,
2026-06-18 05:15,7,2,5,,,,,,,validated,validated,validated,,,,,,
2026-06-18 05:30,11,7,4,,,,,,,validated,validated,validated,,,,,,
2026-06-18 05:45,8,6,2,,,,,,,validated,validated,validated,,,,,,
2026-06-18 06:00,6,3,3,,,,,,,validated,validated,validated,,,,,,
2026-06-18 06:15,16,11,5,,,,,,,validated,validated,validated,,,,,,
2026-06-18 06:30,38,29,9,,,,,,,validated,validated,validated,,,,,,
2026-06-18 06:45,37,22,15,,,,,,,validated,validated,validated,,,,,,
2026-06-18 07:00,58,36,22,,,,,,,validated,validated,validated,,,,,,
2026-06-18 07:15,111,85,26,,,,,,,validated,validated,validated,,,,,,
2026-06-18 07:30,193,138,55,,,,,,,validated,validated,validated,,,,,,
2026-06-18 07:45,180,128,52,,,,,,,validated,validated,validated,,,,,,
2026-06-18 08:00,139,102,37,,,,,,,validated,validated,validated,,,,,,
2026-06-18 08:15,105,73,32,,,,,,,validated,validated,validated,,,,,,
2026-06-18 08:30,113,79,34,,,,,,,validated,validated,validated,,,,,,
2026-06-18 08:45,89,65,24,,,,,,,validated,validated,validated,,,,,,
2026-06-18 09:00,75,47,28,,,,,,,validated,validated,validated,,,,,,
2026-06-18 09:15,85,55,30,,,,,,,validated,validated,validated,,,,,,
2026-06-18 09:30,108,68,40,,,,,,,validated,validated,validated,,,,,,
2026-06-18 09:45,105,75,30,,,,,,,validated,validated,validated,,,,,,
2026-06-18 10:00,97,69,28,,,,,,,validated,validated,validated,,,,,,
2026-06-18 10:15,69,39,30,,,,,,,validated,validated,validated,,,,,,
2026-06-18 10:30,68,43,25,,,,,,,validated,validated,validated,,,,,,
2026-06-18 10:45,69,36,33,,,,,,,validated,validated,validated,,,,,,
2026-06-18 11:00,55,32,23,,,,,,,validated,validated,validated,,,,,,
2026-06-18 11:15,89,37,52,,,,,,,validated,validated,validated,,,,,,
2026-06-18 11:30,82,46,36,,,,,,,validated,validated,validated,,,,,,
2026-06-18 11:45,86,39,47,,,,,,,validated,validated,validated,,,,,,
2026-06-18 12:00,72,45,27,,,,,,,validated,validated,validated,,,,,,
2026-06-18 12:15,96,57,39,,,,,,,validated,validated,validated,,,,,,
2026-06-18 12:30,82,41,41,,,,,,,validated,validated,validated,,,,,,
2026-06-18 12:45,90,38,52,,,,,,,validated,validated,validated,,,,,,
2026-06-18 13:00,126,51,75,,,,,,,validated,validated,validated,,,,,,
2026-06-18 13:15,105,38,67,,,,,,,validated,validated,validated,,,,,,
2026-06-18 13:30,82,41,41,,,,,,,validated,validated,validated,,,,,,
2026-06-18 13:45,123,61,62,,,,,,,validated,validated,validated,,,,,,
2026-06-18 14:00,92,36,56,,,,,,,validated,validated,validated,,,,,,
2026-06-18 14:15,89,42,47,,,,,,,validated,validated,validated,,,,,,
2026-06-18 14:30,93,43,50,,,,,,,validated,validated,validated,,,,,,
2026-06-18 14:45,116,58,58,,,,,,,validated,validated,validated,,,,,,
2026-06-18 15:00,110,47,63,,,,,,,validated,validated,validated,,,,,,
2026-06-18 15:15,100,46,54,,,,,,,validated,validated,validated,,,,,,
2026-06-18 15:30,141,52,89,,,,,,,validated,validated,validated,,,,,,
2026-06-18 15:45,136,55,81,,,,,,,validated,validated,validated,,,,,,
2026-06-18 16:00,130,43,87,,,,,,,validated,validated,validated,,,,,,
2026-06-18 16:15,137,65,72,,,,,,,validated,validated,validated,,,,,,
2026-06-18 16:30,103,38,65,,,,,,,validated,validated,validated,,,,,,
2026-06-18 16:45,112,37,75,,,,,,,validated,validated,validated,,,,,,
2026-06-18 17:00,123,51,72,,,,,,,validated,validated,validated,,,,,,
2026-06-18 17:15,100,36,64,,,,,,,validated,validated,validated,,,,,,
2026-06-18 17:30,121,51,70,,,,,,,validated,validated,validated,,,,,,
2026-06-18 17:45,119,59,60,,,,,,,validated,validated,validated,,,,,,
2026-06-18 18:00,107,38,69,,,,,,,validated,validated,validated,,,,,,
2026-06-18 18:15,116,46,70,,,,,,,validated,validated,validated,,,,,,
2026-06-18 18:30,103,30,73,,,,,,,validated,validated,validated,,,,,,
2026-06-18 18:45,124,65,59,,,,,,,validated,validated,validated,,,,,,
2026-06-18 19:00,105,41,64,,,,,,,validated,validated,validated,,,,,,
2026-06-18 19:15,87,38,49,,,,,,,validated,validated,validated,,,,,,
2026-06-18 19:30,68,27,41,,,,,,,validated,validated,validated,,,,,,
2026-06-18 19:45,54,33,21,,,,,,,validated,validated,validated,,,,,,
2026-06-18 20:00,65,26,39,,,,,,,validated,validated,validated,,,,,,
2026-06-18 20:15,58,19,39,,,,,,,validated,validated,validated,,,,,,
2026-06-18 20:30,54,23,31,,,,,,,validated,validated,validated,,,,,,
2026-06-18 20:45,63,33,30,,,,,,,validated,validated,validated,,,,,,
2026-06-18 21:00,46,20,26,,,,,,,validated,validated,validated,,,,,,
2026-06-18 21:15,55,22,33,,,,,,,validated,validated,validated,,,,,,
2026-06-18 21:30,57,27,30,,,,,,,validated,validated,validated,,,,,,
2026-06-18 21:45,44,19,25,,,,,,,validated,validated,validated,,,,,,
2026-06-18 22:00,46,17,29,,,,,,,validated,validated,validated,,,,,,
2026-06-18 22:15,29,16,13,,,,,,,validated,validated,validated,,,,,,
2026-06-18 22:30,43,29,14,,,,,,,validated,validated,validated,,,,,,
2026-06-18 22:45,48,13,35,,,,,,,validated,validated,validated,,,,,,
2026-06-18 23:00,50,18,32,,,,,,,validated,validated,validated,,,,,,
2026-06-18 23:15,28,8,20,,,,,,,validated,validated,validated,,,,,,
2026-06-18 23:30,16,9,7,,,,,,,validated,validated,validated,,,,,,
2026-06-18 23:45,14,5,9,,,,,,,validated,validated,validated,,,,,,
2026-06-19 00:00,8,1,7,,,,,,,validated,validated,validated,,,,,,
2026-06-19 00:15,7,2,5,,,,,,,validated,validated,validated,,,,,,
2026-06-19 00:30,10,4,6,,,,,,,validated,validated,validated,,,,,,
2026-06-19 00:45,9,4,5,,,,,,,validated,validated,validated,,,,,,
2026-06-19 01:00,3,1,2,,,,,,,validated,validated,validated,,,,,,
2026-06-19 01:15,3,1,2,,,,,,,validated,validated,validated,,,,,,
2026-06-19 01:30,6,2,4,,,,,,,validated,validated,validated,,,,,,
2026-06-19 01:45,3,0,3,,,,,,,validated,validated,validated,,,,,,
2026-06-19 02:00,2,0,2,,,,,,,validated,validated,validated,,,,,,
2026-06-19 02:15,1,0,1,,,,,,,validated,validated,validated,,,,,,
2026-06-19 02:30,0,0,0,,,,,,,validated,validated,validated,,,,,,
2026-06-19 02:45,1,0,1,,,,,,,validated,validated,validated,,,,,,
2026-06-19 03:00,1,0,1,,,,,,,validated,validated,validated,,,,,,
2026-06-19 03:15,0,0,0,,,,,,,validated,validated,validated,,,,,,
2026-06-19 03:30,0,0,0,,,,,,,validated,validated,validated,,,,,,
2026-06-19 03:45,2,1,1,,,,,,,validated,validated,validated,,,,,,
2026-06-19 04:00,1,1,0,,,,,,,validated,validated,validated,,,,,,
2026-06-19 04:15,0,0,0,,,,,,,validated,validated,validated,,,,,,
2026-06-19 04:30,3,3,0,,,,,,,validated,validated,validated,,,,,,
2026-06-19 04:45,2,1,1,,,,,,,validated,validated,validated,,,,,,
2026-06-19 05:00,3,2,1,,,,,,,validated,validated,validated,,,,,,
2026-06-19 05:15,5,1,4,,,,,,,validated,validated,validated,,,,,,
2026-06-19 05:30,6,6,0,,,,,,,validated,validated,validated,,,,,,
2026-06-19 05:45,11,7,4,,,,,,,validated,validated,validated,,,,,,
2026-06-19 06:00,9,6,3,,,,,,,validated,validated,validated,,,,,,
2026-06-19 06:15,18,13,5,,,,,,,validated,validated,validated,,,,,,
2026-06-19 06:30,25,19,6,,,,,,,validated,validated,validated,,,,,,
2026-06-19 06:45,36,22,14,,,,,,,validated,validated,validated,,,,,,
2026-06-19 07:00,58,38,20,,,,,,,validated,validated,validated,,,,,,
2026-06-19 07:15,82,63,19,,,,,,,validated,validated,validated,,,,,,
2026-06-19 07:30,190,137,53,,,,,,,validated,validated,validated,,,,,,
2026-06-19 07:45,166,108,58,,,,,,,validated,validated,validated,,,,,,
2026-06-19 08:00,104,78,26,,,,,,,validated,validated,validated,,,,,,
2026-06-19 08:15,87,58,29,,,,,,,validated,validated,validated,,,,,,
2026-06-19 08:30,89,56,33,,,,,,,validated,validated,validated,,,,,,
2026-06-19 08:45,98,69,29,,,,,,,validated,validated,validated,,,,,,
2026-06-19 09:00,61,44,17,,,,,,,validated,validated,validated,,,,,,
2026-06-19 09:15,84,60,24,,,,,,,validated,validated,validated,,,,,,
2026-06-19 09:30,109,72,37,,,,,,,validated,validated,validated,,,,,,
2026-06-19 09:45,96,66,30,,,,,,,validated,validated,validated,,,,,,
2026-06-19 10:00,86,45,41,,,,,,,validated,validated,validated,,,,,,
2026-06-19 10:15,104,60,44,,,,,,,validated,validated,validated,,,,,,
2026-06-19 10:30,67,37,30,,,,,,,validated,validated,validated,,,,,,
2026-06-19 10:45,63,33,30,,,,,,,validated,validated,validated,,,,,,
2026-06-19 11:00,62,32,30,,,,,,,validated,validated,validated,,,,,,
2026-06-19 11:15,111,37,74,,,,,,,validated,validated,validated,,,,,,
2026-06-19 11:30,83,41,42,,,,,,,validated,validated,validated,,,,,,
2026-06-19 11:45,85,40,45,,,,,,,validated,validated,validated,,,,,,
2026-06-19 12:00,74,38,36,,,,,,,validated,validated,validated,,,,,,
2026-06-19 12:15,79,39,40,,,,,,,validated,validated,validated,,,,,,
2026-06-19 12:30,72,33,39,,,,,,,validated,validated,validated,,,,,,
2026-06-19 12:45,116,50,66,,,,,,,validated,validated,validated,,,,,,
2026-06-19 13:00,147,63,84,,,,,,,validated,validated,validated,,,,,,
2026-06-19 13:15,107,49,58,,,,,,,validated,validated,validated,,,,,,
2026-06-19 13:30,95,30,65,,,,,,,validated,validated,validated,,,,,,
2026-06-19 13:45,97,45,52,,,,,,,validated,validated,validated,,,,,,
2026-06-19 14:00,106,43,63,,,,,,,validated,validated,validated,,,,,,
2026-06-19 14:15,89,32,57,,,,,,,validated,validated,validated,,,,,,
2026-06-19 14:30,109,52,57,,,,,,,validated,validated,validated,,,,,,
2026-06-19 14:45,95,38,57,,,,,,,validated,validated,validated,,,,,,
2026-06-19 15:00,104,38,66,,,,,,,validated,validated,validated,,,,,,
2026-06-19 15:15,85,33,52,,,,,,,validated,validated,validated,,,,,,
2026-06-19 15:30,97,30,67,,,,,,,validated,validated,validated,,,,,,
2026-06-19 15:45,97,47,50,,,,,,,validated,validated,validated,,,,,,
2026-06-19 16:00,86,40,46,,,,,,,validated,validated,validated,,,,,,
2026-06-19 16:15,94,35,59,,,,,,,validated,validated,validated,,,,,,
2026-06-19 16:30,90,45,45,,,,,,,validated,validated,validated,,,,,,
2026-06-19 16:45,88,46,42,,,,,,,validated,validated,validated,,,,,,
2026-06-19 17:00,78,32,46,,,,,,,validated,validated,validated,,,,,,
2026-06-19 17:15,85,39,46,,,,,,,validated,validated,validated,,,,,,
2026-06-19 17:30,70,31,39,,,,,,,validated,validated,validated,,,,,,
2026-06-19 17:45,88,37,51,,,,,,,validated,validated,validated,,,,,,
2026-06-19 18:00,87,28,59,,,,,,,validated,validated,validated,,,,,,
2026-06-19 18:15,92,45,47,,,,,,,validated,validated,validated,,,,,,
2026-06-19 18:30,87,36,51,,,,,,,validated,validated,validated,,,,,,
2026-06-19 18:45,104,58,46,,,,,,,validated,validated,validated,,,,,,
2026-06-19 19:00,83,42,41,,,,,,,validated,validated,validated,,,,,,
2026-06-19 19:15,73,39,34,,,,,,,validated,validated,validated,,,,,,
2026-06-19 19:30,78,52,26,,,,,,,validated,validated,validated,,,,,,
2026-06-19 19:45,88,51,37,,,,,,,validated,validated,validated,,,,,,
2026-06-19 20:00,88,62,26,,,,,,,validated,validated,validated,,,,,,
2026-06-19 20:15,58,39,19,,,,,,,validated,validated,validated,,,,,,
2026-06-19 20:30,66,39,27,,,,,,,validated,validated,validated,,,,,,
2026-06-19 20:45,70,40,30,,,,,,,validated,validated,validated,,,,,,
2026-06-19 21:00,45,21,24,,,,,,,validated,validated,validated,,,,,,
2026-06-19 21:15,62,31,31,,,,,,,validated,validated,validated,,,,,,
2026-06-19 21:30,69,39,30,,,,,,,validated,validated,validated,,,,,,
2026-06-19 21:45,68,28,40,,,,,,,validated,validated,validated,,,,,,
2026-06-19 22:00,73,17,56,,,,,,,validated,validated,validated,,,,,,
2026-06-19 22:15,51,13,38,,,,,,,validated,validated,validated,,,,,,
2026-06-19 22:30,38,8,30,,,,,,,validated,validated,validated,,,,,,
2026-06-19 22:45,41,7,34,,,,,,,validated,validated,validated,,,,,,
2026-06-19 23:00,25,9,16,,,,,,,validated,validated,validated,,,,,,
2026-06-19 23:15,32,6,26,,,,,,,validated,validated,validated,,,,,,
2026-06-19 23:30,25,9,16,,,,,,,validated,validated,validated,,,,,,
2026-06-19 23:45,32,11,21,,,,,,,validated,validated,validated,,,,,,
2026-06-20 00:00,28,4,24,,,,,,,validated,validated,validated,,,,,,
2026-06-20 00:15,19,6,13,,,,,,,validated,validated,validated,,,,,,
2026-06-20 00:30,26,4,22,,,,,,,validated,validated,validated,,,,,,
2026-06-20 00:45,17,5,12,,,,,,,validated,validated,validated,,,,,,
2026-06-20 01:00,21,5,16,,,,,,,validated,validated,validated,,,,,,
2026-06-20 01:15,12,1,11,,,,,,,validated,validated,validated,,,,,,
2026-06-20 01:30,11,3,8,,,,,,,validated,validated,validated,,,,,,
2026-06-20 01:45,13,2,11,,,,,,,validated,validated,validated,,,,,,
2026-06-20 02:00,11,5,6,,,,,,,validated,validated,validated,,,,,,
2026-06-20 02:15,7,1,6,,,,,,,validated,validated,validated,,,,,,
2026-06-20 02:30,6,2,4,,,,,,,validated,validated,validated,,,,,,
2026-06-20 02:45,5,1,4,,,,,,,validated,validated,validated,,,,,,
2026-06-20 03:00,8,1,7,,,,,,,validated,validated,validated,,,,,,
2026-06-20 03:15,8,3,5,,,,,,,validated,validated,validated,,,,,,
2026-06-20 03:30,2,0,2,,,,,,,validated,validated,validated,,,,,,
2026-06-20 03:45,2,0,2,,,,,,,validated,validated,validated,,,,,,
2026-06-20 04:00,3,1,2,,,,,,,validated,validated,validated,,,,,,
2026-06-20 04:15,1,1,0,,,,,,,validated,validated,validated,,,,,,
2026-06-20 04:30,1,1,0,,,,,,,validated,validated,validated,,,,,,
2026-06-20 04:45,5,3,2,,,,,,,validated,validated,validated,,,,,,
2026-06-20 05:00,0,0,0,,,,,,,validated,validated,validated,,,,,,
2026-06-20 05:15,5,4,1,,,,,,,validated,validated,validated,,,,,,
2026-06-20 05:30,5,3,2,,,,,,,validated,validated,validated,,,,,,
2026-06-20 05:45,4,3,1,,,,,,,validated,validated,validated,,,,,,
2026-06-20 06:00,4,3,1,,,,,,,validated,validated,validated,,,,,,
2026-06-20 06:15,5,3,2,,,,,,,validated,validated,validated,,,,,,
2026-06-20 06:30,3,2,1,,,,,,,validated,validated,validated,,,,,,
2026-06-20 06:45,14,8,6,,,,,,,validated,validated,validated,,,,,,
2026-06-20 07:00,11,7,4,,,,,,,validated,validated,validated,,,,,,
2026-06-20 07:15,22,18,4,,,,,,,validated,validated,validated,,,,,,
2026-06-20 07:30,21,12,9,,,,,,,validated,validated,validated,,,,,,
2026-06-20 07:45,27,15,12,,,,,,,validated,validated,validated,,,,,,
2026-06-20 08:00,27,20,7,,,,,,,validated,validated,validated,,,,,,
2026-06-20 08:15,32,24,8,,,,,,,validated,validated,validated,,,,,,
2026-06-20 08:30,37,23,14,,,,,,,validated,validated,validated,,,,,,
2026-06-20 08:45,55,37,18,,,,,,,validated,validated,validated,,,,,,
2026-06-20 09:00,64,45,19,,,,,,,validated,validated,validated,,,,,,
2026-06-20 09:15,77,44,33,,,,,,,validated,validated,validated,,,,,,
2026-06-20 09:30,49,31,18,,,,,,,validated,validated,validated,,,,,,
2026-06-20 09:45,102,68,34,,,,,,,validated,validated,validated,,,,,,
2026-06-20 10:00,73,47,26,,,,,,,validated,validated,validated,,,,,,
2026-06-20 10:15,96,55,41,,,,,,,validated,validated,validated,,,,,,
2026-06-20 10:30,86,62,24,,,,,,,validated,validated,validated,,,,,,
2026-06-20 10:45,71,46,25,,,,,,,validated,validated,validated,,,,,,
2026-06-20 11:00,89,58,31,,,,,,,validated,validated,validated,,,,,,
2026-06-20 11:15,95,47,48,,,,,,,validated,validated,validated,,,,,,
2026-06-20 11:30,95,59,36,,,,,,,validated,validated,validated,,,,,,
2026-06-20 11:45,85,48,37,,,,,,,validated,validated,validated,,,,,,
2026-06-20 12:00,100,44,56,,,,,,,validated,validated,validated,,,,,,
2026-06-20 12:15,86,54,32,,,,,,,validated,validated,validated,,,,,,
2026-06-20 12:30,97,51,46,,,,,,,validated,validated,validated,,,,,,
2026-06-20 12:45,86,39,47,,,,,,,validated,validated,validated,,,,,,
2026-06-20 13:00,83,50,33,,,,,,,validated,validated,validated,,,,,,
2026-06-20 13:15,85,47,38,,,,,,,validated,validated,validated,,,,,,
2026-06-20 13:30,117,47,70,,,,,,,validated,validated,validated,,,,,,
2026-06-20 13:45,86,29,57,,,,,,,validated,validated,validated,,,,,,
2026-06-20 14:00,105,44,61,,,,,,,validated,validated,validated,,,,,,
2026-06-20 14:15,84,33,51,,,,,,,validated,validated,validated,,,,,,
2026-06-20 14:30,76,34,42,,,,,,,validated,validated,validated,,,,,,
2026-06-20 14:45,65,23,42,,,,,,,validated,validated,validated,,,,,,
2026-06-20 15:00,73,36,37,,,,,,,validated,validated,validated,,,,,,
2026-06-20 15:15,67,27,40,,,,,,,validated,validated,validated,,,,,,
2026-06-20 15:30,74,33,41,,,,,,,validated,validated,validated,,,,,,
2026-06-20 15:45,74,39,35,,,,,,,validated,validated,validated,,,,,,
2026-06-20 16:00,86,31,55,,,,,,,validated,validated,validated,,,,,,
2026-06-20 16:15,81,23,58,,,,,,,validated,validated,validated,,,,,,
2026-06-20 16:30,58,32,26,,,,,,,validated,validated,validated,,,,,,
2026-06-20 16:45,86,37,49,,,,,,,validated,validated,validated,,,,,,
2026-06-20 17:00,74,36,38,,,,,,,validated,validated,validated,,,,,,
2026-06-20 17:15,69,32,37,,,,,,,validated,validated,validated,,,,,,
2026-06-20 17:30,76,39,37,,,,,,,validated,validated,validated,,,,,,
2026-06-20 17:45,68,39,29,,,,,,,validated,validated,validated,,,,,,
2026-06-20 18:00,76,38,38,,,,,,,validated,validated,validated,,,,,,
2026-06-20 18:15,84,37,47,,,,,,,validated,validated,validated,,,,,,
2026-06-20 18:30,61,31,30,,,,,,,validated,validated,validated,,,,,,
2026-06-20 18:45,77,44,33,,,,,,,validated,validated,validated,,,,,,
2026-06-20 19:00,80,33,47,,,,,,,validated,validated,validated,,,,,,
2026-06-20 19:15,46,19,27,,,,,,,validated,validated,validated,,,,,,
2026-06-20 19:30,52,27,25,,,,,,,validated,validated,validated,,,,,,
2026-06-20 19:45,61,41,20,,,,,,,validated,validated,validated,,,,,,
2026-06-20 20:00,56,32,24,,,,,,,validated,validated,validated,,,,,,
2026-06-20 20:15,54,33,21,,,,,,,validated,validated,validated,,,,,,
2026-06-20 20:30,55,34,21,,,,,,,validated,validated,validated,,,,,,
2026-06-20 20:45,48,28,20,,,,,,,validated,validated,validated,,,,,,
2026-06-20 21:00,61,43,18,,,,,,,validated,validated,validated,,,,,,
2026-06-20 21:15,61,36,25,,,,,,,validated,validated,validated,,,,,,
2026-06-20 21:30,35,20,15,,,,,,,validated,validated,validated,,,,,,
2026-06-20 21:45,46,24,22,,,,,,,validated,validated,validated,,,,,,
2026-06-20 22:00,44,23,21,,,,,,,validated,validated,validated,,,,,,
2026-06-20 22:15,21,12,9,,,,,,,validated,validated,validated,,,,,,
2026-06-20 22:30,23,10,13,,,,,,,validated,validated,validated,,,,,,
2026-06-20 22:45,18,9,9,,,,,,,validated,validated,validated,,,,,,
2026-06-20 23:00,17,6,11,,,,,,,validated,validated,validated,,,,,,
2026-06-20 23:15,12,7,5,,,,,,,validated,validated,validated,,,,,,
2026-06-20 23:30,6,1,5,,,,,,,validated,validated,validated,,,,,,
2026-06-20 23:45,18,5,13,,,,,,,validated,validated,validated,,,,,,
2026-06-21 00:00,38,7,31,,,,,,,validated,validated,validated,,,,,,
2026-06-21 00:15,73,23,50,,,,,,,validated,validated,validated,,,,,,
2026-06-21 00:30,53,25,28,,,,,,,validated,validated,validated,,,,,,
2026-06-21 00:45,43,19,24,,,,,,,validated,validated,validated,,,,,,
2026-06-21 01:00,28,14,14,,,,,,,validated,validated,validated,,,,,,
2026-06-21 01:15,27,13,14,,,,,,,validated,validated,validated,,,,,,
2026-06-21 01:30,16,6,10,,,,,,,validated,validated,validated,,,,,,
2026-06-21 01:45,26,12,14,,,,,,,validated,validated,validated,,,,,,
2026-06-21 02:00,23,10,13,,,,,,,validated,validated,validated,,,,,,
2026-06-21 02:15,22,7,15,,,,,,,validated,validated,validated,,,,,,
2026-06-21 02:30,15,3,12,,,,,,,validated,validated,validated,,,,,,
2026-06-21 02:45,14,5,9,,,,,,,validated,validated,validated,,,,,,
2026-06-21 03:00,10,2,8,,,,,,,validated,validated,validated,,,,,,
2026-06-21 03:15,8,1,7,,,,,,,validated,validated,validated,,,,,,
2026-06-21 03:30,7,1,6,,,,,,,validated,validated,validated,,,,,,
2026-06-21 03:45,9,5,4,,,,,,,validated,validated,validated,,,,,,
2026-06-21 04:00,2,0,2,,,,,,,validated,validated,validated,,,,,,
2026-06-21 04:15,6,3,3,,,,,,,validated,validated,validated,,,,,,
2026-06-21 04:30,0,0,0,,,,,,,validated,validated,validated,,,,,,
2026-06-21 04:45,2,0,2,,,,,,,validated,validated,validated,,,,,,
2026-06-21 05:00,1,0,1,,,,,,,validated,validated,validated,,,,,,
2026-06-21 05:15,2,2,0,,,,,,,validated,validated,validated,,,,,,
2026-06-21 05:30,2,1,1,,,,,,,validated,validated,validated,,,,,,
2026-06-21 05:45,3,2,1,,,,,,,validated,validated,validated,,,,,,
2026-06-21 06:00,4,3,1,,,,,,,validated,validated,validated,,,,,,
2026-06-21 06:15,5,2,3,,,,,,,validated,validated,validated,,,,,,
2026-06-21 06:30,2,2,0,,,,,,,validated,validated,validated,,,,,,
2026-06-21 06:45,2,1,1,,,,,,,validated,validated,validated,,,,,,
2026-06-21 07:00,4,1,3,,,,,,,validated,validated,validated,,,,,,
2026-06-21 07:15,1,0,1,,,,,,,validated,validated,validated,,,,,,
2026-06-21 07:30,4,1,3,,,,,,,validated,validated,validated,,,,,,
2026-06-21 07:45,5,1,4,,,,,,,validated,validated,validated,,,,,,
2026-06-21 08:00,7,4,3,,,,,,,validated,validated,validated,,,,,,
2026-06-21 08:15,5,5,0,,,,,,,validated,validated,validated,,,,,,
2026-06-21 08:30,10,5,5,,,,,,,validated,validated,validated,,,,,,
2026-06-21 08:45,15,9,6,,,,,,,validated,validated,validated,,,,,,
2026-06-21 09:00,17,6,11,,,,,,,validated,validated,validated,,,,,,
2026-06-21 09:15,19,7,12,,,,,,,validated,validated,validated,,,,,,
2026-06-21 09:30,26,16,10,,,,,,,validated,validated,validated,,,,,,
2026-06-21 09:45,35,21,14,,,,,,,validated,validated,validated,,,,,,
2026-06-21 10:00,32,16,16,,,,,,,validated,validated,validated,,,,,,
2026-06-21 10:15,40,25,15,,,,,,,validated,validated,validated,,,,,,
2026-06-21 10:30,40,20,20,,,,,,,validated,validated,validated,,,,,,
2026-06-21 10:45,57,32,25,,,,,,,validated,validated,validated,,,,,,
2026-06-21 11:00,48,28,20,,,,,,,validated,validated,validated,,,,,,
2026-06-21 11:15,43,23,20,,,,,,,validated,validated,validated,,,,,,
2026-06-21 11:30,43,21,22,,,,,,,validated,validated,validated,,,,,,
2026-06-21 11:45,60,24,36,,,,,,,validated,validated,validated,,,,,,
2026-06-21 12:00,49,27,22,,,,,,,validated,validated,validated,,,,,,
2026-06-21 12:15,44,24,20,,,,,,,validated,validated,validated,,,,,,
2026-06-21 12:30,65,34,31,,,,,,,validated,validated,validated,,,,,,
2026-06-21 12:45,65,32,33,,,,,,,validated,validated,validated,,,,,,
2026-06-21 13:00,68,44,24,,,,,,,validated,validated,validated,,,,,,
2026-06-21 13:15,38,23,15,,,,,,,validated,validated,validated,,,,,,
2026-06-21 13:30,56,35,21,,,,,,,validated,validated,validated,,,,,,
2026-06-21 13:45,46,19,27,,,,,,,validated,validated,validated,,,,,,
2026-06-21 14:00,62,30,32,,,,,,,validated,validated,validated,,,,,,
2026-06-21 14:15,67,40,27,,,,,,,validated,validated,validated,,,,,,
2026-06-21 14:30,61,35,26,,,,,,,validated,validated,validated,,,,,,
2026-06-21 14:45,83,37,46,,,,,,,validated,validated,validated,,,,,,
2026-06-21 15:00,66,33,33,,,,,,,validated,validated,validated,,,,,,
2026-06-21 15:15,73,42,31,,,,,,,validated,validated,validated,,,,,,
2026-06-21 15:30,51,29,22,,,,,,,validated,validated,validated,,,,,,
2026-06-21 15:45,71,50,21,,,,,,,validated,validated,validated,,,,,,
2026-06-21 16:00,42,18,24,,,,,,,validated,validated,validated,,,,,,
2026-06-21 16:15,70,33,37,,,,,,,validated,validated,validated,,,,,,
2026-06-21 16:30,59,38,21,,,,,,,validated,validated,validated,,,,,,
2026-06-21 16:45,58,32,26,,,,,,,validated,validated,validated,,,,,,
2026-06-21 17:00,66,30,36,,,,,,,validated,validated,validated,,,,,,
2026-06-21 17:15,66,31,35,,,,,,,validated,validated,validated,,,,,,
2026-06-21 17:30,75,33,42,,,,,,,validated,validated,validated,,,,,,
2026-06-21 17:45,81,42,39,,,,,,,validated,validated,validated,,,,,,
2026-06-21 18:00,63,33,30,,,,,,,validated,validated,validated,,,,,,
2026-06-21 18:15,61,31,30,,,,,,,validated,validated,validated,,,,,,
2026-06-21 18:30,59,26,33,,,,,,,validated,validated,validated,,,,,,
2026-06-21 18:45,62,28,34,,,,,,,validated,validated,validated,,,,,,
2026-06-21 19:00,56,30,26,,,,,,,validated,validated,validated,,,,,,
2026-06-21 19:15,41,24,17,,,,,,,validated,validated,validated,,,,,,
2026-06-21 19:30,58,28,30,,,,,,,validated,validated,validated,,,,,,
2026-06-21 19:45,58,29,29,,,,,,,validated,validated,validated,,,,,,
2026-06-21 20:00,53,28,25,,,,,,,validated,validated,validated,,,,,,
2026-06-21 20:15,47,23,24,,,,,,,validated,validated,validated,,,,,,
2026-06-21 20:30,30,8,22,,,,,,,validated,validated,validated,,,,,,
2026-06-21 20:45,40,12,28,,,,,,,validated,validated,validated,,,,,,
2026-06-21 21:00,43,19,24,,,,,,,validated,validated,validated,,,,,,
2026-06-21 21:15,57,33,24,,,,,,,validated,validated,validated,,,,,,
2026-06-21 21:30,36,18,18,,,,,,,validated,validated,validated,,,,,,
2026-06-21 21:45,17,8,9,,,,,,,validated,validated,validated,,,,,,
2026-06-21 22:00,23,10,13,,,,,,,validated,validated,validated,,,,,,
2026-06-21 22:15,11,4,7,,,,,,,validated,validated,validated,,,,,,
2026-06-21 22:30,17,5,12,,,,,,,validated,validated,validated,,,,,,
2026-06-21 22:45,20,9,11,,,,,,,validated,validated,validated,,,,,,
2026-06-21 23:00,16,6,10,,,,,,,validated,validated,validated,,,,,,
2026-06-21 23:15,7,2,5,,,,,,,validated,validated,validated,,,,,,
2026-06-21 23:30,12,8,4,,,,,,,validated,validated,validated,,,,,,
2026-06-21 23:45,3,1,2,,,,,,,validated,validated,validated,,,,,,
2026-06-22 00:00,3,1,2,,,,,,,validated,validated,validated,,,,,,
2026-06-22 00:15,4,3,1,,,,,,,validated,validated,validated,,,,,,
2026-06-22 00:30,3,0,3,,,,,,,validated,validated,validated,,,,,,
2026-06-22 00:45,0,0,0,,,,,,,validated,validated,validated,,,,,,
2026-06-22 01:00,1,0,1,,,,,,,validated,validated,validated,,,,,,
2026-06-22 01:15,3,2,1,,,,,,,validated,validated,validated,,,,,,
2026-06-22 01:30,2,1,1,,,,,,,validated,validated,validated,,,,,,
2026-06-22 01:45,2,1,1,,,,,,,validated,validated,validated,,,,,,
2026-06-22 02:00,0,0,0,,,,,,,validated,validated,validated,,,,,,
2026-06-22 02:15,0,0,0,,,,,,,validated,validated,validated,,,,,,
2026-06-22 02:30,1,0,1,,,,,,,validated,validated,validated,,,,,,
2026-06-22 02:45,1,0,1,,,,,,,validated,validated,validated,,,,,,
2026-06-22 03:00,0,0,0,,,,,,,validated,validated,validated,,,,,,
2026-06-22 03:15,0,0,0,,,,,,,validated,validated,validated,,,,,,
2026-06-22 03:30,0,0,0,,,,,,,validated,validated,validated,,,,,,
2026-06-22 03:45,1,1,0,,,,,,,validated,validated,validated,,,,,,
2026-06-22 04:00,0,0,0,,,,,,,validated,validated,validated,,,,,,
2026-06-22 04:15,1,0,1,,,,,,,validated,validated,validated,,,,,,
2026-06-22 04:30,1,0,1,,,,,,,validated,validated,validated,,,,,,
2026-06-22 04:45,2,0,2,,,,,,,validated,validated,validated,,,,,,
2026-06-22 05:00,3,3,0,,,,,,,validated,validated,validated,,,,,,
2026-06-22 05:15,4,2,2,,,,,,,validated,validated,validated,,,,,,
2026-06-22 05:30,8,6,2,,,,,,,validated,validated,validated,,,,,,
2026-06-22 05:45,12,6,6,,,,,,,validated,validated,validated,,,,,,
2026-06-22 06:00,20,17,3,,,,,,,validated,validated,validated,,,,,,
2026-06-22 06:15,21,16,5,,,,,,,validated,validated,validated,,,,,,
2026-06-22 06:30,29,23,6,,,,,,,validated,validated,validated,,,,,,
2026-06-22 06:45,45,30,15,,,,,,,validated,validated,validated,,,,,,
2026-06-22 07:00,67,41,26,,,,,,,validated,validated,validated,,,,,,
2026-06-22 07:15,104,70,34,,,,,,,validated,validated,validated,,,,,,
2026-06-22 07:30,203,143,60,,,,,,,validated,validated,validated,,,,,,
2026-06-22 07:45,200,144,56,,,,,,,validated,validated,validated,,,,,,
2026-06-22 08:00,110,88,22,,,,,,,validated,validated,validated,,,,,,
2026-06-22 08:15,132,90,42,,,,,,,validated,validated,validated,,,,,,
2026-06-22 08:30,104,77,27,,,,,,,validated,validated,validated,,,,,,
2026-06-22 08:45,106,78,28,,,,,,,validated,validated,validated,,,,,,
2026-06-22 09:00,68,49,19,,,,,,,validated,validated,validated,,,,,,
2026-06-22 09:15,57,41,16,,,,,,,validated,validated,validated,,,,,,
2026-06-22 09:30,106,70,36,,,,,,,validated,validated,validated,,,,,,
2026-06-22 09:45,104,76,28,,,,,,,validated,validated,validated,,,,,,
2026-06-22 10:00,80,56,24,,,,,,,validated,validated,validated,,,,,,
2026-06-22 10:15,81,46,35,,,,,,,validated,validated,validated,,,,,,
2026-06-22 10:30,75,49,26,,,,,,,validated,validated,validated,,,,,,
2026-06-22 10:45,62,26,36,,,,,,,validated,validated,validated,,,,,,
2026-06-22 11:00,73,42,31,,,,,,,validated,validated,validated,,,,,,
2026-06-22 11:15,103,58,45,,,,,,,validated,validated,validated,,,,,,
2026-06-22 11:30,79,42,37,,,,,,,validated,validated,validated,,,,,,
2026-06-22 11:45,100,51,49,,,,,,,validated,validated,validated,,,,,,
2026-06-22 12:00,87,39,48,,,,,,,validated,validated,validated,,,,,,
2026-06-22 12:15,65,29,36,,,,,,,validated,validated,validated,,,,,,
2026-06-22 12:30,78,42,36,,,,,,,validated,validated,validated,,,,,,
2026-06-22 12:45,99,40,59,,,,,,,validated,validated,validated,,,,,,
2026-06-22 13:00,126,75,51,,,,,,,validated,validated,validated,,,,,,
2026-06-22 13:15,112,47,65,,,,,,,validated,validated,validated,,,,,,
2026-06-22 13:30,79,30,49,,,,,,,validated,validated,validated,,,,,,
2026-06-22 13:45,126,70,56,,,,,,,validated,validated,validated,,,,,,
2026-06-22 14:00,87,39,48,,,,,,,validated,validated,validated,,,,,,
2026-06-22 14:15,94,34,60,,,,,,,validated,validated,validated,,,,,,
2026-06-22 14:30,107,45,62,,,,,,,validated,validated,validated,,,,,,
2026-06-22 14:45,89,39,50,,,,,,,validated,validated,validated,,,,,,
2026-06-22 15:00,83,31,52,,,,,,,validated,validated,validated,,,,,,
2026-06-22 15:15,96,37,59,,,,,,,validated,validated,validated,,,,,,
2026-06-22 15:30,119,48,71,,,,,,,validated,validated,validated,,,,,,
2026-06-22 15:45,141,53,88,,,,,,,validated,validated,validated,,,,,,
2026-06-22 16:00,139,55,84,,,,,,,validated,validated,validated,,,,,,
2026-06-22 16:15,121,46,75,,,,,,,validated,validated,validated,,,,,,
2026-06-22 16:30,131,41,90,,,,,,,validated,validated,validated,,,,,,
2026-06-22 16:45,123,48,75,,,,,,,validated,validated,validated,,,,,,
2026-06-22 17:00,119,43,76,,,,,,,validated,validated,validated,,,,,,
2026-06-22 17:15,130,56,74,,,,,,,validated,validated,validated,,,,,,
2026-06-22 17:30,149,48,101,,,,,,,validated,validated,validated,,,,,,
2026-06-22 17:45,126,66,60,,,,,,,validated,validated,validated,,,,,,
2026-06-22 18:00,101,41,60,,,,,,,validated,validated,validated,,,,,,
2026-06-22 18:15,129,51,78,,,,,,,validated,validated,validated,,,,,,
2026-06-22 18:30,106,43,63,,,,,,,validated,validated,validated,,,,,,
2026-06-22 18:45,102,50,52,,,,,,,validated,validated,validated,,,,,,
2026-06-22 19:00,90,40,50,,,,,,,validated,validated,validated,,,,,,
2026-06-22 19:15,85,38,47,,,,,,,validated,validated,validated,,,,,,
2026-06-22 19:30,68,27,41,,,,,,,validated,validated,validated,,,,,,
2026-06-22 19:45,103,52,51,,,,,,,validated,validated,validated,,,,,,
2026-06-22 20:00,76,29,47,,,,,,,validated,validated,validated,,,,,,
2026-06-22 20:15,48,18,30,,,,,,,validated,validated,validated,,,,,,
2026-06-22 20:30,57,26,31,,,,,,,validated,validated,validated,,,,,,
2026-06-22 20:45,61,25,36,,,,,,,validated,validated,validated,,,,,,
2026-06-22 21:00,48,19,29,,,,,,,validated,validated,validated,,,,,,
2026-06-22 21:15,47,17,30,,,,,,,validated,validated,validated,,,,,,
2026-06-22 21:30,76,40,36,,,,,,,validated,validated,validated,,,,,,
2026-06-22 21:45,40,17,23,,,,,,,validated,validated,validated,,,,,,
2026-06-22 22:00,48,14,34,,,,,,,validated,validated,validated,,,,,,
2026-06-22 22:15,41,11,30,,,,,,,validated,validated,validated,,,,,,
2026-06-22 22:30,24,13,11,,,,,,,validated,validated,validated,,,,,,
2026-06-22 22:45,19,7,12,,,,,,,validated,validated,validated,,,,,,
2026-06-22 23:00,24,8,16,,,,,,,validated,validated,validated,,,,,,
2026-06-22 23:15,19,11,8,,,,,,,validated,validated,validated,,,,,,
2026-06-22 23:30,20,10,10,,,,,,,validated,validated,validated,,,,,,
2026-06-22 23:45,6,0,6,,,,,,,validated,validated,validated,,,,,,
2026-06-23 00:00,4,1,3,,,,,,,validated,validated,validated,,,,,,
2026-06-23 00:15,7,2,5,,,,,,,validated,validated,validated,,,,,,
2026-06-23 00:30,7,3,4,,,,,,,validated,validated,validated,,,,,,
2026-06-23 00:45,2,0,2,,,,,,,validated,validated,validated,,,,,,
2026-06-23 01:00,3,0,3,,,,,,,validated,validated,validated,,,,,,
2026-06-23 01:15,3,1,2,,,,,,,validated,validated,validated,,,,,,
2026-06-23 01:30,0,0,0,,,,,,,validated,validated,validated,,,,,,
2026-06-23 01:45,0,0,0,,,,,,,validated,validated,validated,,,,,,
2026-06-23 02:00,0,0,0,,,,,,,validated,validated,validated,,,,,,
2026-06-23 02:15,3,0,3,,,,,,,validated,validated,validated,,,,,,
2026-06-23 02:30,0,0,0,,,,,,,validated,validated,validated,,,,,,
2026-06-23 02:45,2,0,2,,,,,,,validated,validated,validated,,,,,,
2026-06-23 03:00,0,0,0,,,,,,,validated,validated,validated,,,,,,
2026-06-23 03:15,0,0,0,,,,,,,validated,validated,validated,,,,,,
2026-06-23 03:30,1,1,0,,,,,,,validated,validated,validated,,,,,,
2026-06-23 03:45,1,1,0,,,,,,,validated,validated,validated,,,,,,
2026-06-23 04:00,1,0,1,,,,,,,validated,validated,validated,,,,,,
2026-06-23 04:15,0,0,0,,,,,,,validated,validated,validated,,,,,,
2026-06-23 04:30,1,0,1,,,,,,,validated,validated,validated,,,,,,
2026-06-23 04:45,1,0,1,,,,,,,validated,validated,validated,,,,,,
2026-06-23 05:00,2,2,0,,,,,,,validated,validated,validated,,,,,,
2026-06-23 05:15,7,3,4,,,,,,,validated,validated,validated,,,,,,
2026-06-23 05:30,11,7,4,,,,,,,validated,validated,validated,,,,,,
2026-06-23 05:45,13,8,5,,,,,,,validated,validated,validated,,,,,,
2026-06-23 06:00,19,12,7,,,,,,,validated,validated,validated,,,,,,
2026-06-23 06:15,26,20,6,,,,,,,validated,validated,validated,,,,,,
2026-06-23 06:30,32,23,9,,,,,,,validated,validated,validated,,,,,,
2026-06-23 06:45,48,37,11,,,,,,,validated,validated,validated,,,,,,
2026-06-23 07:00,65,46,19,,,,,,,validated,validated,validated,,,,,,
2026-06-23 07:15,105,74,31,,,,,,,validated,validated,validated,,,,,,
2026-06-23 07:30,206,145,61,,,,,,,validated,validated,validated,,,,,,
2026-06-23 07:45,211,145,66,,,,,,,validated,validated,validated,,,,,,
2026-06-23 08:00,145,107,38,,,,,,,validated,validated,validated,,,,,,
2026-06-23 08:15,131,96,35,,,,,,,validated,validated,validated,,,,,,
2026-06-23 08:30,109,72,37,,,,,,,validated,validated,validated,,,,,,
2026-06-23 08:45,113,82,31,,,,,,,validated,validated,validated,,,,,,
2026-06-23 09:00,69,49,20,,,,,,,validated,validated,validated,,,,,,
2026-06-23 09:15,65,49,16,,,,,,,validated,validated,validated,,,,,,
2026-06-23 09:30,130,93,37,,,,,,,validated,validated,validated,,,,,,
2026-06-23 09:45,108,77,31,,,,,,,validated,validated,validated,,,,,,
2026-06-23 10:00,88,63,25,,,,,,,validated,validated,validated,,,,,,
2026-06-23 10:15,77,42,35,,,,,,,validated,validated,validated,,,,,,
2026-06-23 10:30,70,44,26,,,,,,,validated,validated,validated,,,,,,
2026-06-23 10:45,67,41,26,,,,,,,validated,validated,validated,,,,,,
2026-06-23 11:00,70,36,34,,,,,,,validated,validated,validated,,,,,,
2026-06-23 11:15,109,68,41,,,,,,,validated,validated,validated,,,,,,
2026-06-23 11:30,72,38,34,,,,,,,validated,validated,validated,,,,,,
2026-06-23 11:45,108,50,58,,,,,,,validated,validated,validated,,,,,,
2026-06-23 12:00,93,40,53,,,,,,,validated,validated,validated,,,,,,
2026-06-23 12:15,92,38,54,,,,,,,validated,validated,validated,,,,,,
2026-06-23 12:30,104,37,67,,,,,,,validated,validated,validated,,,,,,
2026-06-23 12:45,74,35,39,,,,,,,validated,validated,validated,,,,,,
2026-06-23 13:00,149,63,86,,,,,,,validated,validated,validated,,,,,,
2026-06-23 13:15,97,43,54,,,,,,,validated,validated,validated,,,,,,
2026-06-23 13:30,90,46,44,,,,,,,validated,validated,validated,,,,,,
2026-06-23 13:45,106,54,52,,,,,,,validated,validated,validated,,,,,,
2026-06-23 14:00,97,38,59,,,,,,,validated,validated,validated,,,,,,
2026-06-23 14:15,105,49,56,,,,,,,validated,validated,validated,,,,,,
2026-06-23 14:30,82,37,45,,,,,,,validated,validated,validated,,,,,,
2026-06-23 14:45,137,58,79,,,,,,,validated,validated,validated,,,,,,
2026-06-23 15:00,110,51,59,,,,,,,validated,validated,validated,,,,,,
2026-06-23 15:15,107,37,70,,,,,,,validated,validated,validated,,,,,,
2026-06-23 15:30,114,44,70,,,,,,,validated,validated,validated,,,,,,
2026-06-23 15:45,149,55,94,,,,,,,validated,validated,validated,,,,,,
2026-06-23 16:00,145,58,87,,,,,,,validated,validated,validated,,,,,,
2026-06-23 16:15,118,45,73,,,,,,,validated,validated,validated,,,,,,
2026-06-23 16:30,105,46,59,,,,,,,validated,validated,validated,,,,,,
2026-06-23 16:45,147,69,78,,,,,,,validated,validated,validated,,,,,,
2026-06-23 17:00,127,51,76,,,,,,,validated,validated,validated,,,,,,
2026-06-23 17:15,132,51,81,,,,,,,validated,validated,validated,,,,,,
2026-06-23 17:30,113,40,73,,,,,,,validated,validated,validated,,,,,,
2026-06-23 17:45,164,57,107,,,,,,,validated,validated,validated,,,,,,
2026-06-23 18:00,125,56,69,,,,,,,validated,validated,validated,,,,,,
2026-06-23 18:15,119,41,78,,,,,,,validated,validated,validated,,,,,,
2026-06-23 18:30,113,46,67,,,,,,,validated,validated,validated,,,,,,
2026-06-23 18:45,115,57,58,,,,,,,validated,validated,validated,,,,,,
2026-06-23 19:00,99,42,57,,,,,,,validated,validated,validated,,,,,,
2026-06-23 19:15,85,32,53,,,,,,,validated,validated,validated,,,,,,
2026-06-23 19:30,96,38,58,,,,,,,validated,validated,validated,,,,,,
2026-06-23 19:45,83,34,49,,,,,,,validated,validated,validated,,,,,,
2026-06-23 20:00,70,23,47,,,,,,,validated,validated,validated,,,,,,
2026-06-23 20:15,69,36,33,,,,,,,validated,validated,validated,,,,,,
2026-06-23 20:30,61,30,31,,,,,,,validated,validated,validated,,,,,,
2026-06-23 20:45,44,20,24,,,,,,,validated,validated,validated,,,,,,
2026-06-23 21:00,76,42,34,,,,,,,validated,validated,validated,,,,,,
2026-06-23 21:15,47,16,31,,,,,,,validated,validated,validated,,,,,,
2026-06-23 21:30,50,15,35,,,,,,,validated,validated,validated,,,,,,
2026-06-23 21:45,33,13,20,,,,,,,validated,validated,validated,,,,,,
2026-06-23 22:00,65,28,37,,,,,,,validated,validated,validated,,,,,,
2026-06-23 22:15,48,19,29,,,,,,,validated,validated,validated,,,,,,
2026-06-23 22:30,43,15,28,,,,,,,validated,validated,validated,,,,,,
2026-06-23 22:45,22,6,16,,,,,,,validated,validated,validated,,,,,,
2026-06-23 23:00,22,6,16,,,,,,,validated,validated,validated,,,,,,
2026-06-23 23:15,20,6,14,,,,,,,validated,validated,validated,,,,,,
2026-06-23 23:30,13,8,5,,,,,,,validated,validated,validated,,,,,,
2026-06-23 23:45,14,6,8,,,,,,,validated,validated,validated,,,,,,
2026-06-24 00:00,7,4,3,,,,,,,validated,validated,validated,,,,,,
2026-06-24 00:15,11,7,4,,,,,,,validated,validated,validated,,,,,,
2026-06-24 00:30,4,3,1,,,,,,,validated,validated,validated,,,,,,
2026-06-24 00:45,5,1,4,,,,,,,validated,validated,validated,,,,,,
2026-06-24 01:00,3,2,1,,,,,,,validated,validated,validated,,,,,,
2026-06-24 01:15,7,6,1,,,,,,,validated,validated,validated,,,,,,
2026-06-24 01:30,1,0,1,,,,,,,validated,validated,validated,,,,,,
2026-06-24 01:45,1,0,1,,,,,,,validated,validated,validated,,,,,,
2026-06-24 02:00,4,0,4,,,,,,,validated,validated,validated,,,,,,
2026-06-24 02:15,4,3,1,,,,,,,validated,validated,validated,,,,,,
2026-06-24 02:30,0,0,0,,,,,,,validated,validated,validated,,,,,,
2026-06-24 02:45,0,0,0,,,,,,,validated,validated,validated,,,,,,
2026-06-24 03:00,1,1,0,,,,,,,validated,validated,validated,,,,,,
2026-06-24 03:15,0,0,0,,,,,,,validated,validated,validated,,,,,,
2026-06-24 03:30,1,0,1,,,,,,,validated,validated,validated,,,,,,
2026-06-24 03:45,3,2,1,,,,,,,validated,validated,validated,,,,,,
2026-06-24 04:00,0,0,0,,,,,,,validated,validated,validated,,,,,,
2026-06-24 04:15,1,1,0,,,,,,,validated,validated,validated,,,,,,
2026-06-24 04:30,2,1,1,,,,,,,validated,validated,validated,,,,,,
2026-06-24 04:45,1,0,1,,,,,,,validated,validated,validated,,,,,,
2026-06-24 05:00,1,1,0,,,,,,,validated,validated,validated,,,,,,
2026-06-24 05:15,6,5,1,,,,,,,validated,validated,validated,,,,,,
2026-06-24 05:30,8,6,2,,,,,,,validated,validated,validated,,,,,,
2026-06-24 05:45,24,15,9,,,,,,,validated,validated,validated,,,,,,
2026-06-24 06:00,8,6,2,,,,,,,validated,validated,validated,,,,,,
2026-06-24 06:15,28,22,6,,,,,,,validated,validated,validated,,,,,,
2026-06-24 06:30,41,29,12,,,,,,,validated,validated,validated,,,,,,
2026-06-24 06:45,50,34,16,,,,,,,validated,validated,validated,,,,,,
2026-06-24 07:00,68,48,20,,,,,,,validated,validated,validated,,,,,,
2026-06-24 07:15,125,95,30,,,,,,,validated,validated,validated,,,,,,
2026-06-24 07:30,201,142,59,,,,,,,validated,validated,validated,,,,,,
2026-06-24 07:45,197,138,59,,,,,,,validated,validated,validated,,,,,,
2026-06-24 08:00,144,117,27,,,,,,,validated,validated,validated,,,,,,
2026-06-24 08:15,151,103,48,,,,,,,validated,validated,validated,,,,,,
2026-06-24 08:30,114,82,32,,,,,,,validated,validated,validated,,,,,,
2026-06-24 08:45,136,100,36,,,,,,,validated,validated,validated,,,,,,
2026-06-24 09:00,95,61,34,,,,,,,validated,validated,validated,,,,,,
2026-06-24 09:15,112,70,42,,,,,,,validated,validated,validated,,,,,,
2026-06-24 09:30,116,66,50,,,,,,,validated,validated,validated,,,,,,
2026-06-24 09:45,104,77,27,,,,,,,validated,validated,validated,,,,,,
2026-06-24 10:00,103,76,27,,,,,,,validated,validated,validated,,,,,,
2026-06-24 10:15,81,49,32,,,,,,,validated,validated,validated,,,,,,
2026-06-24 10:30,76,42,34,,,,,,,validated,validated,validated,,,,,,
2026-06-24 10:45,78,44,34,,,,,,,validated,validated,validated,,,,,,
2026-06-24 11:00,75,36,39,,,,,,,validated,validated,validated,,,,,,
2026-06-24 11:15,163,86,77,,,,,,,validated,validated,validated,,,,,,
2026-06-24 11:30,94,42,52,,,,,,,validated,validated,validated,,,,,,
2026-06-24 11:45,120,64,56,,,,,,,validated,validated,validated,,,,,,
2026-06-24 12:00,92,30,62,,,,,,,validated,validated,validated,,,,,,
2026-06-24 12:15,96,37,59,,,,,,,validated,validated,validated,,,,,,
2026-06-24 12:30,102,46,56,,,,,,,validated,validated,validated,,,,,,
2026-06-24 12:45,99,33,66,,,,,,,validated,validated,validated,,,,,,
2026-06-24 13:00,111,44,67,,,,,,,validated,validated,validated,,,,,,
2026-06-24 13:15,93,34,59,,,,,,,validated,validated,validated,,,,,,
2026-06-24 13:30,92,36,56,,,,,,,validated,validated,validated,,,,,,
2026-06-24 13:45,107,53,54,,,,,,,validated,validated,validated,,,,,,
2026-06-24 14:00,103,32,71,,,,,,,validated,validated,validated,,,,,,
2026-06-24 14:15,90,38,52,,,,,,,validated,validated,validated,,,,,,
2026-06-24 14:30,77,34,43,,,,,,,validated,validated,validated,,,,,,
2026-06-24 14:45,76,33,43,,,,,,,validated,validated,validated,,,,,,
2026-06-24 15:00,96,36,60,,,,,,,validated,validated,validated,,,,,,
2026-06-24 15:15,96,44,52,,,,,,,validated,validated,validated,,,,,,
2026-06-24 15:30,85,39,46,,,,,,,validated,validated,validated,,,,,,
2026-06-24 15:45,98,40,58,,,,,,,validated,validated,validated,,,,,,
2026-06-24 16:00,115,45,70,,,,,,,validated,validated,validated,,,,,,
2026-06-24 16:15,134,38,96,,,,,,,validated,validated,validated,,,,,,
2026-06-24 16:30,109,46,63,,,,,,,validated,validated,validated,,,,,,
2026-06-24 16:45,107,35,72,,,,,,,validated,validated,validated,,,,,,
2026-06-24 17:00,112,50,62,,,,,,,validated,validated,validated,,,,,,
2026-06-24 17:15,101,40,61,,,,,,,validated,validated,validated,,,,,,
2026-06-24 17:30,108,57,51,,,,,,,validated,validated,validated,,,,,,
2026-06-24 17:45,126,56,70,,,,,,,validated,validated,validated,,,,,,
2026-06-24 18:00,118,48,70,,,,,,,validated,validated,validated,,,,,,
2026-06-24 18:15,111,47,64,,,,,,,validated,validated,validated,,,,,,
2026-06-24 18:30,89,36,53,,,,,,,validated,validated,validated,,,,,,
2026-06-24 18:45,106,54,52,,,,,,,validated,validated,validated,,,,,,
2026-06-24 19:00,105,49,56,,,,,,,validated,validated,validated,,,,,,
2026-06-24 19:15,81,39,42,,,,,,,validated,validated,validated,,,,,,
2026-06-24 19:30,92,42,50,,,,,,,validated,validated,validated,,,,,,
2026-06-24 19:45,78,42,36,,,,,,,validated,validated,validated,,,,,,
2026-06-24 20:00,69,18,51,,,,,,,validated,validated,validated,,,,,,
2026-06-24 20:15,82,36,46,,,,,,,validated,validated,validated,,,,,,
2026-06-24 20:30,66,26,40,,,,,,,validated,validated,validated,,,,,,
2026-06-24 20:45,65,23,42,,,,,,,validated,validated,validated,,,,,,
2026-06-24 21:00,62,25,37,,,,,,,validated,validated,validated,,,,,,
2026-06-24 21:15,57,25,32,,,,,,,validated,validated,validated,,,,,,
2026-06-24 21:30,58,19,39,,,,,,,validated,validated,validated,,,,,,
2026-06-24 21:45,52,29,23,,,,,,,validated,validated,validated,,,,,,
2026-06-24 22:00,54,20,34,,,,,,,validated,validated,validated,,,,,,
2026-06-24 22:15,69,30,39,,,,,,,validated,validated,validated,,,,,,
2026-06-24 22:30,52,26,26,,,,,,,validated,validated,validated,,,,,,
2026-06-24 22:45,48,23,25,,,,,,,validated,validated,validated,,,,,,
2026-06-24 23:00,20,6,14,,,,,,,validated,validated,validated,,,,,,
2026-06-24 23:15,25,13,12,,,,,,,validated,validated,validated,,,,,,
2026-06-24 23:30,18,6,12,,,,,,,validated,validated,validated,,,,,,
2026-06-24 23:45,10,4,6,,,,,,,validated,validated,validated,,,,,,
2026-06-25 00:00,12,9,3,,,,,,,validated,validated,validated,,,,,,
2026-06-25 00:15,12,6,6,,,,,,,validated,validated,validated,,,,,,
2026-06-25 00:30,7,1,6,,,,,,,validated,validated,validated,,,,,,
2026-06-25 00:45,7,4,3,,,,,,,validated,validated,validated,,,,,,
2026-06-25 01:00,4,2,2,,,,,,,validated,validated,validated,,,,,,
2026-06-25 01:15,4,0,4,,,,,,,validated,validated,validated,,,,,,
2026-06-25 01:30,9,6,3,,,,,,,validated,validated,validated,,,,,,
2026-06-25 01:45,8,2,6,,,,,,,validated,validated,validated,,,,,,
2026-06-25 02:00,3,2,1,,,,,,,validated,validated,validated,,,,,,
2026-06-25 02:15,5,1,4,,,,,,,validated,validated,validated,,,,,,
2026-06-25 02:30,1,0,1,,,,,,,validated,validated,validated,,,,,,
2026-06-25 02:45,3,1,2,,,,,,,validated,validated,validated,,,,,,
2026-06-25 03:00,2,0,2,,,,,,,validated,validated,validated,,,,,,
2026-06-25 03:15,5,1,4,,,,,,,validated,validated,validated,,,,,,
2026-06-25 03:30,3,1,2,,,,,,,validated,validated,validated,,,,,,
2026-06-25 03:45,3,3,0,,,,,,,validated,validated,validated,,,,,,
2026-06-25 04:00,1,0,1,,,,,,,validated,validated,validated,,,,,,
2026-06-25 04:15,1,1,0,,,,,,,validated,validated,validated,,,,,,
2026-06-25 04:30,2,0,2,,,,,,,validated,validated,validated,,,,,,
2026-06-25 04:45,1,0,1,,,,,,,validated,validated,validated,,,,,,
2026-06-25 05:00,4,1,3,,,,,,,validated,validated,validated,,,,,,
2026-06-25 05:15,6,4,2,,,,,,,validated,validated,validated,,,,,,
2026-06-25 05:30,11,6,5,,,,,,,validated,validated,validated,,,,,,
2026-06-25 05:45,9,6,3,,,,,,,validated,validated,validated,,,,,,
2026-06-25 06:00,19,13,6,,,,,,,validated,validated,validated,,,,,,
2026-06-25 06:15,18,12,6,,,,,,,validated,validated,validated,,,,,,
2026-06-25 06:30,38,22,16,,,,,,,validated,validated,validated,,,,,,
2026-06-25 06:45,49,33,16,,,,,,,validated,validated,validated,,,,,,
2026-06-25 07:00,60,40,20,,,,,,,validated,validated,validated,,,,,,
2026-06-25 07:15,122,91,31,,,,,,,validated,validated,validated,,,,,,
2026-06-25 07:30,196,144,52,,,,,,,validated,validated,validated,,,,,,
2026-06-25 07:45,193,137,56,,,,,,,validated,validated,validated,,,,,,
2026-06-25 08:00,129,99,30,,,,,,,validated,validated,validated,,,,,,
2026-06-25 08:15,110,72,38,,,,,,,validated,validated,validated,,,,,,
2026-06-25 08:30,110,76,34,,,,,,,validated,validated,validated,,,,,,
2026-06-25 08:45,92,62,30,,,,,,,validated,validated,validated,,,,,,
2026-06-25 09:00,90,67,23,,,,,,,validated,validated,validated,,,,,,
2026-06-25 09:15,87,62,25,,,,,,,validated,validated,validated,,,,,,
2026-06-25 09:30,113,80,33,,,,,,,validated,validated,validated,,,,,,
2026-06-25 09:45,109,71,38,,,,,,,validated,validated,validated,,,,,,
2026-06-25 10:00,70,56,14,,,,,,,validated,validated,validated,,,,,,
2026-06-25 10:15,67,45,22,,,,,,,validated,validated,validated,,,,,,
2026-06-25 10:30,80,49,31,,,,,,,validated,validated,validated,,,,,,
2026-06-25 10:45,77,39,38,,,,,,,validated,validated,validated,,,,,,
2026-06-25 11:00,71,36,35,,,,,,,validated,validated,validated,,,,,,
2026-06-25 11:15,150,67,83,,,,,,,validated,validated,validated,,,,,,
2026-06-25 11:30,76,38,38,,,,,,,validated,validated,validated,,,,,,
2026-06-25 11:45,81,49,32,,,,,,,validated,validated,validated,,,,,,
2026-06-25 12:00,85,33,52,,,,,,,validated,validated,validated,,,,,,
2026-06-25 12:15,76,32,44,,,,,,,validated,validated,validated,,,,,,
2026-06-25 12:30,91,36,55,,,,,,,validated,validated,validated,,,,,,
2026-06-25 12:45,69,25,44,,,,,,,validated,validated,validated,,,,,,
2026-06-25 13:00,103,37,66,,,,,,,validated,validated,validated,,,,,,
2026-06-25 13:15,92,37,55,,,,,,,validated,validated,validated,,,,,,
2026-06-25 13:30,89,37,52,,,,,,,validated,validated,validated,,,,,,
2026-06-25 13:45,87,40,47,,,,,,,validated,validated,validated,,,,,,
2026-06-25 14:00,88,31,57,,,,,,,validated,validated,validated,,,,,,
2026-06-25 14:15,84,35,49,,,,,,,validated,validated,validated,,,,,,
2026-06-25 14:30,77,34,43,,,,,,,validated,validated,validated,,,,,,
2026-06-25 14:45,71,33,38,,,,,,,validated,validated,validated,,,,,,
2026-06-25 15:00,101,37,64,,,,,,,validated,validated,validated,,,,,,
2026-06-25 15:15,93,33,60,,,,,,,validated,validated,validated,,,,,,
2026-06-25 15:30,88,23,65,,,,,,,validated,validated,validated,,,,,,
2026-06-25 15:45,85,31,54,,,,,,,validated,validated,validated,,,,,,
2026-06-25 16:00,112,39,73,,,,,,,validated,validated,validated,,,,,,
2026-06-25 16:15,99,28,71,,,,,,,validated,validated,validated,,,,,,
2026-06-25 16:30,97,38,59,,,,,,,validated,validated,validated,,,,,,
2026-06-25 16:45,103,38,65,,,,,,,validated,validated,validated,,,,,,
2026-06-25 17:00,119,45,74,,,,,,,validated,validated,validated,,,,,,
2026-06-25 17:15,89,37,52,,,,,,,validated,validated,validated,,,,,,
2026-06-25 17:30,96,31,65,,,,,,,validated,validated,validated,,,,,,
2026-06-25 17:45,121,60,61,,,,,,,validated,validated,validated,,,,,,
2026-06-25 18:00,102,42,60,,,,,,,validated,validated,validated,,,,,,
2026-06-25 18:15,110,50,60,,,,,,,validated,validated,validated,,,,,,
2026-06-25 18:30,91,43,48,,,,,,,validated,validated,validated,,,,,,
2026-06-25 18:45,109,58,51,,,,,,,validated,validated,validated,,,,,,
2026-06-25 19:00,87,46,41,,,,,,,validated,validated,validated,,,,,,
2026-06-25 19:15,110,58,52,,,,,,,validated,validated,validated,,,,,,
2026-06-25 19:30,87,38,49,,,,,,,validated,validated,validated,,,,,,
2026-06-25 19:45,80,44,36,,,,,,,validated,validated,validated,,,,,,
2026-06-25 20:00,89,56,33,,,,,,,validated,validated,validated,,,,,,
2026-06-25 20:15,59,27,32,,,,,,,validated,validated,validated,,,,,,
2026-06-25 20:30,59,37,22,,,,,,,validated,validated,validated,,,,,,
2026-06-25 20:45,71,49,22,,,,,,,validated,validated,validated,,,,,,
2026-06-25 21:00,70,40,30,,,,,,,validated,validated,validated,,,,,,
2026-06-25 21:15,80,50,30,,,,,,,validated,validated,validated,,,,,,
2026-06-25 21:30,89,42,47,,,,,,,validated,validated,validated,,,,,,
2026-06-25 21:45,59,27,32,,,,,,,validated,validated,validated,,,,,,
2026-06-25 22:00,26,9,17,,,,,,,validated,validated,validated,,,,,,
2026-06-25 22:15,27,7,20,,,,,,,validated,validated,validated,,,,,,
2026-06-25 22:30,26,11,15,,,,,,,validated,validated,validated,,,,,,
2026-06-25 22:45,16,4,12,,,,,,,validated,validated,validated,,,,,,
2026-06-25 23:00,39,17,22,,,,,,,validated,validated,validated,,,,,,
2026-06-25 23:15,14,3,11,,,,,,,validated,validated,validated,,,,,,
2026-06-25 23:30,15,8,7,,,,,,,validated,validated,validated,,,,,,
2026-06-25 23:45,13,1,12,,,,,,,validated,validated,validated,,,,,,
2026-06-26 00:00,96,38,58,,,,,,,validated,validated,validated,,,,,,
2026-06-26 00:15,103,28,75,,,,,,,validated,validated,validated,,,,,,
2026-06-26 00:30,42,8,34,,,,,,,validated,validated,validated,,,,,,
2026-06-26 00:45,28,7,21,,,,,,,validated,validated,validated,,,,,,
2026-06-26 01:00,25,9,16,,,,,,,validated,validated,validated,,,,,,
2026-06-26 01:15,9,2,7,,,,,,,validated,validated,validated,,,,,,
2026-06-26 01:30,10,5,5,,,,,,,validated,validated,validated,,,,,,
2026-06-26 01:45,6,1,5,,,,,,,validated,validated,validated,,,,,,
2026-06-26 02:00,6,2,4,,,,,,,validated,validated,validated,,,,,,
2026-06-26 02:15,3,0,3,,,,,,,validated,validated,validated,,,,,,
2026-06-26 02:30,3,0,3,,,,,,,validated,validated,validated,,,,,,
2026-06-26 02:45,1,0,1,,,,,,,validated,validated,validated,,,,,,
2026-06-26 03:00,4,0,4,,,,,,,validated,validated,validated,,,,,,
2026-06-26 03:15,2,0,2,,,,,,,validated,validated,validated,,,,,,
2026-06-26 03:30,1,0,1,,,,,,,validated,validated,validated,,,,,,
2026-06-26 03:45,1,0,1,,,,,,,validated,validated,validated,,,,,,
2026-06-26 04:00,2,2,0,,,,,,,validated,validated,validated,,,,,,
2026-06-26 04:15,0,0,0,,,,,,,validated,validated,validated,,,,,,
2026-06-26 04:30,2,0,2,,,,,,,validated,validated,validated,,,,,,
2026-06-26 04:45,2,2,0,,,,,,,validated,validated,validated,,,,,,
2026-06-26 05:00,4,1,3,,,,,,,validated,validated,validated,,,,,,
2026-06-26 05:15,6,5,1,,,,,,,validated,validated,validated,,,,,,
2026-06-26 05:30,7,5,2,,,,,,,validated,validated,validated,,,,,,
2026-06-26 05:45,12,9,3,,,,,,,validated,validated,validated,,,,,,
2026-06-26 06:00,12,8,4,,,,,,,validated,validated,validated,,,,,,
2026-06-26 06:15,21,14,7,,,,,,,validated,validated,validated,,,,,,
2026-06-26 06:30,33,23,10,,,,,,,validated,validated,validated,,,,,,
2026-06-26 06:45,35,22,13,,,,,,,validated,validated,validated,,,,,,
2026-06-26 07:00,48,33,15,,,,,,,validated,validated,validated,,,,,,
2026-06-26 07:15,86,64,22,,,,,,,validated,validated,validated,,,,,,
2026-06-26 07:30,185,123,62,,,,,,,validated,validated,validated,,,,,,
2026-06-26 07:45,144,104,40,,,,,,,validated,validated,validated,,,,,,
2026-06-26 08:00,109,80,29,,,,,,,validated,validated,validated,,,,,,
2026-06-26 08:15,71,41,30,,,,,,,validated,validated,validated,,,,,,
2026-06-26 08:30,98,62,36,,,,,,,validated,validated,validated,,,,,,
2026-06-26 08:45,93,63,30,,,,,,,validated,validated,validated,,,,,,
2026-06-26 09:00,69,51,18,,,,,,,validated,validated,validated,,,,,,
2026-06-26 09:15,73,40,33,,,,,,,validated,validated,validated,,,,,,
2026-06-26 09:30,95,70,25,,,,,,,validated,validated,validated,,,,,,
2026-06-26 09:45,72,53,19,,,,,,,validated,validated,validated,,,,,,
2026-06-26 10:00,70,45,25,,,,,,,validated,validated,validated,,,,,,
2026-06-26 10:15,57,34,23,,,,,,,validated,validated,validated,,,,,,
2026-06-26 10:30,81,46,35,,,,,,,validated,validated,validated,,,,,,
2026-06-26 10:45,56,30,26,,,,,,,validated,validated,validated,,,,,,
2026-06-26 11:00,62,31,31,,,,,,,validated,validated,validated,,,,,,
2026-06-26 11:15,172,79,93,,,,,,,validated,validated,validated,,,,,,
2026-06-26 11:30,97,38,59,,,,,,,validated,validated,validated,,,,,,
2026-06-26 11:45,73,37,36,,,,,,,validated,validated,validated,,,,,,
2026-06-26 12:00,72,25,47,,,,,,,validated,validated,validated,,,,,,
2026-06-26 12:15,99,45,54,,,,,,,validated,validated,validated,,,,,,
2026-06-26 12:30,74,34,40,,,,,,,validated,validated,validated,,,,,,
2026-06-26 12:45,72,32,40,,,,,,,validated,validated,validated,,,,,,
2026-06-26 13:00,80,36,44,,,,,,,validated,validated,validated,,,,,,
2026-06-26 13:15,91,42,49,,,,,,,validated,validated,validated,,,,,,
2026-06-26 13:30,82,24,58,,,,,,,validated,validated,validated,,,,,,
2026-06-26 13:45,80,35,45,,,,,,,validated,validated,validated,,,,,,
2026-06-26 14:00,74,33,41,,,,,,,validated,validated,validated,,,,,,
2026-06-26 14:15,95,36,59,,,,,,,validated,validated,validated,,,,,,
2026-06-26 14:30,79,27,52,,,,,,,validated,validated,validated,,,,,,
2026-06-26 14:45,87,32,55,,,,,,,validated,validated,validated,,,,,,
2026-06-26 15:00,83,30,53,,,,,,,validated,validated,validated,,,,,,
2026-06-26 15:15,58,26,32,,,,,,,validated,validated,validated,,,,,,
2026-06-26 15:30,72,30,42,,,,,,,validated,validated,validated,,,,,,
2026-06-26 15:45,77,33,44,,,,,,,validated,validated,validated,,,,,,
2026-06-26 16:00,77,25,52,,,,,,,validated,validated,validated,,,,,,
2026-06-26 16:15,69,27,42,,,,,,,validated,validated,validated,,,,,,
2026-06-26 16:30,55,23,32,,,,,,,validated,validated,validated,,,,,,
2026-06-26 16:45,65,35,30,,,,,,,validated,validated,validated,,,,,,
2026-06-26 17:00,53,18,35,,,,,,,validated,validated,validated,,,,,,
2026-06-26 17:15,75,28,47,,,,,,,validated,validated,validated,,,,,,
2026-06-26 17:30,64,28,36,,,,,,,validated,validated,validated,,,,,,
2026-06-26 17:45,61,24,37,,,,,,,validated,validated,validated,,,,,,
2026-06-26 18:00,69,27,42,,,,,,,validated,validated,validated,,,,,,
2026-06-26 18:15,61,33,28,,,,,,,validated,validated,validated,,,,,,
2026-06-26 18:30,65,35,30,,,,,,,validated,validated,validated,,,,,,
2026-06-26 18:45,64,27,37,,,,,,,validated,validated,validated,,,,,,
2026-06-26 19:00,75,35,40,,,,,,,validated,validated,validated,,,,,,
2026-06-26 19:15,69,37,32,,,,,,,validated,validated,validated,,,,,,
2026-06-26 19:30,68,42,26,,,,,,,validated,validated,validated,,,,,,
2026-06-26 19:45,64,41,23,,,,,,,validated,validated,validated,,,,,,
2026-06-26 20:00,49,26,23,,,,,,,validated,validated,validated,,,,,,
2026-06-26 20:15,57,28,29,,,,,,,validated,validated,validated,,,,,,
2026-06-26 20:30,43,21,22,,,,,,,validated,validated,validated,,,,,,
2026-06-26 20:45,44,26,18,,,,,,,validated,validated,validated,,,,,,
2026-06-26 21:00,50,25,25,,,,,,,validated,validated,validated,,,,,,
2026-06-26 21:15,38,16,22,,,,,,,validated,validated,validated,,,,,,
2026-06-26 21:30,40,22,18,,,,,,,validated,validated,validated,,,,,,
2026-06-26 21:45,40,16,24,,,,,,,validated,validated,validated,,,,,,
2026-06-26 22:00,40,25,15,,,,,,,validated,validated,validated,,,,,,
2026-06-26 22:15,30,13,17,,,,,,,validated,validated,validated,,,,,,
2026-06-26 22:30,30,17,13,,,,,,,validated,validated,validated,,,,,,
2026-06-26 22:45,42,20,22,,,,,,,validated,validated,validated,,,,,,
2026-06-26 23:00,35,20,15,,,,,,,validated,validated,validated,,,,,,
2026-06-26 23:15,35,21,14,,,,,,,validated,validated,validated,,,,,,
2026-06-26 23:30,26,13,13,,,,,,,validated,validated,validated,,,,,,
2026-06-26 23:45,32,17,15,,,,,,,validated,validated,validated,,,,,,
2026-06-27 00:00,28,16,12,,,,,,,validated,validated,validated,,,,,,
2026-06-27 00:15,13,4,9,,,,,,,validated,validated,validated,,,,,,
2026-06-27 00:30,21,9,12,,,,,,,validated,validated,validated,,,,,,
2026-06-27 00:45,21,10,11,,,,,,,validated,validated,validated,,,,,,
2026-06-27 01:00,25,8,17,,,,,,,validated,validated,validated,,,,,,
2026-06-27 01:15,10,2,8,,,,,,,validated,validated,validated,,,,,,
2026-06-27 01:30,19,6,13,,,,,,,validated,validated,validated,,,,,,
2026-06-27 01:45,17,4,13,,,,,,,validated,validated,validated,,,,,,
2026-06-27 02:00,5,2,3,,,,,,,validated,validated,validated,,,,,,
2026-06-27 02:15,12,2,10,,,,,,,validated,validated,validated,,,,,,
2026-06-27 02:30,2,0,2,,,,,,,validated,validated,validated,,,,,,
2026-06-27 02:45,3,2,1,,,,,,,validated,validated,validated,,,,,,
2026-06-27 03:00,7,0,7,,,,,,,validated,validated,validated,,,,,,
2026-06-27 03:15,2,2,0,,,,,,,validated,validated,validated,,,,,,
2026-06-27 03:30,4,2,2,,,,,,,validated,validated,validated,,,,,,
2026-06-27 03:45,7,3,4,,,,,,,validated,validated,validated,,,,,,
2026-06-27 04:00,5,0,5,,,,,,,validated,validated,validated,,,,,,
2026-06-27 04:15,3,1,2,,,,,,,validated,validated,validated,,,,,,
2026-06-27 04:30,0,0,0,,,,,,,validated,validated,validated,,,,,,
2026-06-27 04:45,3,1,2,,,,,,,validated,validated,validated,,,,,,
2026-06-27 05:00,3,2,1,,,,,,,validated,validated,validated,,,,,,
2026-06-27 05:15,3,1,2,,,,,,,validated,validated,validated,,,,,,
2026-06-27 05:30,4,2,2,,,,,,,validated,validated,validated,,,,,,
2026-06-27 05:45,5,1,4,,,,,,,validated,validated,validated,,,,,,
2026-06-27 06:00,7,5,2,,,,,,,validated,validated,validated,,,,,,
2026-06-27 06:15,9,7,2,,,,,,,validated,validated,validated,,,,,,
2026-06-27 06:30,18,14,4,,,,,,,validated,validated,validated,,,,,,
2026-06-27 06:45,17,12,5,,,,,,,validated,validated,validated,,,,,,
2026-06-27 07:00,18,12,6,,,,,,,validated,validated,validated,,,,,,
2026-06-27 07:15,32,22,10,,,,,,,validated,validated,validated,,,,,,
2026-06-27 07:30,37,25,12,,,,,,,validated,validated,validated,,,,,,
2026-06-27 07:45,29,16,13,,,,,,,validated,validated,validated,,,,,,
2026-06-27 08:00,25,20,5,,,,,,,validated,validated,validated,,,,,,
2026-06-27 08:15,45,27,18,,,,,,,validated,validated,validated,,,,,,
2026-06-27 08:30,44,28,16,,,,,,,validated,validated,validated,,,,,,
2026-06-27 08:45,50,31,19,,,,,,,validated,validated,validated,,,,,,
2026-06-27 09:00,55,34,21,,,,,,,validated,validated,validated,,,,,,
2026-06-27 09:15,49,39,10,,,,,,,validated,validated,validated,,,,,,
2026-06-27 09:30,55,39,16,,,,,,,validated,validated,validated,,,,,,
2026-06-27 09:45,76,47,29,,,,,,,validated,validated,validated,,,,,,
2026-06-27 10:00,71,40,31,,,,,,,validated,validated,validated,,,,,,
2026-06-27 10:15,66,40,26,,,,,,,validated,validated,validated,,,,,,
2026-06-27 10:30,66,40,26,,,,,,,validated,validated,validated,,,,,,
2026-06-27 10:45,63,27,36,,,,,,,validated,validated,validated,,,,,,
2026-06-27 11:00,55,26,29,,,,,,,validated,validated,validated,,,,,,
2026-06-27 11:15,68,37,31,,,,,,,validated,validated,validated,,,,,,
2026-06-27 11:30,68,37,31,,,,,,,validated,validated,validated,,,,,,
2026-06-27 11:45,61,35,26,,,,,,,validated,validated,validated,,,,,,
2026-06-27 12:00,56,24,32,,,,,,,validated,validated,validated,,,,,,
2026-06-27 12:15,48,21,27,,,,,,,validated,validated,validated,,,,,,
2026-06-27 12:30,57,19,38,,,,,,,validated,validated,validated,,,,,,
2026-06-27 12:45,60,22,38,,,,,,,validated,validated,validated,,,,,,
2026-06-27 13:00,57,23,34,,,,,,,validated,validated,validated,,,,,,
2026-06-27 13:15,55,29,26,,,,,,,validated,validated,validated,,,,,,
2026-06-27 13:30,65,28,37,,,,,,,validated,validated,validated,,,,,,
2026-06-27 13:45,55,20,35,,,,,,,validated,validated,validated,,,,,,
2026-06-27 14:00,49,20,29,,,,,,,validated,validated,validated,,,,,,
2026-06-27 14:15,44,17,27,,,,,,,validated,validated,validated,,,,,,
2026-06-27 14:30,44,14,30,,,,,,,validated,validated,validated,,,,,,
2026-06-27 14:45,50,25,25,,,,,,,validated,validated,validated,,,,,,
2026-06-27 15:00,55,29,26,,,,,,,validated,validated,validated,,,,,,
2026-06-27 15:15,39,16,23,,,,,,,validated,validated,validated,,,,,,
2026-06-27 15:30,43,20,23,,,,,,,validated,validated,validated,,,,,,
2026-06-27 15:45,42,21,21,,,,,,,validated,validated,validated,,,,,,
2026-06-27 16:00,65,27,38,,,,,,,validated,validated,validated,,,,,,
2026-06-27 16:15,43,22,21,,,,,,,validated,validated,validated,,,,,,
2026-06-27 16:30,46,28,18,,,,,,,validated,validated,validated,,,,,,
2026-06-27 16:45,36,10,26,,,,,,,validated,validated,validated,,,,,,
2026-06-27 17:00,57,31,26,,,,,,,validated,validated,validated,,,,,,
2026-06-27 17:15,53,22,31,,,,,,,validated,validated,validated,,,,,,
2026-06-27 17:30,53,33,20,,,,,,,validated,validated,validated,,,,,,
2026-06-27 17:45,48,31,17,,,,,,,validated,validated,validated,,,,,,
2026-06-27 18:00,37,17,20,,,,,,,validated,validated,validated,,,,,,
2026-06-27 18:15,60,32,28,,,,,,,validated,validated,validated,,,,,,
2026-06-27 18:30,62,33,29,,,,,,,validated,validated,validated,,,,,,
2026-06-27 18:45,54,27,27,,,,,,,validated,validated,validated,,,,,,
2026-06-27 19:00,47,24,23,,,,,,,validated,validated,validated,,,,,,
2026-06-27 19:15,48,22,26,,,,,,,validated,validated,validated,,,,,,
2026-06-27 19:30,29,18,11,,,,,,,validated,validated,validated,,,,,,
2026-06-27 19:45,66,36,30,,,,,,,validated,validated,validated,,,,,,
2026-06-27 20:00,44,28,16,,,,,,,validated,validated,validated,,,,,,
2026-06-27 20:15,48,37,11,,,,,,,validated,validated,validated,,,,,,
2026-06-27 20:30,43,25,18,,,,,,,validated,validated,validated,,,,,,
2026-06-27 20:45,54,15,39,,,,,,,validated,validated,validated,,,,,,
2026-06-27 21:00,37,24,13,,,,,,,validated,validated,validated,,,,,,
2026-06-27 21:15,39,15,24,,,,,,,validated,validated,validated,,,,,,
2026-06-27 21:30,31,12,19,,,,,,,validated,validated,validated,,,,,,
2026-06-27 21:45,31,17,14,,,,,,,validated,validated,validated,,,,,,
2026-06-27 22:00,33,19,14,,,,,,,validated,validated,validated,,,,,,
2026-06-27 22:15,35,18,17,,,,,,,validated,validated,validated,,,,,,
2026-06-27 22:30,21,9,12,,,,,,,validated,validated,validated,,,,,,
2026-06-27 22:45,26,15,11,,,,,,,validated,validated,validated,,,,,,
2026-06-27 23:00,26,14,12,,,,,,,validated,validated,validated,,,,,,
2026-06-27 23:15,44,12,32,,,,,,,validated,validated,validated,,,,,,
2026-06-27 23:30,23,10,13,,,,,,,validated,validated,validated,,,,,,
2026-06-27 23:45,36,19,17,,,,,,,validated,validated,validated,,,,,,
2026-06-28 00:00,19,8,11,,,,,,,validated,validated,validated,,,,,,
2026-06-28 00:15,24,9,15,,,,,,,validated,validated,validated,,,,,,
2026-06-28 00:30,24,11,13,,,,,,,validated,validated,validated,,,,,,
2026-06-28 00:45,12,3,9,,,,,,,validated,validated,validated,,,,,,
2026-06-28 01:00,17,7,10,,,,,,,validated,validated,validated,,,,,,
2026-06-28 01:15,17,8,9,,,,,,,validated,validated,validated,,,,,,
2026-06-28 01:30,13,5,8,,,,,,,validated,validated,validated,,,,,,
2026-06-28 01:45,11,4,7,,,,,,,validated,validated,validated,,,,,,
2026-06-28 02:00,12,9,3,,,,,,,validated,validated,validated,,,,,,
2026-06-28 02:15,6,2,4,,,,,,,validated,validated,validated,,,,,,
2026-06-28 02:30,16,2,14,,,,,,,validated,validated,validated,,,,,,
2026-06-28 02:45,10,4,6,,,,,,,validated,validated,validated,,,,,,
2026-06-28 03:00,4,1,3,,,,,,,validated,validated,validated,,,,,,
2026-06-28 03:15,6,0,6,,,,,,,validated,validated,validated,,,,,,
2026-06-28 03:30,5,3,2,,,,,,,validated,validated,validated,,,,,,
2026-06-28 03:45,1,1,0,,,,,,,validated,validated,validated,,,,,,
2026-06-28 04:00,5,1,4,,,,,,,validated,validated,validated,,,,,,
2026-06-28 04:15,5,1,4,,,,,,,validated,validated,validated,,,,,,
2026-06-28 04:30,3,1,2,,,,,,,validated,validated,validated,,,,,,
2026-06-28 04:45,1,0,1,,,,,,,validated,validated,validated,,,,,,
2026-06-28 05:00,2,1,1,,,,,,,validated,validated,validated,,,,,,
2026-06-28 05:15,3,1,2,,,,,,,validated,validated,validated,,,,,,
2026-06-28 05:30,1,1,0,,,,,,,validated,validated,validated,,,,,,
2026-06-28 05:45,1,1,0,,,,,,,validated,validated,validated,,,,,,
2026-06-28 06:00,6,4,2,,,,,,,validated,validated,validated,,,,,,
2026-06-28 06:15,7,4,3,,,,,,,validated,validated,validated,,,,,,
2026-06-28 06:30,5,2,3,,,,,,,validated,validated,validated,,,,,,
2026-06-28 06:45,7,1,6,,,,,,,validated,validated,validated,,,,,,
2026-06-28 07:00,8,6,2,,,,,,,validated,validated,validated,,,,,,
2026-06-28 07:15,14,6,8,,,,,,,validated,validated,validated,,,,,,
2026-06-28 07:30,11,9,2,,,,,,,validated,validated,validated,,,,,,
2026-06-28 07:45,7,4,3,,,,,,,validated,validated,validated,,,,,,
2026-06-28 08:00,13,5,8,,,,,,,validated,validated,validated,,,,,,
2026-06-28 08:15,10,3,7,,,,,,,validated,validated,validated,,,,,,
2026-06-28 08:30,13,6,7,,,,,,,validated,validated,validated,,,,,,
2026-06-28 08:45,23,18,5,,,,,,,validated,validated,validated,,,,,,
2026-06-28 09:00,18,9,9,,,,,,,validated,validated,validated,,,,,,
2026-06-28 09:15,23,15,8,,,,,,,validated,validated,validated,,,,,,
2026-06-28 09:30,34,18,16,,,,,,,validated,validated,validated,,,,,,
2026-06-28 09:45,47,38,9,,,,,,,validated,validated,validated,,,,,,
2026-06-28 10:00,34,21,13,,,,,,,validated,validated,validated,,,,,,
2026-06-28 10:15,24,15,9,,,,,,,validated,validated,validated,,,,,,
2026-06-28 10:30,33,17,16,,,,,,,validated,validated,validated,,,,,,
2026-06-28 10:45,45,25,20,,,,,,,validated,validated,validated,,,,,,
2026-06-28 11:00,46,22,24,,,,,,,validated,validated,validated,,,,,,
2026-06-28 11:15,46,27,19,,,,,,,validated,validated,validated,,,,,,
2026-06-28 11:30,34,15,19,,,,,,,validated,validated,validated,,,,,,
2026-06-28 11:45,57,20,37,,,,,,,validated,validated,validated,,,,,,
2026-06-28 12:00,32,15,17,,,,,,,validated,validated,validated,,,,,,
2026-06-28 12:15,46,32,14,,,,,,,validated,validated,validated,,,,,,
2026-06-28 12:30,43,19,24,,,,,,,validated,validated,validated,,,,,,
2026-06-28 12:45,43,20,23,,,,,,,validated,validated,validated,,,,,,
2026-06-28 13:00,50,28,22,,,,,,,validated,validated,validated,,,,,,
2026-06-28 13:15,32,12,20,,,,,,,validated,validated,validated,,,,,,
2026-06-28 13:30,39,20,19,,,,,,,validated,validated,validated,,,,,,
2026-06-28 13:45,61,26,35,,,,,,,validated,validated,validated,,,,,,
2026-06-28 14:00,47,23,24,,,,,,,validated,validated,validated,,,,,,
2026-06-28 14:15,53,25,28,,,,,,,validated,validated,validated,,,,,,
2026-06-28 14:30,45,16,29,,,,,,,validated,validated,validated,,,,,,
2026-06-28 14:45,47,24,23,,,,,,,validated,validated,validated,,,,,,
2026-06-28 15:00,47,18,29,,,,,,,validated,validated,validated,,,,,,
2026-06-28 15:15,54,28,26,,,,,,,validated,validated,validated,,,,,,
2026-06-28 15:30,58,28,30,,,,,,,validated,validated,validated,,,,,,
2026-06-28 15:45,46,28,18,,,,,,,validated,validated,validated,,,,,,
2026-06-28 16:00,48,28,20,,,,,,,validated,validated,validated,,,,,,
2026-06-28 16:15,46,19,27,,,,,,,validated,validated,validated,,,,,,
2026-06-28 16:30,41,22,19,,,,,,,validated,validated,validated,,,,,,
2026-06-28 16:45,47,23,24,,,,,,,validated,validated,validated,,,,,,
2026-06-28 17:00,61,26,35,,,,,,,validated,validated,validated,,,,,,
2026-06-28 17:15,69,32,37,,,,,,,validated,validated,validated,,,,,,
2026-06-28 17:30,56,36,20,,,,,,,validated,validated,validated,,,,,,
2026-06-28 17:45,72,37,35,,,,,,,validated,validated,validated,,,,,,
2026-06-28 18:00,56,34,22,,,,,,,validated,validated,validated,,,,,,
2026-06-28 18:15,43,19,24,,,,,,,validated,validated,validated,,,,,,
2026-06-28 18:30,64,39,25,,,,,,,validated,validated,validated,,,,,,
2026-06-28 18:45,52,32,20,,,,,,,validated,validated,validated,,,,,,
2026-06-28 19:00,62,26,36,,,,,,,validated,validated,validated,,,,,,
2026-06-28 19:15,48,26,22,,,,,,,validated,validated,validated,,,,,,
2026-06-28 19:30,55,34,21,,,,,,,validated,validated,validated,,,,,,
2026-06-28 19:45,35,19,16,,,,,,,validated,validated,validated,,,,,,
2026-06-28 20:00,44,21,23,,,,,,,validated,validated,validated,,,,,,
2026-06-28 20:15,34,22,12,,,,,,,validated,validated,validated,,,,,,
2026-06-28 20:30,51,16,35,,,,,,,validated,validated,validated,,,,,,
2026-06-28 20:45,36,14,22,,,,,,,validated,validated,validated,,,,,,
2026-06-28 21:00,31,11,20,,,,,,,validated,validated,validated,,,,,,
2026-06-28 21:15,16,6,10,,,,,,,validated,validated,validated,,,,,,
2026-06-28 21:30,22,11,11,,,,,,,validated,validated,validated,,,,,,
2026-06-28 21:45,13,4,9,,,,,,,validated,validated,validated,,,,,,
2026-06-28 22:00,16,5,11,,,,,,,validated,validated,validated,,,,,,
2026-06-28 22:15,15,5,10,,,,,,,validated,validated,validated,,,,,,
2026-06-28 22:30,16,7,9,,,,,,,validated,validated,validated,,,,,,
2026-06-28 22:45,10,5,5,,,,,,,validated,validated,validated,,,,,,
2026-06-28 23:00,12,4,8,,,,,,,validated,validated,validated,,,,,,
2026-06-28 23:15,13,3,10,,,,,,,validated,validated,validated,,,,,,
2026-06-28 23:30,13,2,11,,,,,,,validated,validated,validated,,,,,,
2026-06-28 23:45,16,8,8,,,,,,,validated,validated,validated,,,,,,
2026-06-29 00:00,4,2,2,,,,,,,validated,validated,validated,,,,,,
2026-06-29 00:15,1,1,0,,,,,,,validated,validated,validated,,,,,,
2026-06-29 00:30,5,2,3,,,,,,,validated,validated,validated,,,,,,
2026-06-29 00:45,3,2,1,,,,,,,validated,validated,validated,,,,,,
2026-06-29 01:00,1,0,1,,,,,,,validated,validated,validated,,,,,,
2026-06-29 01:15,5,5,0,,,,,,,validated,validated,validated,,,,,,
2026-06-29 01:30,0,0,0,,,,,,,validated,validated,validated,,,,,,
2026-06-29 01:45,0,0,0,,,,,,,validated,validated,validated,,,,,,
2026-06-29 02:00,2,1,1,,,,,,,validated,validated,validated,,,,,,
2026-06-29 02:15,0,0,0,,,,,,,validated,validated,validated,,,,,,
2026-06-29 02:30,1,0,1,,,,,,,validated,validated,validated,,,,,,
2026-06-29 02:45,0,0,0,,,,,,,validated,validated,validated,,,,,,
2026-06-29 03:00,1,1,0,,,,,,,validated,validated,validated,,,,,,
2026-06-29 03:15,0,0,0,,,,,,,validated,validated,validated,,,,,,
2026-06-29 03:30,0,0,0,,,,,,,validated,validated,validated,,,,,,
2026-06-29 03:45,0,0,0,,,,,,,validated,validated,validated,,,,,,
2026-06-29 04:00,2,1,1,,,,,,,validated,validated,validated,,,,,,
2026-06-29 04:15,2,2,0,,,,,,,validated,validated,validated,,,,,,
2026-06-29 04:30,2,1,1,,,,,,,validated,validated,validated,,,,,,
2026-06-29 04:45,0,0,0,,,,,,,validated,validated,validated,,,,,,
2026-06-29 05:00,3,1,2,,,,,,,validated,validated,validated,,,,,,
2026-06-29 05:15,4,2,2,,,,,,,validated,validated,validated,,,,,,
2026-06-29 05:30,13,9,4,,,,,,,validated,validated,validated,,,,,,
2026-06-29 05:45,12,7,5,,,,,,,validated,validated,validated,,,,,,
2026-06-29 06:00,12,10,2,,,,,,,validated,validated,validated,,,,,,
2026-06-29 06:15,18,12,6,,,,,,,validated,validated,validated,,,,,,
2026-06-29 06:30,46,33,13,,,,,,,validated,validated,validated,,,,,,
2026-06-29 06:45,54,42,12,,,,,,,validated,validated,validated,,,,,,
2026-06-29 07:00,58,44,14,,,,,,,validated,validated,validated,,,,,,
2026-06-29 07:15,108,78,30,,,,,,,validated,validated,validated,,,,,,
2026-06-29 07:30,188,135,53,,,,,,,validated,validated,validated,,,,,,
2026-06-29 07:45,168,123,45,,,,,,,validated,validated,validated,,,,,,
2026-06-29 08:00,115,93,22,,,,,,,validated,validated,validated,,,,,,
2026-06-29 08:15,127,86,41,,,,,,,validated,validated,validated,,,,,,
2026-06-29 08:30,94,69,25,,,,,,,validated,validated,validated,,,,,,
2026-06-29 08:45,115,81,34,,,,,,,validated,validated,validated,,,,,,
2026-06-29 09:00,76,59,17,,,,,,,validated,validated,validated,,,,,,
2026-06-29 09:15,53,37,16,,,,,,,validated,validated,validated,,,,,,
2026-06-29 09:30,117,73,44,,,,,,,validated,validated,validated,,,,,,
2026-06-29 09:45,84,61,23,,,,,,,validated,validated,validated,,,,,,
2026-06-29 10:00,83,55,28,,,,,,,validated,validated,validated,,,,,,
2026-06-29 10:15,67,39,28,,,,,,,validated,validated,validated,,,,,,
2026-06-29 10:30,74,42,32,,,,,,,validated,validated,validated,,,,,,
2026-06-29 10:45,61,35,26,,,,,,,validated,validated,validated,,,,,,
2026-06-29 11:00,71,33,38,,,,,,,validated,validated,validated,,,,,,
2026-06-29 11:15,83,44,39,,,,,,,validated,validated,validated,,,,,,
2026-06-29 11:30,64,36,28,,,,,,,validated,validated,validated,,,,,,
2026-06-29 11:45,91,53,38,,,,,,,validated,validated,validated,,,,,,
2026-06-29 12:00,80,43,37,,,,,,,validated,validated,validated,,,,,,
2026-06-29 12:15,78,38,40,,,,,,,validated,validated,validated,,,,,,
2026-06-29 12:30,74,35,39,,,,,,,validated,validated,validated,,,,,,
2026-06-29 12:45,87,40,47,,,,,,,validated,validated,validated,,,,,,
2026-06-29 13:00,92,47,45,,,,,,,validated,validated,validated,,,,,,
2026-06-29 13:15,88,35,53,,,,,,,validated,validated,validated,,,,,,
2026-06-29 13:30,76,36,40,,,,,,,validated,validated,validated,,,,,,
2026-06-29 13:45,103,51,52,,,,,,,validated,validated,validated,,,,,,
2026-06-29 14:00,98,36,62,,,,,,,validated,validated,validated,,,,,,
2026-06-29 14:15,74,35,39,,,,,,,validated,validated,validated,,,,,,
2026-06-29 14:30,78,32,46,,,,,,,validated,validated,validated,,,,,,
2026-06-29 14:45,112,59,53,,,,,,,validated,validated,validated,,,,,,
2026-06-29 15:00,103,43,60,,,,,,,validated,validated,validated,,,,,,
2026-06-29 15:15,124,58,66,,,,,,,validated,validated,validated,,,,,,
2026-06-29 15:30,120,56,64,,,,,,,validated,validated,validated,,,,,,
2026-06-29 15:45,165,74,91,,,,,,,validated,validated,validated,,,,,,
2026-06-29 16:00,130,65,65,,,,,,,validated,validated,validated,,,,,,
2026-06-29 16:15,147,62,85,,,,,,,validated,validated,validated,,,,,,
2026-06-29 16:30,116,49,67,,,,,,,validated,validated,validated,,,,,,
2026-06-29 16:45,150,66,84,,,,,,,validated,validated,validated,,,,,,
2026-06-29 17:00,131,53,78,,,,,,,validated,validated,validated,,,,,,
2026-06-29 17:15,154,72,82,,,,,,,validated,validated,validated,,,,,,
2026-06-29 17:30,123,55,68,,,,,,,validated,validated,validated,,,,,,
2026-06-29 17:45,160,57,103,,,,,,,validated,validated,validated,,,,,,
2026-06-29 18:00,114,55,59,,,,,,,validated,validated,validated,,,,,,
2026-06-29 18:15,110,46,64,,,,,,,validated,validated,validated,,,,,,
2026-06-29 18:30,88,36,52,,,,,,,validated,validated,validated,,,,,,
2026-06-29 18:45,117,59,58,,,,,,,validated,validated,validated,,,,,,
2026-06-29 19:00,105,55,50,,,,,,,validated,validated,validated,,,,,,
2026-06-29 19:15,96,50,46,,,,,,,validated,validated,validated,,,,,,
2026-06-29 19:30,88,53,35,,,,,,,validated,validated,validated,,,,,,
2026-06-29 19:45,106,50,56,,,,,,,validated,validated,validated,,,,,,
2026-06-29 20:00,69,29,40,,,,,,,validated,validated,validated,,,,,,
2026-06-29 20:15,86,50,36,,,,,,,validated,validated,validated,,,,,,
2026-06-29 20:30,52,23,29,,,,,,,validated,validated,validated,,,,,,
2026-06-29 20:45,57,26,31,,,,,,,validated,validated,validated,,,,,,
2026-06-29 21:00,61,27,34,,,,,,,validated,validated,validated,,,,,,
2026-06-29 21:15,85,36,49,,,,,,,validated,validated,validated,,,,,,
2026-06-29 21:30,98,31,67,,,,,,,validated,validated,validated,,,,,,
2026-06-29 21:45,69,35,34,,,,,,,validated,validated,validated,,,,,,
2026-06-29 22:00,63,30,33,,,,,,,validated,validated,validated,,,,,,
2026-06-29 22:15,56,30,26,,,,,,,validated,validated,validated,,,,,,
2026-06-29 22:30,27,7,20,,,,,,,validated,validated,validated,,,,,,
2026-06-29 22:45,14,7,7,,,,,,,validated,validated,validated,,,,,,
2026-06-29 23:00,8,1,7,,,,,,,validated,validated,validated,,,,,,
2026-06-29 23:15,11,6,5,,,,,,,validated,validated,validated,,,,,,
2026-06-29 23:30,28,13,15,,,,,,,validated,validated,validated,,,,,,
2026-06-29 23:45,9,5,4,,,,,,,validated,validated,validated,,,,,,
2026-06-30 00:00,3,1,2,,,,,,,validated,validated,validated,,,,,,
2026-06-30 00:15,5,1,4,,,,,,,validated,validated,validated,,,,,,
2026-06-30 00:30,37,9,28,,,,,,,validated,validated,validated,,,,,,
2026-06-30 00:45,10,3,7,,,,,,,validated,validated,validated,,,,,,
2026-06-30 01:00,6,2,4,,,,,,,validated,validated,validated,,,,,,
2026-06-30 01:15,9,3,6,,,,,,,validated,validated,validated,,,,,,
2026-06-30 01:30,95,21,74,,,,,,,validated,validated,validated,,,,,,
2026-06-30 01:45,116,19,97,,,,,,,validated,validated,validated,,,,,,
2026-06-30 02:00,26,7,19,,,,,,,validated,validated,validated,,,,,,
2026-06-30 02:15,11,2,9,,,,,,,validated,validated,validated,,,,,,
2026-06-30 02:30,3,0,3,,,,,,,validated,validated,validated,,,,,,
2026-06-30 02:45,3,1,2,,,,,,,validated,validated,validated,,,,,,
2026-06-30 03:00,0,0,0,,,,,,,validated,validated,validated,,,,,,
2026-06-30 03:15,1,1,0,,,,,,,validated,validated,validated,,,,,,
2026-06-30 03:30,4,1,3,,,,,,,validated,validated,validated,,,,,,
2026-06-30 03:45,2,1,1,,,,,,,validated,validated,validated,,,,,,
2026-06-30 04:00,1,1,0,,,,,,,validated,validated,validated,,,,,,
2026-06-30 04:15,1,0,1,,,,,,,validated,validated,validated,,,,,,
2026-06-30 04:30,1,0,1,,,,,,,validated,validated,validated,,,,,,
2026-06-30 04:45,0,0,0,,,,,,,validated,validated,validated,,,,,,
2026-06-30 05:00,3,2,1,,,,,,,validated,validated,validated,,,,,,
2026-06-30 05:15,3,2,1,,,,,,,validated,validated,validated,,,,,,
2026-06-30 05:30,12,9,3,,,,,,,validated,validated,validated,,,,,,
2026-06-30 05:45,12,5,7,,,,,,,validated,validated,validated,,,,,,
2026-06-30 06:00,9,7,2,,,,,,,validated,validated,validated,,,,,,
2026-06-30 06:15,29,21,8,,,,,,,validated,validated,validated,,,,,,
2026-06-30 06:30,31,27,4,,,,,,,validated,validated,validated,,,,,,
2026-06-30 06:45,49,33,16,,,,,,,validated,validated,validated,,,,,,
2026-06-30 07:00,54,40,14,,,,,,,validated,validated,validated,,,,,,
2026-06-30 07:15,88,60,28,,,,,,,validated,validated,validated,,,,,,
2026-06-30 07:30,224,169,55,,,,,,,validated,validated,validated,,,,,,
2026-06-30 07:45,185,128,57,,,,,,,validated,validated,validated,,,,,,
2026-06-30 08:00,135,107,28,,,,,,,validated,validated,validated,,,,,,
2026-06-30 08:15,130,86,44,,,,,,,validated,validated,validated,,,,,,
2026-06-30 08:30,103,56,47,,,,,,,validated,validated,validated,,,,,,
2026-06-30 08:45,132,88,44,,,,,,,validated,validated,validated,,,,,,
2026-06-30 09:00,58,37,21,,,,,,,validated,validated,validated,,,,,,
2026-06-30 09:15,84,60,24,,,,,,,validated,validated,validated,,,,,,
2026-06-30 09:30,89,50,39,,,,,,,validated,validated,validated,,,,,,
2026-06-30 09:45,108,74,34,,,,,,,validated,validated,validated,,,,,,
2026-06-30 10:00,77,52,25,,,,,,,validated,validated,validated,,,,,,
2026-06-30 10:15,56,34,22,,,,,,,validated,validated,validated,,,,,,
2026-06-30 10:30,57,39,18,,,,,,,validated,validated,validated,,,,,,
2026-06-30 10:45,75,51,24,,,,,,,validated,validated,validated,,,,,,
2026-06-30 11:00,73,40,33,,,,,,,validated,validated,validated,,,,,,
2026-06-30 11:15,102,73,29,,,,,,,validated,validated,validated,,,,,,
2026-06-30 11:30,68,38,30,,,,,,,validated,validated,validated,,,,,,
2026-06-30 11:45,99,61,38,,,,,,,validated,validated,validated,,,,,,
2026-06-30 12:00,73,49,24,,,,,,,validated,validated,validated,,,,,,
2026-06-30 12:15,63,37,26,,,,,,,validated,validated,validated,,,,,,
2026-06-30 12:30,74,30,44,,,,,,,validated,validated,validated,,,,,,
2026-06-30 12:45,89,40,49,,,,,,,validated,validated,validated,,,,,,
2026-06-30 13:00,151,72,79,,,,,,,validated,validated,validated,,,,,,
2026-06-30 13:15,103,51,52,,,,,,,validated,validated,validated,,,,,,
2026-06-30 13:30,95,34,61,,,,,,,validated,validated,validated,,,,,,
2026-06-30 13:45,111,58,53,,,,,,,validated,validated,validated,,,,,,
2026-06-30 14:00,98,40,58,,,,,,,validated,validated,validated,,,,,,
2026-06-30 14:15,98,43,55,,,,,,,validated,validated,validated,,,,,,
2026-06-30 14:30,93,41,52,,,,,,,validated,validated,validated,,,,,,
2026-06-30 14:45,98,48,50,,,,,,,validated,validated,validated,,,,,,
2026-06-30 15:00,93,42,51,,,,,,,validated,validated,validated,,,,,,
2026-06-30 15:15,108,46,62,,,,,,,validated,validated,validated,,,,,,
2026-06-30 15:30,102,46,56,,,,,,,validated,validated,validated,,,,,,
2026-06-30 15:45,131,63,68,,,,,,,validated,validated,validated,,,,,,
2026-06-30 16:00,117,41,76,,,,,,,validated,validated,validated,,,,,,
2026-06-30 16:15,129,52,77,,,,,,,validated,validated,validated,,,,,,
2026-06-30 16:30,133,54,79,,,,,,,validated,validated,validated,,,,,,
2026-06-30 16:45,140,61,79,,,,,,,validated,validated,validated,,,,,,
2026-06-30 17:00,114,37,77,,,,,,,validated,validated,validated,,,,,,
2026-06-30 17:15,126,53,73,,,,,,,validated,validated,validated,,,,,,
2026-06-30 17:30,129,48,81,,,,,,,validated,validated,validated,,,,,,
2026-06-30 17:45,141,60,81,,,,,,,validated,validated,validated,,,,,,
2026-06-30 18:00,130,43,87,,,,,,,validated,validated,validated,,,,,,
2026-06-30 18:15,110,43,67,,,,,,,validated,validated,validated,,,,,,
2026-06-30 18:30,109,49,60,,,,,,,validated,validated,validated,,,,,,
2026-06-30 18:45,115,47,68,,,,,,,validated,validated,validated,,,,,,
2026-06-30 19:00,105,47,58,,,,,,,validated,validated,validated,,,,,,
2026-06-30 19:15,82,34,48,,,,,,,validated,validated,validated,,,,,,
2026-06-30 19:30,78,26,52,,,,,,,validated,validated,validated,,,,,,
2026-06-30 19:45,81,28,53,,,,,,,validated,validated,validated,,,,,,
2026-06-30 20:00,65,30,35,,,,,,,validated,validated,validated,,,,,,
2026-06-30 20:15,63,32,31,,,,,,,validated,validated,validated,,,,,,
2026-06-30 20:30,32,13,19,,,,,,,validated,validated,validated,,,,,,
2026-06-30 20:45,45,19,26,,,,,,,validated,validated,validated,,,,,,
2026-06-30 21:00,40,10,30,,,,,,,validated,validated,validated,,,,,,
2026-06-30 21:15,45,15,30,,,,,,,validated,validated,validated,,,,,,
2026-06-30 21:30,53,13,40,,,,,,,validated,validated,validated,,,,,,
2026-06-30 21:45,61,27,34,,,,,,,validated,validated,validated,,,,,,
2026-06-30 22:00,35,15,20,,,,,,,validated,validated,validated,,,,,,
2026-06-30 22:15,35,6,29,,,,,,,validated,validated,validated,,,,,,
2026-06-30 22:30,45,14,31,,,,,,,validated,validated,validated,,,,,,
2026-06-30 22:45,26,4,22,,,,,,,validated,validated,validated,,,,,,
2026-06-30 23:00,18,6,12,,,,,,,validated,validated,validated,,,,,,
2026-06-30 23:15,17,7,10,,,,,,,validated,validated,validated,,,,,,
2026-06-30 23:30,6,1,5,,,,,,,validated,validated,validated,,,,,,
2026-06-30 23:45,7,1,6,,,,,,,validated,validated,validated,,,,,,
