Datetime,300037405 (Promenade (westl. Hals)),353409612 (Promenade (westl. Hals) Fahrräder FR Ludgerikreisel),353409613 (Promenade (westl. Hals) Fahrräder FR Aasee),353426710 (Promenade (westl. Hals) Fahrräder FR Ludgerikreisel),353426712 (Promenade (westl. Hals) Fahrräder FR Ludgerikreisel),353426713 (Promenade (westl. Hals) Fahrräder FR Aasee),353426715 (Promenade (westl. Hals) Fahrräder FR Aasee),300037405-status,353409612-status,353409613-status,353426710-status,353426712-status,353426713-status,353426715-status
2026-06-01 00:00,8,2,6,,,,,modified,modified,modified,,,,
2026-06-01 00:15,8,4,4,,,,,modified,modified,modified,,,,
2026-06-01 00:30,5,2,3,,,,,modified,modified,modified,,,,
2026-06-01 00:45,5,2,3,,,,,modified,modified,modified,,,,
2026-06-01 01:00,4,1,3,,,,,modified,modified,modified,,,,
2026-06-01 01:15,4,2,2,,,,,modified,modified,modified,,,,
2026-06-01 01:30,3,1,2,,,,,modified,modified,modified,,,,
2026-06-01 01:45,2,1,1,,,,,modified,modified,modified,,,,
2026-06-01 02:00,3,1,2,,,,,modified,modified,modified,,,,
2026-06-01 02:15,0,0,0,,,,,validated,validated,validated,,,,
2026-06-01 02:30,3,1,2,,,,,modified,modified,modified,,,,
2026-06-01 02:45,1,1,0,,,,,modified,modified,validated,,,,
2026-06-01 03:00,1,1,0,,,,,modified,modified,validated,,,,
2026-06-01 03:15,1,0,1,,,,,modified,validated,modified,,,,
2026-06-01 03:30,3,1,2,,,,,modified,modified,modified,,,,
2026-06-01 03:45,3,2,1,,,,,modified,modified,modified,,,,
2026-06-01 04:00,2,2,0,,,,,modified,modified,validated,,,,
2026-06-01 04:15,4,3,1,,,,,modified,modified,modified,,,,
2026-06-01 04:30,4,2,2,,,,,modified,modified,modified,,,,
2026-06-01 04:45,9,5,4,,,,,modified,modified,modified,,,,
2026-06-01 05:00,9,7,2,,,,,modified,modified,modified,,,,
2026-06-01 05:15,13,7,6,,,,,modified,modified,modified,,,,
2026-06-01 05:30,31,11,20,,,,,modified,modified,modified,,,,
2026-06-01 05:45,43,17,26,,,,,modified,modified,modified,,,,
2026-06-01 06:00,50,20,30,,,,,modified,modified,modified,,,,
2026-06-01 06:15,78,40,38,,,,,modified,modified,modified,,,,
2026-06-01 06:30,133,41,92,,,,,modified,modified,modified,,,,
2026-06-01 06:45,156,76,80,,,,,modified,modified,modified,,,,
2026-06-01 07:00,164,74,90,,,,,modified,modified,modified,,,,
2026-06-01 07:15,235,101,134,,,,,modified,modified,modified,,,,
2026-06-01 07:30,357,146,211,,,,,modified,modified,modified,,,,
2026-06-01 07:45,363,165,198,,,,,modified,modified,modified,,,,
2026-06-01 08:00,322,130,192,,,,,modified,modified,modified,,,,
2026-06-01 08:15,255,122,133,,,,,modified,modified,modified,,,,
2026-06-01 08:30,223,99,124,,,,,modified,modified,modified,,,,
2026-06-01 08:45,248,101,147,,,,,modified,modified,modified,,,,
2026-06-01 09:00,174,67,107,,,,,modified,modified,modified,,,,
2026-06-01 09:15,140,57,83,,,,,modified,modified,modified,,,,
2026-06-01 09:30,156,55,101,,,,,modified,modified,modified,,,,
2026-06-01 09:45,180,67,113,,,,,modified,modified,modified,,,,
2026-06-01 10:00,136,50,86,,,,,modified,modified,modified,,,,
2026-06-01 10:15,107,46,61,,,,,modified,modified,modified,,,,
2026-06-01 10:30,110,49,61,,,,,modified,modified,modified,,,,
2026-06-01 10:45,130,60,70,,,,,modified,modified,modified,,,,
2026-06-01 11:00,121,54,67,,,,,modified,modified,modified,,,,
2026-06-01 11:15,125,61,64,,,,,modified,modified,modified,,,,
2026-06-01 11:30,136,58,78,,,,,modified,modified,modified,,,,
2026-06-01 11:45,172,78,94,,,,,modified,modified,modified,,,,
2026-06-01 12:00,166,67,99,,,,,modified,modified,modified,,,,
2026-06-01 12:15,174,77,97,,,,,modified,modified,modified,,,,
2026-06-01 12:30,181,81,100,,,,,modified,modified,modified,,,,
2026-06-01 12:45,202,93,109,,,,,modified,modified,modified,,,,
2026-06-01 13:00,197,93,104,,,,,modified,modified,modified,,,,
2026-06-01 13:15,191,96,95,,,,,modified,modified,modified,,,,
2026-06-01 13:30,206,100,106,,,,,modified,modified,modified,,,,
2026-06-01 13:45,223,109,114,,,,,modified,modified,modified,,,,
2026-06-01 14:00,209,105,104,,,,,modified,modified,modified,,,,
2026-06-01 14:15,198,110,88,,,,,modified,modified,modified,,,,
2026-06-01 14:30,197,106,91,,,,,modified,modified,modified,,,,
2026-06-01 14:45,246,136,110,,,,,modified,modified,modified,,,,
2026-06-01 15:00,234,121,113,,,,,modified,modified,modified,,,,
2026-06-01 15:15,246,140,106,,,,,modified,modified,modified,,,,
2026-06-01 15:30,243,132,111,,,,,modified,modified,modified,,,,
2026-06-01 15:45,308,184,124,,,,,modified,modified,modified,,,,
2026-06-01 16:00,315,171,144,,,,,modified,modified,modified,,,,
2026-06-01 16:15,317,177,140,,,,,modified,modified,modified,,,,
2026-06-01 16:30,288,152,136,,,,,modified,modified,modified,,,,
2026-06-01 16:45,312,173,139,,,,,modified,modified,modified,,,,
2026-06-01 17:00,306,153,153,,,,,modified,modified,modified,,,,
2026-06-01 17:15,318,165,153,,,,,modified,modified,modified,,,,
2026-06-01 17:30,297,150,147,,,,,modified,modified,modified,,,,
2026-06-01 17:45,307,171,136,,,,,modified,modified,modified,,,,
2026-06-01 18:00,283,145,138,,,,,modified,modified,modified,,,,
2026-06-01 18:15,243,123,120,,,,,modified,modified,modified,,,,
2026-06-01 18:30,197,90,107,,,,,modified,modified,modified,,,,
2026-06-01 18:45,196,94,102,,,,,modified,modified,modified,,,,
2026-06-01 19:00,156,75,81,,,,,modified,modified,modified,,,,
2026-06-01 19:15,151,78,73,,,,,modified,modified,modified,,,,
2026-06-01 19:30,129,57,72,,,,,modified,modified,modified,,,,
2026-06-01 19:45,137,70,67,,,,,modified,modified,modified,,,,
2026-06-01 20:00,120,60,60,,,,,modified,modified,modified,,,,
2026-06-01 20:15,101,49,52,,,,,modified,modified,modified,,,,
2026-06-01 20:30,86,39,47,,,,,modified,modified,modified,,,,
2026-06-01 20:45,85,41,44,,,,,modified,modified,modified,,,,
2026-06-01 21:00,72,37,35,,,,,modified,modified,modified,,,,
2026-06-01 21:15,77,43,34,,,,,modified,modified,modified,,,,
2026-06-01 21:30,66,32,34,,,,,modified,modified,modified,,,,
2026-06-01 21:45,62,29,33,,,,,modified,modified,modified,,,,
2026-06-01 22:00,68,30,38,,,,,modified,modified,modified,,,,
2026-06-01 22:15,59,27,32,,,,,modified,modified,modified,,,,
2026-06-01 22:30,50,22,28,,,,,modified,modified,modified,,,,
2026-06-01 22:45,43,20,23,,,,,modified,modified,modified,,,,
2026-06-01 23:00,36,14,22,,,,,modified,modified,modified,,,,
2026-06-01 23:15,25,11,14,,,,,modified,modified,modified,,,,
2026-06-01 23:30,19,9,10,,,,,modified,modified,modified,,,,
2026-06-01 23:45,16,8,8,,,,,modified,modified,modified,,,,
2026-06-02 00:00,11,5,6,,,,,modified,modified,modified,,,,
2026-06-02 00:15,8,3,5,,,,,modified,modified,modified,,,,
2026-06-02 00:30,6,3,3,,,,,modified,modified,modified,,,,
2026-06-02 00:45,5,2,3,,,,,modified,modified,modified,,,,
2026-06-02 01:00,5,2,3,,,,,modified,modified,modified,,,,
2026-06-02 01:15,4,2,2,,,,,modified,modified,modified,,,,
2026-06-02 01:30,2,1,1,,,,,modified,modified,modified,,,,
2026-06-02 01:45,3,1,2,,,,,modified,modified,modified,,,,
2026-06-02 02:00,1,0,1,,,,,modified,validated,modified,,,,
2026-06-02 02:15,2,1,1,,,,,modified,modified,modified,,,,
2026-06-02 02:30,1,0,1,,,,,modified,validated,modified,,,,
2026-06-02 02:45,1,0,1,,,,,modified,validated,modified,,,,
2026-06-02 03:00,0,0,0,,,,,validated,validated,validated,,,,
2026-06-02 03:15,2,1,1,,,,,modified,modified,modified,,,,
2026-06-02 03:30,2,1,1,,,,,modified,modified,modified,,,,
2026-06-02 03:45,3,2,1,,,,,modified,modified,modified,,,,
2026-06-02 04:00,1,1,0,,,,,modified,modified,validated,,,,
2026-06-02 04:15,2,2,0,,,,,modified,modified,validated,,,,
2026-06-02 04:30,4,2,2,,,,,modified,modified,modified,,,,
2026-06-02 04:45,9,5,4,,,,,modified,modified,modified,,,,
2026-06-02 05:00,8,6,2,,,,,modified,modified,modified,,,,
2026-06-02 05:15,9,5,4,,,,,modified,modified,modified,,,,
2026-06-02 05:30,30,11,19,,,,,modified,modified,modified,,,,
2026-06-02 05:45,32,13,19,,,,,modified,modified,modified,,,,
2026-06-02 06:00,49,19,30,,,,,modified,modified,modified,,,,
2026-06-02 06:15,79,43,36,,,,,modified,modified,modified,,,,
2026-06-02 06:30,108,37,71,,,,,modified,modified,modified,,,,
2026-06-02 06:45,135,64,71,,,,,modified,modified,modified,,,,
2026-06-02 07:00,162,67,95,,,,,modified,modified,modified,,,,
2026-06-02 07:15,213,96,117,,,,,modified,modified,modified,,,,
2026-06-02 07:30,326,127,199,,,,,modified,modified,modified,,,,
2026-06-02 07:45,343,155,188,,,,,modified,modified,modified,,,,
2026-06-02 08:00,297,125,172,,,,,modified,modified,modified,,,,
2026-06-02 08:15,264,133,131,,,,,modified,modified,modified,,,,
2026-06-02 08:30,228,98,130,,,,,modified,modified,modified,,,,
2026-06-02 08:45,246,104,142,,,,,modified,modified,modified,,,,
2026-06-02 09:00,163,63,100,,,,,modified,modified,modified,,,,
2026-06-02 09:15,137,59,78,,,,,modified,modified,modified,,,,
2026-06-02 09:30,146,54,92,,,,,modified,modified,modified,,,,
2026-06-02 09:45,180,75,105,,,,,modified,modified,modified,,,,
2026-06-02 10:00,151,55,96,,,,,modified,modified,modified,,,,
2026-06-02 10:15,114,48,66,,,,,modified,modified,modified,,,,
2026-06-02 10:30,107,45,62,,,,,modified,modified,modified,,,,
2026-06-02 10:45,123,57,66,,,,,modified,modified,modified,,,,
2026-06-02 11:00,106,50,56,,,,,modified,modified,modified,,,,
2026-06-02 11:15,111,51,60,,,,,modified,modified,modified,,,,
2026-06-02 11:30,120,55,65,,,,,modified,modified,modified,,,,
2026-06-02 11:45,152,66,86,,,,,modified,modified,modified,,,,
2026-06-02 12:00,155,67,88,,,,,modified,modified,modified,,,,
2026-06-02 12:15,156,70,86,,,,,modified,modified,modified,,,,
2026-06-02 12:30,171,68,103,,,,,modified,modified,modified,,,,
2026-06-02 12:45,189,91,98,,,,,modified,modified,modified,,,,
2026-06-02 13:00,191,88,103,,,,,modified,modified,modified,,,,
2026-06-02 13:15,175,86,89,,,,,modified,modified,modified,,,,
2026-06-02 13:30,166,81,85,,,,,modified,modified,modified,,,,
2026-06-02 13:45,206,103,103,,,,,modified,modified,modified,,,,
2026-06-02 14:00,187,93,94,,,,,modified,modified,modified,,,,
2026-06-02 14:15,176,97,79,,,,,modified,modified,modified,,,,
2026-06-02 14:30,166,92,74,,,,,modified,modified,modified,,,,
2026-06-02 14:45,225,134,91,,,,,modified,modified,modified,,,,
2026-06-02 15:00,198,105,93,,,,,modified,modified,modified,,,,
2026-06-02 15:15,210,127,83,,,,,modified,modified,modified,,,,
2026-06-02 15:30,207,118,89,,,,,modified,modified,modified,,,,
2026-06-02 15:45,269,158,111,,,,,modified,modified,modified,,,,
2026-06-02 16:00,270,156,114,,,,,modified,modified,modified,,,,
2026-06-02 16:15,276,165,111,,,,,modified,modified,modified,,,,
2026-06-02 16:30,252,131,121,,,,,modified,modified,modified,,,,
2026-06-02 16:45,268,149,119,,,,,modified,modified,modified,,,,
2026-06-02 17:00,274,136,138,,,,,modified,modified,modified,,,,
2026-06-02 17:15,280,149,131,,,,,modified,modified,modified,,,,
2026-06-02 17:30,263,134,129,,,,,modified,modified,modified,,,,
2026-06-02 17:45,282,154,128,,,,,modified,modified,modified,,,,
2026-06-02 18:00,243,118,125,,,,,modified,modified,modified,,,,
2026-06-02 18:15,221,109,112,,,,,modified,modified,modified,,,,
2026-06-02 18:30,180,86,94,,,,,modified,modified,modified,,,,
2026-06-02 18:45,176,89,87,,,,,modified,modified,modified,,,,
2026-06-02 19:00,143,74,69,,,,,modified,modified,modified,,,,
2026-06-02 19:15,141,78,63,,,,,modified,modified,modified,,,,
2026-06-02 19:30,126,62,64,,,,,modified,modified,modified,,,,
2026-06-02 19:45,133,69,64,,,,,modified,modified,modified,,,,
2026-06-02 20:00,112,55,57,,,,,modified,modified,modified,,,,
2026-06-02 20:15,94,47,47,,,,,modified,modified,modified,,,,
2026-06-02 20:30,75,37,38,,,,,modified,modified,modified,,,,
2026-06-02 20:45,71,38,33,,,,,modified,modified,modified,,,,
2026-06-02 21:00,70,39,31,,,,,modified,modified,modified,,,,
2026-06-02 21:15,71,37,34,,,,,modified,modified,modified,,,,
2026-06-02 21:30,66,32,34,,,,,modified,modified,modified,,,,
2026-06-02 21:45,60,31,29,,,,,modified,modified,modified,,,,
2026-06-02 22:00,61,27,34,,,,,modified,modified,modified,,,,
2026-06-02 22:15,64,30,34,,,,,modified,modified,modified,,,,
2026-06-02 22:30,58,31,27,,,,,modified,modified,modified,,,,
2026-06-02 22:45,43,19,24,,,,,modified,modified,modified,,,,
2026-06-02 23:00,36,14,22,,,,,modified,modified,modified,,,,
2026-06-02 23:15,31,11,20,,,,,modified,modified,modified,,,,
2026-06-02 23:30,22,9,13,,,,,modified,modified,modified,,,,
2026-06-02 23:45,16,6,10,,,,,modified,modified,modified,,,,
2026-06-03 00:00,16,6,10,,,,,modified,modified,modified,,,,
2026-06-03 00:15,11,5,6,,,,,modified,modified,modified,,,,
2026-06-03 00:30,9,3,6,,,,,modified,modified,modified,,,,
2026-06-03 00:45,7,3,4,,,,,modified,modified,modified,,,,
2026-06-03 01:00,8,2,6,,,,,modified,modified,modified,,,,
2026-06-03 01:15,6,2,4,,,,,modified,modified,modified,,,,
2026-06-03 01:30,5,2,3,,,,,modified,modified,modified,,,,
2026-06-03 01:45,3,1,2,,,,,modified,modified,modified,,,,
2026-06-03 02:00,2,1,1,,,,,modified,modified,modified,,,,
2026-06-03 02:15,2,1,1,,,,,modified,modified,modified,,,,
2026-06-03 02:30,2,1,1,,,,,modified,modified,modified,,,,
2026-06-03 02:45,2,1,1,,,,,modified,modified,modified,,,,
2026-06-03 03:00,2,1,1,,,,,modified,modified,modified,,,,
2026-06-03 03:15,2,1,1,,,,,modified,modified,modified,,,,
2026-06-03 03:30,3,1,2,,,,,modified,modified,modified,,,,
2026-06-03 03:45,2,1,1,,,,,modified,modified,modified,,,,
2026-06-03 04:00,2,1,1,,,,,modified,modified,modified,,,,
2026-06-03 04:15,3,2,1,,,,,modified,modified,modified,,,,
2026-06-03 04:30,6,3,3,,,,,modified,modified,modified,,,,
2026-06-03 04:45,9,5,4,,,,,modified,modified,modified,,,,
2026-06-03 05:00,9,7,2,,,,,modified,modified,modified,,,,
2026-06-03 05:15,11,6,5,,,,,modified,modified,modified,,,,
2026-06-03 05:30,30,11,19,,,,,modified,modified,modified,,,,
2026-06-03 05:45,32,14,18,,,,,modified,modified,modified,,,,
2026-06-03 06:00,52,20,32,,,,,modified,modified,modified,,,,
2026-06-03 06:15,83,43,40,,,,,modified,modified,modified,,,,
2026-06-03 06:30,117,35,82,,,,,modified,modified,modified,,,,
2026-06-03 06:45,141,70,71,,,,,modified,modified,modified,,,,
2026-06-03 07:00,171,76,95,,,,,modified,modified,modified,,,,
2026-06-03 07:15,225,101,124,,,,,modified,modified,modified,,,,
2026-06-03 07:30,354,143,211,,,,,modified,modified,modified,,,,
2026-06-03 07:45,360,163,197,,,,,modified,modified,modified,,,,
2026-06-03 08:00,321,132,189,,,,,modified,modified,modified,,,,
2026-06-03 08:15,275,135,140,,,,,modified,modified,modified,,,,
2026-06-03 08:30,242,105,137,,,,,modified,modified,modified,,,,
2026-06-03 08:45,257,106,151,,,,,modified,modified,modified,,,,
2026-06-03 09:00,191,70,121,,,,,modified,modified,modified,,,,
2026-06-03 09:15,152,66,86,,,,,modified,modified,modified,,,,
2026-06-03 09:30,161,67,94,,,,,modified,modified,modified,,,,
2026-06-03 09:45,186,72,114,,,,,modified,modified,modified,,,,
2026-06-03 10:00,156,54,102,,,,,modified,modified,modified,,,,
2026-06-03 10:15,115,54,61,,,,,modified,modified,modified,,,,
2026-06-03 10:30,109,46,63,,,,,modified,modified,modified,,,,
2026-06-03 10:45,139,67,72,,,,,modified,modified,modified,,,,
2026-06-03 11:00,115,54,61,,,,,modified,modified,modified,,,,
2026-06-03 11:15,131,60,71,,,,,modified,modified,modified,,,,
2026-06-03 11:30,139,63,76,,,,,modified,modified,modified,,,,
2026-06-03 11:45,171,78,93,,,,,modified,modified,modified,,,,
2026-06-03 12:00,178,75,103,,,,,modified,modified,modified,,,,
2026-06-03 12:15,175,75,100,,,,,modified,modified,modified,,,,
2026-06-03 12:30,183,80,103,,,,,modified,modified,modified,,,,
2026-06-03 12:45,221,109,112,,,,,modified,modified,modified,,,,
2026-06-03 13:00,199,98,101,,,,,modified,modified,modified,,,,
2026-06-03 13:15,189,96,93,,,,,modified,modified,modified,,,,
2026-06-03 13:30,186,91,95,,,,,modified,modified,modified,,,,
2026-06-03 13:45,235,120,115,,,,,modified,modified,modified,,,,
2026-06-03 14:00,209,101,108,,,,,modified,modified,modified,,,,
2026-06-03 14:15,206,105,101,,,,,modified,modified,modified,,,,
2026-06-03 14:30,195,100,95,,,,,modified,modified,modified,,,,
2026-06-03 14:45,239,136,103,,,,,modified,modified,modified,,,,
2026-06-03 15:00,223,118,105,,,,,modified,modified,modified,,,,
2026-06-03 15:15,232,135,97,,,,,modified,modified,modified,,,,
2026-06-03 15:30,242,132,110,,,,,modified,modified,modified,,,,
2026-06-03 15:45,268,155,113,,,,,modified,modified,modified,,,,
2026-06-03 16:00,275,153,122,,,,,modified,modified,modified,,,,
2026-06-03 16:15,271,158,113,,,,,modified,modified,modified,,,,
2026-06-03 16:30,233,127,106,,,,,modified,modified,modified,,,,
2026-06-03 16:45,266,147,119,,,,,modified,modified,modified,,,,
2026-06-03 17:00,275,143,132,,,,,modified,modified,modified,,,,
2026-06-03 17:15,291,154,137,,,,,modified,modified,modified,,,,
2026-06-03 17:30,272,138,134,,,,,modified,modified,modified,,,,
2026-06-03 17:45,306,162,144,,,,,modified,modified,modified,,,,
2026-06-03 18:00,263,135,128,,,,,modified,modified,modified,,,,
2026-06-03 18:15,243,128,115,,,,,modified,modified,modified,,,,
2026-06-03 18:30,193,95,98,,,,,modified,modified,modified,,,,
2026-06-03 18:45,202,105,97,,,,,modified,modified,modified,,,,
2026-06-03 19:00,159,84,75,,,,,modified,modified,modified,,,,
2026-06-03 19:15,156,85,71,,,,,modified,modified,modified,,,,
2026-06-03 19:30,136,69,67,,,,,modified,modified,modified,,,,
2026-06-03 19:45,141,70,71,,,,,modified,modified,modified,,,,
2026-06-03 20:00,119,63,56,,,,,modified,modified,modified,,,,
2026-06-03 20:15,100,51,49,,,,,modified,modified,modified,,,,
2026-06-03 20:30,89,45,44,,,,,modified,modified,modified,,,,
2026-06-03 20:45,82,44,38,,,,,modified,modified,modified,,,,
2026-06-03 21:00,85,44,41,,,,,modified,modified,modified,,,,
2026-06-03 21:15,82,47,35,,,,,modified,modified,modified,,,,
2026-06-03 21:30,80,39,41,,,,,modified,modified,modified,,,,
2026-06-03 21:45,71,34,37,,,,,modified,modified,modified,,,,
2026-06-03 22:00,76,35,41,,,,,modified,modified,modified,,,,
2026-06-03 22:15,67,33,34,,,,,modified,modified,modified,,,,
2026-06-03 22:30,64,33,31,,,,,modified,modified,modified,,,,
2026-06-03 22:45,57,23,34,,,,,modified,modified,modified,,,,
2026-06-03 23:00,46,16,30,,,,,modified,modified,modified,,,,
2026-06-03 23:15,37,15,22,,,,,modified,modified,modified,,,,
2026-06-03 23:30,29,12,17,,,,,modified,modified,modified,,,,
2026-06-03 23:45,22,10,12,,,,,modified,modified,modified,,,,
2026-06-04 00:00,7,3,4,,,,,modified,modified,modified,,,,
2026-06-04 00:15,6,2,4,,,,,modified,modified,modified,,,,
2026-06-04 00:30,6,3,3,,,,,modified,modified,modified,,,,
2026-06-04 00:45,4,2,2,,,,,modified,modified,modified,,,,
2026-06-04 01:00,4,2,2,,,,,modified,modified,modified,,,,
2026-06-04 01:15,3,1,2,,,,,modified,modified,modified,,,,
2026-06-04 01:30,2,1,1,,,,,modified,modified,modified,,,,
2026-06-04 01:45,3,1,2,,,,,modified,modified,modified,,,,
2026-06-04 02:00,2,1,1,,,,,modified,modified,modified,,,,
2026-06-04 02:15,1,1,0,,,,,modified,modified,validated,,,,
2026-06-04 02:30,2,1,1,,,,,modified,modified,modified,,,,
2026-06-04 02:45,2,1,1,,,,,modified,modified,modified,,,,
2026-06-04 03:00,2,1,1,,,,,modified,modified,modified,,,,
2026-06-04 03:15,2,1,1,,,,,modified,modified,modified,,,,
2026-06-04 03:30,2,1,1,,,,,modified,modified,modified,,,,
2026-06-04 03:45,2,1,1,,,,,modified,modified,modified,,,,
2026-06-04 04:00,1,0,1,,,,,modified,validated,modified,,,,
2026-06-04 04:15,2,1,1,,,,,modified,modified,modified,,,,
2026-06-04 04:30,3,1,2,,,,,modified,modified,modified,,,,
2026-06-04 04:45,3,2,1,,,,,modified,modified,modified,,,,
2026-06-04 05:00,4,3,1,,,,,modified,modified,modified,,,,
2026-06-04 05:15,4,2,2,,,,,modified,modified,modified,,,,
2026-06-04 05:30,12,4,8,,,,,modified,modified,modified,,,,
2026-06-04 05:45,13,5,8,,,,,modified,modified,modified,,,,
2026-06-04 06:00,20,8,12,,,,,modified,modified,modified,,,,
2026-06-04 06:15,30,16,14,,,,,modified,modified,modified,,,,
2026-06-04 06:30,42,12,30,,,,,modified,modified,modified,,,,
2026-06-04 06:45,54,26,28,,,,,modified,modified,modified,,,,
2026-06-04 07:00,67,30,37,,,,,modified,modified,modified,,,,
2026-06-04 07:15,91,39,52,,,,,modified,modified,modified,,,,
2026-06-04 07:30,133,56,77,,,,,modified,modified,modified,,,,
2026-06-04 07:45,147,67,80,,,,,modified,modified,modified,,,,
2026-06-04 08:00,125,51,74,,,,,modified,modified,modified,,,,
2026-06-04 08:15,103,49,54,,,,,modified,modified,modified,,,,
2026-06-04 08:30,90,39,51,,,,,modified,modified,modified,,,,
2026-06-04 08:45,98,44,54,,,,,modified,modified,modified,,,,
2026-06-04 09:00,66,25,41,,,,,modified,modified,modified,,,,
2026-06-04 09:15,56,24,32,,,,,modified,modified,modified,,,,
2026-06-04 09:30,62,24,38,,,,,modified,modified,modified,,,,
2026-06-04 09:45,71,28,43,,,,,modified,modified,modified,,,,
2026-06-04 10:00,62,21,41,,,,,modified,modified,modified,,,,
2026-06-04 10:15,39,18,21,,,,,modified,modified,modified,,,,
2026-06-04 10:30,44,18,26,,,,,modified,modified,modified,,,,
2026-06-04 10:45,49,24,25,,,,,modified,modified,modified,,,,
2026-06-04 11:00,45,21,24,,,,,modified,modified,modified,,,,
2026-06-04 11:15,45,22,23,,,,,modified,modified,modified,,,,
2026-06-04 11:30,48,22,26,,,,,modified,modified,modified,,,,
2026-06-04 11:45,67,32,35,,,,,modified,modified,modified,,,,
2026-06-04 12:00,63,29,34,,,,,modified,modified,modified,,,,
2026-06-04 12:15,65,30,35,,,,,modified,modified,modified,,,,
2026-06-04 12:30,69,31,38,,,,,modified,modified,modified,,,,
2026-06-04 12:45,79,38,41,,,,,modified,modified,modified,,,,
2026-06-04 13:00,74,33,41,,,,,modified,modified,modified,,,,
2026-06-04 13:15,73,34,39,,,,,modified,modified,modified,,,,
2026-06-04 13:30,76,33,43,,,,,modified,modified,modified,,,,
2026-06-04 13:45,86,44,42,,,,,modified,modified,modified,,,,
2026-06-04 14:00,80,40,40,,,,,modified,modified,modified,,,,
2026-06-04 14:15,72,39,33,,,,,modified,modified,modified,,,,
2026-06-04 14:30,76,40,36,,,,,modified,modified,modified,,,,
2026-06-04 14:45,98,59,39,,,,,modified,modified,modified,,,,
2026-06-04 15:00,84,47,37,,,,,modified,modified,modified,,,,
2026-06-04 15:15,90,52,38,,,,,modified,modified,modified,,,,
2026-06-04 15:30,96,54,42,,,,,modified,modified,modified,,,,
2026-06-04 15:45,117,69,48,,,,,modified,modified,modified,,,,
2026-06-04 16:00,111,63,48,,,,,modified,modified,modified,,,,
2026-06-04 16:15,117,68,49,,,,,modified,modified,modified,,,,
2026-06-04 16:30,108,57,51,,,,,modified,modified,modified,,,,
2026-06-04 16:45,117,66,51,,,,,modified,modified,modified,,,,
2026-06-04 17:00,108,55,53,,,,,modified,modified,modified,,,,
2026-06-04 17:15,110,59,51,,,,,modified,modified,modified,,,,
2026-06-04 17:30,114,55,59,,,,,modified,modified,modified,,,,
2026-06-04 17:45,110,58,52,,,,,modified,modified,modified,,,,
2026-06-04 18:00,96,48,48,,,,,modified,modified,modified,,,,
2026-06-04 18:15,87,44,43,,,,,modified,modified,modified,,,,
2026-06-04 18:30,75,38,37,,,,,modified,modified,modified,,,,
2026-06-04 18:45,85,42,43,,,,,modified,modified,modified,,,,
2026-06-04 19:00,66,33,33,,,,,modified,modified,modified,,,,
2026-06-04 19:15,60,33,27,,,,,modified,modified,modified,,,,
2026-06-04 19:30,58,32,26,,,,,modified,modified,modified,,,,
2026-06-04 19:45,53,26,27,,,,,modified,modified,modified,,,,
2026-06-04 20:00,43,22,21,,,,,modified,modified,modified,,,,
2026-06-04 20:15,41,21,20,,,,,modified,modified,modified,,,,
2026-06-04 20:30,33,16,17,,,,,modified,modified,modified,,,,
2026-06-04 20:45,33,19,14,,,,,modified,modified,modified,,,,
2026-06-04 21:00,32,17,15,,,,,modified,modified,modified,,,,
2026-06-04 21:15,31,17,14,,,,,modified,modified,modified,,,,
2026-06-04 21:30,29,14,15,,,,,modified,modified,modified,,,,
2026-06-04 21:45,29,14,15,,,,,modified,modified,modified,,,,
2026-06-04 22:00,28,13,15,,,,,modified,modified,modified,,,,
2026-06-04 22:15,28,13,15,,,,,modified,modified,modified,,,,
2026-06-04 22:30,26,12,14,,,,,modified,modified,modified,,,,
2026-06-04 22:45,21,9,12,,,,,modified,modified,modified,,,,
2026-06-04 23:00,18,7,11,,,,,modified,modified,modified,,,,
2026-06-04 23:15,13,5,8,,,,,modified,modified,modified,,,,
2026-06-04 23:30,10,4,6,,,,,modified,modified,modified,,,,
2026-06-04 23:45,7,3,4,,,,,modified,modified,modified,,,,
2026-06-05 00:00,16,5,11,,,,,modified,modified,modified,,,,
2026-06-05 00:15,12,4,8,,,,,modified,modified,modified,,,,
2026-06-05 00:30,8,3,5,,,,,modified,modified,modified,,,,
2026-06-05 00:45,7,3,4,,,,,modified,modified,modified,,,,
2026-06-05 01:00,8,3,5,,,,,modified,modified,modified,,,,
2026-06-05 01:15,6,3,3,,,,,modified,modified,modified,,,,
2026-06-05 01:30,5,2,3,,,,,modified,modified,modified,,,,
2026-06-05 01:45,4,2,2,,,,,modified,modified,modified,,,,
2026-06-05 02:00,4,2,2,,,,,modified,modified,modified,,,,
2026-06-05 02:15,3,1,2,,,,,modified,modified,modified,,,,
2026-06-05 02:30,2,1,1,,,,,modified,modified,modified,,,,
2026-06-05 02:45,1,1,0,,,,,modified,modified,validated,,,,
2026-06-05 03:00,2,1,1,,,,,modified,modified,modified,,,,
2026-06-05 03:15,1,1,0,,,,,modified,modified,validated,,,,
2026-06-05 03:30,3,2,1,,,,,modified,modified,modified,,,,
2026-06-05 03:45,3,2,1,,,,,modified,modified,modified,,,,
2026-06-05 04:00,1,0,1,,,,,modified,validated,modified,,,,
2026-06-05 04:15,2,1,1,,,,,modified,modified,modified,,,,
2026-06-05 04:30,3,1,2,,,,,modified,modified,modified,,,,
2026-06-05 04:45,7,4,3,,,,,modified,modified,modified,,,,
2026-06-05 05:00,6,4,2,,,,,modified,modified,modified,,,,
2026-06-05 05:15,8,4,4,,,,,modified,modified,modified,,,,
2026-06-05 05:30,17,6,11,,,,,modified,modified,modified,,,,
2026-06-05 05:45,22,8,14,,,,,modified,modified,modified,,,,
2026-06-05 06:00,32,11,21,,,,,modified,modified,modified,,,,
2026-06-05 06:15,55,28,27,,,,,modified,modified,modified,,,,
2026-06-05 06:30,79,24,55,,,,,modified,modified,modified,,,,
2026-06-05 06:45,96,46,50,,,,,modified,modified,modified,,,,
2026-06-05 07:00,108,44,64,,,,,modified,modified,modified,,,,
2026-06-05 07:15,150,58,92,,,,,modified,modified,modified,,,,
2026-06-05 07:30,245,94,151,,,,,modified,modified,modified,,,,
2026-06-05 07:45,238,101,137,,,,,modified,modified,modified,,,,
2026-06-05 08:00,196,80,116,,,,,modified,modified,modified,,,,
2026-06-05 08:15,161,79,82,,,,,modified,modified,modified,,,,
2026-06-05 08:30,145,63,82,,,,,modified,modified,modified,,,,
2026-06-05 08:45,175,75,100,,,,,modified,modified,modified,,,,
2026-06-05 09:00,119,47,72,,,,,modified,modified,modified,,,,
2026-06-05 09:15,108,47,61,,,,,modified,modified,modified,,,,
2026-06-05 09:30,107,46,61,,,,,modified,modified,modified,,,,
2026-06-05 09:45,129,55,74,,,,,modified,modified,modified,,,,
2026-06-05 10:00,112,43,69,,,,,modified,modified,modified,,,,
2026-06-05 10:15,90,42,48,,,,,modified,modified,modified,,,,
2026-06-05 10:30,94,46,48,,,,,modified,modified,modified,,,,
2026-06-05 10:45,95,47,48,,,,,modified,modified,modified,,,,
2026-06-05 11:00,95,49,46,,,,,modified,modified,modified,,,,
2026-06-05 11:15,97,46,51,,,,,modified,modified,modified,,,,
2026-06-05 11:30,107,47,60,,,,,modified,modified,modified,,,,
2026-06-05 11:45,137,68,69,,,,,modified,modified,modified,,,,
2026-06-05 12:00,136,65,71,,,,,modified,modified,modified,,,,
2026-06-05 12:15,148,73,75,,,,,modified,modified,modified,,,,
2026-06-05 12:30,155,71,84,,,,,modified,modified,modified,,,,
2026-06-05 12:45,184,92,92,,,,,modified,modified,modified,,,,
2026-06-05 13:00,172,83,89,,,,,modified,modified,modified,,,,
2026-06-05 13:15,167,83,84,,,,,modified,modified,modified,,,,
2026-06-05 13:30,158,73,85,,,,,modified,modified,modified,,,,
2026-06-05 13:45,184,94,90,,,,,modified,modified,modified,,,,
2026-06-05 14:00,170,87,83,,,,,modified,modified,modified,,,,
2026-06-05 14:15,169,92,77,,,,,modified,modified,modified,,,,
2026-06-05 14:30,167,87,80,,,,,modified,modified,modified,,,,
2026-06-05 14:45,186,106,80,,,,,modified,modified,modified,,,,
2026-06-05 15:00,173,98,75,,,,,modified,modified,modified,,,,
2026-06-05 15:15,185,109,76,,,,,modified,modified,modified,,,,
2026-06-05 15:30,169,97,72,,,,,modified,modified,modified,,,,
2026-06-05 15:45,183,105,78,,,,,modified,modified,modified,,,,
2026-06-05 16:00,172,98,74,,,,,modified,modified,modified,,,,
2026-06-05 16:15,167,95,72,,,,,modified,modified,modified,,,,
2026-06-05 16:30,157,83,74,,,,,modified,modified,modified,,,,
2026-06-05 16:45,163,90,73,,,,,modified,modified,modified,,,,
2026-06-05 17:00,152,82,70,,,,,modified,modified,modified,,,,
2026-06-05 17:15,153,85,68,,,,,modified,modified,modified,,,,
2026-06-05 17:30,145,75,70,,,,,modified,modified,modified,,,,
2026-06-05 17:45,161,89,72,,,,,modified,modified,modified,,,,
2026-06-05 18:00,134,75,59,,,,,modified,modified,modified,,,,
2026-06-05 18:15,129,73,56,,,,,modified,modified,modified,,,,
2026-06-05 18:30,112,61,51,,,,,modified,modified,modified,,,,
2026-06-05 18:45,124,65,59,,,,,modified,modified,modified,,,,
2026-06-05 19:00,112,61,51,,,,,modified,modified,modified,,,,
2026-06-05 19:15,95,52,43,,,,,modified,modified,modified,,,,
2026-06-05 19:30,88,49,39,,,,,modified,modified,modified,,,,
2026-06-05 19:45,86,46,40,,,,,modified,modified,modified,,,,
2026-06-05 20:00,80,39,41,,,,,modified,modified,modified,,,,
2026-06-05 20:15,68,33,35,,,,,modified,modified,modified,,,,
2026-06-05 20:30,60,29,31,,,,,modified,modified,modified,,,,
2026-06-05 20:45,57,30,27,,,,,modified,modified,modified,,,,
2026-06-05 21:00,51,30,21,,,,,modified,modified,modified,,,,
2026-06-05 21:15,51,27,24,,,,,modified,modified,modified,,,,
2026-06-05 21:30,46,23,23,,,,,modified,modified,modified,,,,
2026-06-05 21:45,50,26,24,,,,,modified,modified,modified,,,,
2026-06-05 22:00,53,28,25,,,,,modified,modified,modified,,,,
2026-06-05 22:15,46,19,27,,,,,modified,modified,modified,,,,
2026-06-05 22:30,43,20,23,,,,,modified,modified,modified,,,,
2026-06-05 22:45,47,19,28,,,,,modified,modified,modified,,,,
2026-06-05 23:00,44,17,27,,,,,modified,modified,modified,,,,
2026-06-05 23:15,39,17,22,,,,,modified,modified,modified,,,,
2026-06-05 23:30,34,14,20,,,,,modified,modified,modified,,,,
2026-06-05 23:45,32,16,16,,,,,modified,modified,modified,,,,
2026-06-06 00:00,50,20,30,,,,,modified,modified,modified,,,,
2026-06-06 00:15,41,14,27,,,,,modified,modified,modified,,,,
2026-06-06 00:30,37,17,20,,,,,modified,modified,modified,,,,
2026-06-06 00:45,39,17,22,,,,,modified,modified,modified,,,,
2026-06-06 01:00,32,13,19,,,,,modified,modified,modified,,,,
2026-06-06 01:15,30,13,17,,,,,modified,modified,modified,,,,
2026-06-06 01:30,24,9,15,,,,,modified,modified,modified,,,,
2026-06-06 01:45,18,8,10,,,,,modified,modified,modified,,,,
2026-06-06 02:00,19,7,12,,,,,modified,modified,modified,,,,
2026-06-06 02:15,16,7,9,,,,,modified,modified,modified,,,,
2026-06-06 02:30,14,4,10,,,,,modified,modified,modified,,,,
2026-06-06 02:45,15,4,11,,,,,modified,modified,modified,,,,
2026-06-06 03:00,13,4,9,,,,,modified,modified,modified,,,,
2026-06-06 03:15,14,4,10,,,,,modified,modified,modified,,,,
2026-06-06 03:30,13,3,10,,,,,modified,modified,modified,,,,
2026-06-06 03:45,10,3,7,,,,,modified,modified,modified,,,,
2026-06-06 04:00,11,3,8,,,,,modified,modified,modified,,,,
2026-06-06 04:15,9,2,7,,,,,modified,modified,modified,,,,
2026-06-06 04:30,8,1,7,,,,,modified,modified,modified,,,,
2026-06-06 04:45,8,2,6,,,,,modified,modified,modified,,,,
2026-06-06 05:00,11,3,8,,,,,modified,modified,modified,,,,
2026-06-06 05:15,10,3,7,,,,,modified,modified,modified,,,,
2026-06-06 05:30,20,5,15,,,,,modified,modified,modified,,,,
2026-06-06 05:45,16,5,11,,,,,modified,modified,modified,,,,
2026-06-06 06:00,10,4,6,,,,,modified,modified,modified,,,,
2026-06-06 06:15,12,5,7,,,,,modified,modified,modified,,,,
2026-06-06 06:30,15,8,7,,,,,modified,modified,modified,,,,
2026-06-06 06:45,16,9,7,,,,,modified,modified,modified,,,,
2026-06-06 07:00,12,7,5,,,,,modified,modified,modified,,,,
2026-06-06 07:15,19,10,9,,,,,modified,modified,modified,,,,
2026-06-06 07:30,25,11,14,,,,,modified,modified,modified,,,,
2026-06-06 07:45,35,13,22,,,,,modified,modified,modified,,,,
2026-06-06 08:00,35,13,22,,,,,modified,modified,modified,,,,
2026-06-06 08:15,36,18,18,,,,,modified,modified,modified,,,,
2026-06-06 08:30,44,19,25,,,,,modified,modified,modified,,,,
2026-06-06 08:45,67,31,36,,,,,modified,modified,modified,,,,
2026-06-06 09:00,49,27,22,,,,,modified,modified,modified,,,,
2026-06-06 09:15,59,34,25,,,,,modified,modified,modified,,,,
2026-06-06 09:30,83,38,45,,,,,modified,modified,modified,,,,
2026-06-06 09:45,116,55,61,,,,,modified,modified,modified,,,,
2026-06-06 10:00,91,40,51,,,,,modified,modified,modified,,,,
2026-06-06 10:15,88,46,42,,,,,modified,modified,modified,,,,
2026-06-06 10:30,89,40,49,,,,,modified,modified,modified,,,,
2026-06-06 10:45,107,56,51,,,,,modified,modified,modified,,,,
2026-06-06 11:00,101,49,52,,,,,modified,modified,modified,,,,
2026-06-06 11:15,105,54,51,,,,,modified,modified,modified,,,,
2026-06-06 11:30,103,53,50,,,,,modified,modified,modified,,,,
2026-06-06 11:45,122,64,58,,,,,modified,modified,modified,,,,
2026-06-06 12:00,113,55,58,,,,,modified,modified,modified,,,,
2026-06-06 12:15,125,63,62,,,,,modified,modified,modified,,,,
2026-06-06 12:30,123,61,62,,,,,modified,modified,modified,,,,
2026-06-06 12:45,128,67,61,,,,,modified,modified,modified,,,,
2026-06-06 13:00,141,71,70,,,,,modified,modified,modified,,,,
2026-06-06 13:15,138,76,62,,,,,modified,modified,modified,,,,
2026-06-06 13:30,130,62,68,,,,,modified,modified,modified,,,,
2026-06-06 13:45,161,83,78,,,,,modified,modified,modified,,,,
2026-06-06 14:00,150,73,77,,,,,modified,modified,modified,,,,
2026-06-06 14:15,149,78,71,,,,,modified,modified,modified,,,,
2026-06-06 14:30,152,77,75,,,,,modified,modified,modified,,,,
2026-06-06 14:45,155,82,73,,,,,modified,modified,modified,,,,
2026-06-06 15:00,139,64,75,,,,,modified,modified,modified,,,,
2026-06-06 15:15,143,74,69,,,,,modified,modified,modified,,,,
2026-06-06 15:30,148,66,82,,,,,modified,modified,modified,,,,
2026-06-06 15:45,147,74,73,,,,,modified,modified,modified,,,,
2026-06-06 16:00,139,67,72,,,,,modified,modified,modified,,,,
2026-06-06 16:15,133,70,63,,,,,modified,modified,modified,,,,
2026-06-06 16:30,137,68,69,,,,,modified,modified,modified,,,,
2026-06-06 16:45,135,72,63,,,,,modified,modified,modified,,,,
2026-06-06 17:00,134,75,59,,,,,modified,modified,modified,,,,
2026-06-06 17:15,135,79,56,,,,,modified,modified,modified,,,,
2026-06-06 17:30,130,71,59,,,,,modified,modified,modified,,,,
2026-06-06 17:45,147,85,62,,,,,modified,modified,modified,,,,
2026-06-06 18:00,115,60,55,,,,,modified,modified,modified,,,,
2026-06-06 18:15,114,60,54,,,,,modified,modified,modified,,,,
2026-06-06 18:30,103,52,51,,,,,modified,modified,modified,,,,
2026-06-06 18:45,121,66,55,,,,,modified,modified,modified,,,,
2026-06-06 19:00,110,60,50,,,,,modified,modified,modified,,,,
2026-06-06 19:15,101,55,46,,,,,modified,modified,modified,,,,
2026-06-06 19:30,89,49,40,,,,,modified,modified,modified,,,,
2026-06-06 19:45,96,55,41,,,,,modified,modified,modified,,,,
2026-06-06 20:00,87,43,44,,,,,modified,modified,modified,,,,
2026-06-06 20:15,78,40,38,,,,,modified,modified,modified,,,,
2026-06-06 20:30,67,32,35,,,,,modified,modified,modified,,,,
2026-06-06 20:45,62,35,27,,,,,modified,modified,modified,,,,
2026-06-06 21:00,64,36,28,,,,,modified,modified,modified,,,,
2026-06-06 21:15,55,30,25,,,,,modified,modified,modified,,,,
2026-06-06 21:30,55,27,28,,,,,modified,modified,modified,,,,
2026-06-06 21:45,57,27,30,,,,,modified,modified,modified,,,,
2026-06-06 22:00,54,24,30,,,,,modified,modified,modified,,,,
2026-06-06 22:15,50,22,28,,,,,modified,modified,modified,,,,
2026-06-06 22:30,54,22,32,,,,,modified,modified,modified,,,,
2026-06-06 22:45,50,22,28,,,,,modified,modified,modified,,,,
2026-06-06 23:00,50,18,32,,,,,modified,modified,modified,,,,
2026-06-06 23:15,43,18,25,,,,,modified,modified,modified,,,,
2026-06-06 23:30,46,19,27,,,,,modified,modified,modified,,,,
2026-06-06 23:45,47,20,27,,,,,modified,modified,modified,,,,
2026-06-07 00:00,32,14,18,,,,,modified,modified,modified,,,,
2026-06-07 00:15,33,13,20,,,,,modified,modified,modified,,,,
2026-06-07 00:30,30,11,19,,,,,modified,modified,modified,,,,
2026-06-07 00:45,27,11,16,,,,,modified,modified,modified,,,,
2026-06-07 01:00,29,12,17,,,,,modified,modified,modified,,,,
2026-06-07 01:15,22,10,12,,,,,modified,modified,modified,,,,
2026-06-07 01:30,23,7,16,,,,,modified,modified,modified,,,,
2026-06-07 01:45,21,7,14,,,,,modified,modified,modified,,,,
2026-06-07 02:00,18,6,12,,,,,modified,modified,modified,,,,
2026-06-07 02:15,13,4,9,,,,,modified,modified,modified,,,,
2026-06-07 02:30,13,4,9,,,,,modified,modified,modified,,,,
2026-06-07 02:45,11,3,8,,,,,modified,modified,modified,,,,
2026-06-07 03:00,15,4,11,,,,,modified,modified,modified,,,,
2026-06-07 03:15,15,4,11,,,,,modified,modified,modified,,,,
2026-06-07 03:30,13,3,10,,,,,modified,modified,modified,,,,
2026-06-07 03:45,13,3,10,,,,,modified,modified,modified,,,,
2026-06-07 04:00,11,3,8,,,,,modified,modified,modified,,,,
2026-06-07 04:15,9,2,7,,,,,modified,modified,modified,,,,
2026-06-07 04:30,9,2,7,,,,,modified,modified,modified,,,,
2026-06-07 04:45,8,1,7,,,,,modified,modified,modified,,,,
2026-06-07 05:00,6,1,5,,,,,modified,modified,modified,,,,
2026-06-07 05:15,5,1,4,,,,,modified,modified,modified,,,,
2026-06-07 05:30,12,3,9,,,,,modified,modified,modified,,,,
2026-06-07 05:45,10,3,7,,,,,modified,modified,modified,,,,
2026-06-07 06:00,7,3,4,,,,,modified,modified,modified,,,,
2026-06-07 06:15,7,2,5,,,,,modified,modified,modified,,,,
2026-06-07 06:30,11,6,5,,,,,modified,modified,modified,,,,
2026-06-07 06:45,9,5,4,,,,,modified,modified,modified,,,,
2026-06-07 07:00,6,3,3,,,,,modified,modified,modified,,,,
2026-06-07 07:15,9,4,5,,,,,modified,modified,modified,,,,
2026-06-07 07:30,14,4,10,,,,,modified,modified,modified,,,,
2026-06-07 07:45,20,6,14,,,,,modified,modified,modified,,,,
2026-06-07 08:00,13,4,9,,,,,modified,modified,modified,,,,
2026-06-07 08:15,18,7,11,,,,,modified,modified,modified,,,,
2026-06-07 08:30,22,8,14,,,,,modified,modified,modified,,,,
2026-06-07 08:45,30,15,15,,,,,modified,modified,modified,,,,
2026-06-07 09:00,28,13,15,,,,,modified,modified,modified,,,,
2026-06-07 09:15,33,17,16,,,,,modified,modified,modified,,,,
2026-06-07 09:30,48,21,27,,,,,modified,modified,modified,,,,
2026-06-07 09:45,81,34,47,,,,,modified,modified,modified,,,,
2026-06-07 10:00,62,29,33,,,,,modified,modified,modified,,,,
2026-06-07 10:15,56,27,29,,,,,modified,modified,modified,,,,
2026-06-07 10:30,61,23,38,,,,,modified,modified,modified,,,,
2026-06-07 10:45,78,33,45,,,,,modified,modified,modified,,,,
2026-06-07 11:00,66,30,36,,,,,modified,modified,modified,,,,
2026-06-07 11:15,75,34,41,,,,,modified,modified,modified,,,,
2026-06-07 11:30,73,33,40,,,,,modified,modified,modified,,,,
2026-06-07 11:45,91,40,51,,,,,modified,modified,modified,,,,
2026-06-07 12:00,90,44,46,,,,,modified,modified,modified,,,,
2026-06-07 12:15,99,47,52,,,,,modified,modified,modified,,,,
2026-06-07 12:30,107,45,62,,,,,modified,modified,modified,,,,
2026-06-07 12:45,119,55,64,,,,,modified,modified,modified,,,,
2026-06-07 13:00,105,47,58,,,,,modified,modified,modified,,,,
2026-06-07 13:15,106,51,55,,,,,modified,modified,modified,,,,
2026-06-07 13:30,110,53,57,,,,,modified,modified,modified,,,,
2026-06-07 13:45,136,61,75,,,,,modified,modified,modified,,,,
2026-06-07 14:00,130,61,69,,,,,modified,modified,modified,,,,
2026-06-07 14:15,134,62,72,,,,,modified,modified,modified,,,,
2026-06-07 14:30,136,69,67,,,,,modified,modified,modified,,,,
2026-06-07 14:45,142,73,69,,,,,modified,modified,modified,,,,
2026-06-07 15:00,135,60,75,,,,,modified,modified,modified,,,,
2026-06-07 15:15,122,60,62,,,,,modified,modified,modified,,,,
2026-06-07 15:30,134,63,71,,,,,modified,modified,modified,,,,
2026-06-07 15:45,130,63,67,,,,,modified,modified,modified,,,,
2026-06-07 16:00,131,64,67,,,,,modified,modified,modified,,,,
2026-06-07 16:15,127,69,58,,,,,modified,modified,modified,,,,
2026-06-07 16:30,130,70,60,,,,,modified,modified,modified,,,,
2026-06-07 16:45,133,74,59,,,,,modified,modified,modified,,,,
2026-06-07 17:00,121,65,56,,,,,modified,modified,modified,,,,
2026-06-07 17:15,133,75,58,,,,,modified,modified,modified,,,,
2026-06-07 17:30,130,76,54,,,,,modified,modified,modified,,,,
2026-06-07 17:45,126,72,54,,,,,modified,modified,modified,,,,
2026-06-07 18:00,110,59,51,,,,,modified,modified,modified,,,,
2026-06-07 18:15,95,53,42,,,,,modified,modified,modified,,,,
2026-06-07 18:30,80,44,36,,,,,modified,modified,modified,,,,
2026-06-07 18:45,88,47,41,,,,,modified,modified,modified,,,,
2026-06-07 19:00,75,36,39,,,,,modified,modified,modified,,,,
2026-06-07 19:15,61,36,25,,,,,modified,modified,modified,,,,
2026-06-07 19:30,63,31,32,,,,,modified,modified,modified,,,,
2026-06-07 19:45,67,34,33,,,,,modified,modified,modified,,,,
2026-06-07 20:00,69,34,35,,,,,modified,modified,modified,,,,
2026-06-07 20:15,58,28,30,,,,,modified,modified,modified,,,,
2026-06-07 20:30,46,17,29,,,,,modified,modified,modified,,,,
2026-06-07 20:45,48,20,28,,,,,modified,modified,modified,,,,
2026-06-07 21:00,47,24,23,,,,,modified,modified,modified,,,,
2026-06-07 21:15,38,20,18,,,,,modified,modified,modified,,,,
2026-06-07 21:30,38,17,21,,,,,modified,modified,modified,,,,
2026-06-07 21:45,33,15,18,,,,,modified,modified,modified,,,,
2026-06-07 22:00,30,12,18,,,,,modified,modified,modified,,,,
2026-06-07 22:15,29,13,16,,,,,modified,modified,modified,,,,
2026-06-07 22:30,25,9,16,,,,,modified,modified,modified,,,,
2026-06-07 22:45,19,6,13,,,,,modified,modified,modified,,,,
2026-06-07 23:00,18,6,12,,,,,modified,modified,modified,,,,
2026-06-07 23:15,13,6,7,,,,,modified,modified,modified,,,,
2026-06-07 23:30,9,2,7,,,,,modified,modified,modified,,,,
2026-06-07 23:45,8,3,5,,,,,modified,modified,modified,,,,
2026-06-08 00:00,8,2,6,,,,,modified,modified,modified,,,,
2026-06-08 00:15,8,4,4,,,,,modified,modified,modified,,,,
2026-06-08 00:30,5,2,3,,,,,modified,modified,modified,,,,
2026-06-08 00:45,4,1,3,,,,,modified,modified,modified,,,,
2026-06-08 01:00,4,1,3,,,,,modified,modified,modified,,,,
2026-06-08 01:15,4,2,2,,,,,modified,modified,modified,,,,
2026-06-08 01:30,3,1,2,,,,,modified,modified,modified,,,,
2026-06-08 01:45,2,1,1,,,,,modified,modified,modified,,,,
2026-06-08 02:00,3,1,2,,,,,modified,modified,modified,,,,
2026-06-08 02:15,1,0,1,,,,,modified,validated,modified,,,,
2026-06-08 02:30,2,0,2,,,,,modified,validated,modified,,,,
2026-06-08 02:45,1,1,0,,,,,modified,modified,validated,,,,
2026-06-08 03:00,1,1,0,,,,,modified,modified,validated,,,,
2026-06-08 03:15,1,0,1,,,,,modified,validated,modified,,,,
2026-06-08 03:30,3,1,2,,,,,modified,modified,modified,,,,
2026-06-08 03:45,3,2,1,,,,,modified,modified,modified,,,,
2026-06-08 04:00,2,2,0,,,,,modified,modified,validated,,,,
2026-06-08 04:15,4,3,1,,,,,modified,modified,modified,,,,
2026-06-08 04:30,4,2,2,,,,,modified,modified,modified,,,,
2026-06-08 04:45,9,5,4,,,,,modified,modified,modified,,,,
2026-06-08 05:00,9,7,2,,,,,modified,modified,modified,,,,
2026-06-08 05:15,13,7,6,,,,,modified,modified,modified,,,,
2026-06-08 05:30,29,10,19,,,,,modified,modified,modified,,,,
2026-06-08 05:45,41,16,25,,,,,modified,modified,modified,,,,
2026-06-08 06:00,48,19,29,,,,,modified,modified,modified,,,,
2026-06-08 06:15,75,38,37,,,,,modified,modified,modified,,,,
2026-06-08 06:30,127,39,88,,,,,modified,modified,modified,,,,
2026-06-08 06:45,151,74,77,,,,,modified,modified,modified,,,,
2026-06-08 07:00,157,71,86,,,,,modified,modified,modified,,,,
2026-06-08 07:15,227,98,129,,,,,modified,modified,modified,,,,
2026-06-08 07:30,343,140,203,,,,,modified,modified,modified,,,,
2026-06-08 07:45,350,159,191,,,,,modified,modified,modified,,,,
2026-06-08 08:00,311,126,185,,,,,modified,modified,modified,,,,
2026-06-08 08:15,246,118,128,,,,,modified,modified,modified,,,,
2026-06-08 08:30,215,95,120,,,,,modified,modified,modified,,,,
2026-06-08 08:45,240,98,142,,,,,modified,modified,modified,,,,
2026-06-08 09:00,169,65,104,,,,,modified,modified,modified,,,,
2026-06-08 09:15,136,55,81,,,,,modified,modified,modified,,,,
2026-06-08 09:30,151,53,98,,,,,modified,modified,modified,,,,
2026-06-08 09:45,174,65,109,,,,,modified,modified,modified,,,,
2026-06-08 10:00,131,48,83,,,,,modified,modified,modified,,,,
2026-06-08 10:15,103,45,58,,,,,modified,modified,modified,,,,
2026-06-08 10:30,107,48,59,,,,,modified,modified,modified,,,,
2026-06-08 10:45,125,58,67,,,,,modified,modified,modified,,,,
2026-06-08 11:00,116,52,64,,,,,modified,modified,modified,,,,
2026-06-08 11:15,121,59,62,,,,,modified,modified,modified,,,,
2026-06-08 11:30,131,56,75,,,,,modified,modified,modified,,,,
2026-06-08 11:45,165,75,90,,,,,modified,modified,modified,,,,
2026-06-08 12:00,160,65,95,,,,,modified,modified,modified,,,,
2026-06-08 12:15,167,74,93,,,,,modified,modified,modified,,,,
2026-06-08 12:30,174,78,96,,,,,modified,modified,modified,,,,
2026-06-08 12:45,195,90,105,,,,,modified,modified,modified,,,,
2026-06-08 13:00,190,90,100,,,,,modified,modified,modified,,,,
2026-06-08 13:15,184,92,92,,,,,modified,modified,modified,,,,
2026-06-08 13:30,199,97,102,,,,,modified,modified,modified,,,,
2026-06-08 13:45,215,105,110,,,,,modified,modified,modified,,,,
2026-06-08 14:00,201,101,100,,,,,modified,modified,modified,,,,
2026-06-08 14:15,191,106,85,,,,,modified,modified,modified,,,,
2026-06-08 14:30,190,102,88,,,,,modified,modified,modified,,,,
2026-06-08 14:45,237,131,106,,,,,modified,modified,modified,,,,
2026-06-08 15:00,226,117,109,,,,,modified,modified,modified,,,,
2026-06-08 15:15,238,135,103,,,,,modified,modified,modified,,,,
2026-06-08 15:30,234,127,107,,,,,modified,modified,modified,,,,
2026-06-08 15:45,297,177,120,,,,,modified,modified,modified,,,,
2026-06-08 16:00,304,165,139,,,,,modified,modified,modified,,,,
2026-06-08 16:15,305,170,135,,,,,modified,modified,modified,,,,
2026-06-08 16:30,277,146,131,,,,,modified,modified,modified,,,,
2026-06-08 16:45,300,166,134,,,,,modified,modified,modified,,,,
2026-06-08 17:00,295,148,147,,,,,modified,modified,modified,,,,
2026-06-08 17:15,306,159,147,,,,,modified,modified,modified,,,,
2026-06-08 17:30,285,144,141,,,,,modified,modified,modified,,,,
2026-06-08 17:45,296,165,131,,,,,modified,modified,modified,,,,
2026-06-08 18:00,272,139,133,,,,,modified,modified,modified,,,,
2026-06-08 18:15,234,119,115,,,,,modified,modified,modified,,,,
2026-06-08 18:30,189,86,103,,,,,modified,modified,modified,,,,
2026-06-08 18:45,189,91,98,,,,,modified,modified,modified,,,,
2026-06-08 19:00,151,73,78,,,,,modified,modified,modified,,,,
2026-06-08 19:15,146,75,71,,,,,modified,modified,modified,,,,
2026-06-08 19:30,124,55,69,,,,,modified,modified,modified,,,,
2026-06-08 19:45,131,67,64,,,,,modified,modified,modified,,,,
2026-06-08 20:00,115,57,58,,,,,modified,modified,modified,,,,
2026-06-08 20:15,97,47,50,,,,,modified,modified,modified,,,,
2026-06-08 20:30,82,37,45,,,,,modified,modified,modified,,,,
2026-06-08 20:45,82,39,43,,,,,modified,modified,modified,,,,
2026-06-08 21:00,70,36,34,,,,,modified,modified,modified,,,,
2026-06-08 21:15,74,41,33,,,,,modified,modified,modified,,,,
2026-06-08 21:30,64,31,33,,,,,modified,modified,modified,,,,
2026-06-08 21:45,60,28,32,,,,,modified,modified,modified,,,,
2026-06-08 22:00,64,28,36,,,,,modified,modified,modified,,,,
2026-06-08 22:15,56,26,30,,,,,modified,modified,modified,,,,
2026-06-08 22:30,49,22,27,,,,,modified,modified,modified,,,,
2026-06-08 22:45,41,19,22,,,,,modified,modified,modified,,,,
2026-06-08 23:00,34,13,21,,,,,modified,modified,modified,,,,
2026-06-08 23:15,23,10,13,,,,,modified,modified,modified,,,,
2026-06-08 23:30,18,9,9,,,,,modified,modified,modified,,,,
2026-06-08 23:45,15,8,7,,,,,modified,modified,modified,,,,
2026-06-09 00:00,10,4,6,,,,,modified,modified,modified,,,,
2026-06-09 00:15,7,3,4,,,,,modified,modified,modified,,,,
2026-06-09 00:30,6,3,3,,,,,modified,modified,modified,,,,
2026-06-09 00:45,5,2,3,,,,,modified,modified,modified,,,,
2026-06-09 01:00,5,2,3,,,,,modified,modified,modified,,,,
2026-06-09 01:15,4,2,2,,,,,modified,modified,modified,,,,
2026-06-09 01:30,2,1,1,,,,,modified,modified,modified,,,,
2026-06-09 01:45,3,1,2,,,,,modified,modified,modified,,,,
2026-06-09 02:00,1,0,1,,,,,modified,validated,modified,,,,
2026-06-09 02:15,2,1,1,,,,,modified,modified,modified,,,,
2026-06-09 02:30,1,0,1,,,,,modified,validated,modified,,,,
2026-06-09 02:45,1,0,1,,,,,modified,validated,modified,,,,
2026-06-09 03:00,0,0,0,,,,,validated,validated,validated,,,,
2026-06-09 03:15,2,1,1,,,,,modified,modified,modified,,,,
2026-06-09 03:30,2,1,1,,,,,modified,modified,modified,,,,
2026-06-09 03:45,3,2,1,,,,,modified,modified,modified,,,,
2026-06-09 04:00,1,1,0,,,,,modified,modified,validated,,,,
2026-06-09 04:15,2,2,0,,,,,modified,modified,validated,,,,
2026-06-09 04:30,4,2,2,,,,,modified,modified,modified,,,,
2026-06-09 04:45,9,5,4,,,,,modified,modified,modified,,,,
2026-06-09 05:00,8,6,2,,,,,modified,modified,modified,,,,
2026-06-09 05:15,9,5,4,,,,,modified,modified,modified,,,,
2026-06-09 05:30,28,10,18,,,,,modified,modified,modified,,,,
2026-06-09 05:45,31,12,19,,,,,modified,modified,modified,,,,
2026-06-09 06:00,48,19,29,,,,,modified,modified,modified,,,,
2026-06-09 06:15,77,42,35,,,,,modified,modified,modified,,,,
2026-06-09 06:30,105,36,69,,,,,modified,modified,modified,,,,
2026-06-09 06:45,131,62,69,,,,,modified,modified,modified,,,,
2026-06-09 07:00,157,65,92,,,,,modified,modified,modified,,,,
2026-06-09 07:15,207,93,114,,,,,modified,modified,modified,,,,
2026-06-09 07:30,316,123,193,,,,,modified,modified,modified,,,,
2026-06-09 07:45,334,151,183,,,,,modified,modified,modified,,,,
2026-06-09 08:00,289,121,168,,,,,modified,modified,modified,,,,
2026-06-09 08:15,256,129,127,,,,,modified,modified,modified,,,,
2026-06-09 08:30,222,96,126,,,,,modified,modified,modified,,,,
2026-06-09 08:45,239,101,138,,,,,modified,modified,modified,,,,
2026-06-09 09:00,158,61,97,,,,,modified,modified,modified,,,,
2026-06-09 09:15,133,57,76,,,,,modified,modified,modified,,,,
2026-06-09 09:30,141,52,89,,,,,modified,modified,modified,,,,
2026-06-09 09:45,175,73,102,,,,,modified,modified,modified,,,,
2026-06-09 10:00,147,53,94,,,,,modified,modified,modified,,,,
2026-06-09 10:15,111,47,64,,,,,modified,modified,modified,,,,
2026-06-09 10:30,105,44,61,,,,,modified,modified,modified,,,,
2026-06-09 10:45,120,56,64,,,,,modified,modified,modified,,,,
2026-06-09 11:00,104,49,55,,,,,modified,modified,modified,,,,
2026-06-09 11:15,108,50,58,,,,,modified,modified,modified,,,,
2026-06-09 11:30,118,54,64,,,,,modified,modified,modified,,,,
2026-06-09 11:45,148,64,84,,,,,modified,modified,modified,,,,
2026-06-09 12:00,151,65,86,,,,,modified,modified,modified,,,,
2026-06-09 12:15,152,68,84,,,,,modified,modified,modified,,,,
2026-06-09 12:30,166,66,100,,,,,modified,modified,modified,,,,
2026-06-09 12:45,184,89,95,,,,,modified,modified,modified,,,,
2026-06-09 13:00,186,86,100,,,,,modified,modified,modified,,,,
2026-06-09 13:15,171,84,87,,,,,modified,modified,modified,,,,
2026-06-09 13:30,161,78,83,,,,,modified,modified,modified,,,,
2026-06-09 13:45,200,100,100,,,,,modified,modified,modified,,,,
2026-06-09 14:00,182,91,91,,,,,modified,modified,modified,,,,
2026-06-09 14:15,171,94,77,,,,,modified,modified,modified,,,,
2026-06-09 14:30,161,89,72,,,,,modified,validated,modified,,,,
2026-06-09 14:45,219,131,88,,,,,modified,modified,modified,,,,
2026-06-09 15:00,192,102,90,,,,,modified,modified,modified,,,,
2026-06-09 15:15,204,123,81,,,,,modified,modified,modified,,,,
2026-06-09 15:30,200,114,86,,,,,modified,modified,modified,,,,
2026-06-09 15:45,260,153,107,,,,,modified,modified,modified,,,,
2026-06-09 16:00,263,152,111,,,,,modified,modified,modified,,,,
2026-06-09 16:15,269,161,108,,,,,modified,modified,modified,,,,
2026-06-09 16:30,245,127,118,,,,,modified,modified,modified,,,,
2026-06-09 16:45,261,145,116,,,,,modified,modified,modified,,,,
2026-06-09 17:00,266,132,134,,,,,modified,modified,modified,,,,
2026-06-09 17:15,272,145,127,,,,,modified,modified,modified,,,,
2026-06-09 17:30,256,130,126,,,,,modified,modified,modified,,,,
2026-06-09 17:45,274,150,124,,,,,modified,modified,modified,,,,
2026-06-09 18:00,237,115,122,,,,,modified,modified,modified,,,,
2026-06-09 18:15,215,106,109,,,,,modified,modified,modified,,,,
2026-06-09 18:30,176,84,92,,,,,modified,modified,modified,,,,
2026-06-09 18:45,170,86,84,,,,,modified,modified,modified,,,,
2026-06-09 19:00,139,72,67,,,,,modified,modified,modified,,,,
2026-06-09 19:15,137,76,61,,,,,modified,modified,modified,,,,
2026-06-09 19:30,122,60,62,,,,,modified,modified,modified,,,,
2026-06-09 19:45,130,67,63,,,,,modified,modified,modified,,,,
2026-06-09 20:00,109,54,55,,,,,modified,modified,modified,,,,
2026-06-09 20:15,91,46,45,,,,,modified,modified,modified,,,,
2026-06-09 20:30,73,36,37,,,,,modified,validated,modified,,,,
2026-06-09 20:45,69,37,32,,,,,modified,modified,modified,,,,
2026-06-09 21:00,68,38,30,,,,,modified,modified,modified,,,,
2026-06-09 21:15,69,36,33,,,,,modified,modified,modified,,,,
2026-06-09 21:30,64,31,33,,,,,modified,modified,modified,,,,
2026-06-09 21:45,58,30,28,,,,,modified,modified,modified,,,,
2026-06-09 22:00,60,27,33,,,,,modified,modified,modified,,,,
2026-06-09 22:15,62,29,33,,,,,modified,modified,modified,,,,
2026-06-09 22:30,56,30,26,,,,,modified,modified,modified,,,,
2026-06-09 22:45,43,19,24,,,,,modified,modified,modified,,,,
2026-06-09 23:00,35,14,21,,,,,modified,modified,modified,,,,
2026-06-09 23:15,29,10,19,,,,,modified,modified,modified,,,,
2026-06-09 23:30,22,9,13,,,,,modified,modified,modified,,,,
2026-06-09 23:45,16,6,10,,,,,modified,modified,modified,,,,
2026-06-10 00:00,19,5,14,,,,,validated,validated,validated,,,,
2026-06-10 00:15,11,4,7,,,,,validated,validated,validated,,,,
2026-06-10 00:30,7,1,6,,,,,validated,validated,validated,,,,
2026-06-10 00:45,5,4,1,,,,,validated,validated,validated,,,,
2026-06-10 01:00,5,0,5,,,,,validated,validated,validated,,,,
2026-06-10 01:15,7,3,4,,,,,validated,validated,validated,,,,
2026-06-10 01:30,1,1,0,,,,,validated,validated,validated,,,,
2026-06-10 01:45,3,2,1,,,,,validated,validated,validated,,,,
2026-06-10 02:00,6,2,4,,,,,validated,validated,validated,,,,
2026-06-10 02:15,5,1,4,,,,,validated,validated,validated,,,,
2026-06-10 02:30,4,0,4,,,,,validated,validated,validated,,,,
2026-06-10 02:45,3,2,1,,,,,validated,validated,validated,,,,
2026-06-10 03:00,0,0,0,,,,,validated,validated,validated,,,,
2026-06-10 03:15,4,2,2,,,,,validated,validated,validated,,,,
2026-06-10 03:30,3,2,1,,,,,validated,validated,validated,,,,
2026-06-10 03:45,3,2,1,,,,,validated,validated,validated,,,,
2026-06-10 04:00,1,1,0,,,,,validated,validated,validated,,,,
2026-06-10 04:15,1,1,0,,,,,validated,validated,validated,,,,
2026-06-10 04:30,5,3,2,,,,,validated,validated,validated,,,,
2026-06-10 04:45,8,3,5,,,,,validated,validated,validated,,,,
2026-06-10 05:00,12,8,4,,,,,validated,validated,validated,,,,
2026-06-10 05:15,11,7,4,,,,,validated,validated,validated,,,,
2026-06-10 05:30,35,14,21,,,,,validated,validated,validated,,,,
2026-06-10 05:45,34,12,22,,,,,validated,validated,validated,,,,
2026-06-10 06:00,43,15,28,,,,,validated,validated,validated,,,,
2026-06-10 06:15,72,33,39,,,,,validated,validated,validated,,,,
2026-06-10 06:30,102,43,59,,,,,validated,validated,validated,,,,
2026-06-10 06:45,132,53,79,,,,,validated,validated,validated,,,,
2026-06-10 07:00,136,57,79,,,,,validated,validated,validated,,,,
2026-06-10 07:15,235,99,136,,,,,validated,validated,validated,,,,
2026-06-10 07:30,315,108,207,,,,,validated,validated,validated,,,,
2026-06-10 07:45,326,124,202,,,,,validated,validated,validated,,,,
2026-06-10 08:00,318,101,217,,,,,validated,validated,validated,,,,
2026-06-10 08:15,254,119,135,,,,,validated,validated,validated,,,,
2026-06-10 08:30,216,75,141,,,,,validated,validated,validated,,,,
2026-06-10 08:45,220,81,139,,,,,validated,validated,validated,,,,
2026-06-10 09:00,192,73,119,,,,,validated,validated,validated,,,,
2026-06-10 09:15,191,72,119,,,,,validated,validated,validated,,,,
2026-06-10 09:30,155,50,105,,,,,validated,validated,validated,,,,
2026-06-10 09:45,225,67,158,,,,,validated,validated,validated,,,,
2026-06-10 10:00,203,66,137,,,,,validated,validated,validated,,,,
2026-06-10 10:15,143,53,90,,,,,validated,validated,validated,,,,
2026-06-10 10:30,133,54,79,,,,,validated,validated,validated,,,,
2026-06-10 10:45,132,54,78,,,,,validated,validated,validated,,,,
2026-06-10 11:00,148,55,93,,,,,validated,validated,validated,,,,
2026-06-10 11:15,135,47,88,,,,,validated,validated,validated,,,,
2026-06-10 11:30,158,58,100,,,,,validated,validated,validated,,,,
2026-06-10 11:45,221,81,140,,,,,validated,validated,validated,,,,
2026-06-10 12:00,237,75,162,,,,,validated,validated,validated,,,,
2026-06-10 12:15,210,85,125,,,,,validated,validated,validated,,,,
2026-06-10 12:30,185,77,108,,,,,validated,validated,validated,,,,
2026-06-10 12:45,202,112,90,,,,,validated,validated,validated,,,,
2026-06-10 13:00,214,91,123,,,,,validated,validated,validated,,,,
2026-06-10 13:15,164,71,93,,,,,validated,validated,validated,,,,
2026-06-10 13:30,171,75,96,,,,,validated,validated,validated,,,,
2026-06-10 13:45,286,132,154,,,,,validated,validated,validated,,,,
2026-06-10 14:00,223,86,137,,,,,validated,validated,validated,,,,
2026-06-10 14:15,173,80,93,,,,,validated,validated,validated,,,,
2026-06-10 14:30,178,75,103,,,,,validated,validated,validated,,,,
2026-06-10 14:45,186,88,98,,,,,validated,validated,validated,,,,
2026-06-10 15:00,180,89,91,,,,,validated,validated,validated,,,,
2026-06-10 15:15,196,118,78,,,,,validated,validated,validated,,,,
2026-06-10 15:30,223,107,116,,,,,validated,validated,validated,,,,
2026-06-10 15:45,264,142,122,,,,,validated,validated,validated,,,,
2026-06-10 16:00,265,138,127,,,,,validated,validated,validated,,,,
2026-06-10 16:15,197,111,86,,,,,validated,validated,validated,,,,
2026-06-10 16:30,171,87,84,,,,,validated,validated,validated,,,,
2026-06-10 16:45,190,87,103,,,,,validated,validated,validated,,,,
2026-06-10 17:00,163,72,91,,,,,validated,validated,validated,,,,
2026-06-10 17:15,220,114,106,,,,,validated,validated,validated,,,,
2026-06-10 17:30,264,110,154,,,,,validated,validated,validated,,,,
2026-06-10 17:45,265,130,135,,,,,validated,validated,validated,,,,
2026-06-10 18:00,226,95,131,,,,,validated,validated,validated,,,,
2026-06-10 18:15,199,86,113,,,,,validated,validated,validated,,,,
2026-06-10 18:30,171,71,100,,,,,validated,validated,validated,,,,
2026-06-10 18:45,182,77,105,,,,,validated,validated,validated,,,,
2026-06-10 19:00,157,80,77,,,,,validated,validated,validated,,,,
2026-06-10 19:15,156,75,81,,,,,validated,validated,validated,,,,
2026-06-10 19:30,143,63,80,,,,,validated,validated,validated,,,,
2026-06-10 19:45,153,76,77,,,,,validated,validated,validated,,,,
2026-06-10 20:00,141,60,81,,,,,validated,validated,validated,,,,
2026-06-10 20:15,93,44,49,,,,,validated,validated,validated,,,,
2026-06-10 20:30,86,50,36,,,,,validated,validated,validated,,,,
2026-06-10 20:45,101,58,43,,,,,validated,validated,validated,,,,
2026-06-10 21:00,93,54,39,,,,,validated,validated,validated,,,,
2026-06-10 21:15,111,54,57,,,,,validated,validated,validated,,,,
2026-06-10 21:30,79,38,41,,,,,validated,validated,validated,,,,
2026-06-10 21:45,85,34,51,,,,,validated,validated,validated,,,,
2026-06-10 22:00,93,49,44,,,,,validated,validated,validated,,,,
2026-06-10 22:15,82,43,39,,,,,validated,validated,validated,,,,
2026-06-10 22:30,56,23,33,,,,,validated,validated,validated,,,,
2026-06-10 22:45,44,20,24,,,,,validated,validated,validated,,,,
2026-06-10 23:00,49,18,31,,,,,validated,validated,validated,,,,
2026-06-10 23:15,48,22,26,,,,,validated,validated,validated,,,,
2026-06-10 23:30,40,13,27,,,,,validated,validated,validated,,,,
2026-06-10 23:45,44,19,25,,,,,validated,validated,validated,,,,
2026-06-11 00:00,28,16,12,,,,,validated,validated,validated,,,,
2026-06-11 00:15,30,14,16,,,,,validated,validated,validated,,,,
2026-06-11 00:30,19,6,13,,,,,validated,validated,validated,,,,
2026-06-11 00:45,16,11,5,,,,,validated,validated,validated,,,,
2026-06-11 01:00,16,4,12,,,,,validated,validated,validated,,,,
2026-06-11 01:15,10,3,7,,,,,validated,validated,validated,,,,
2026-06-11 01:30,4,1,3,,,,,validated,validated,validated,,,,
2026-06-11 01:45,16,6,10,,,,,validated,validated,validated,,,,
2026-06-11 02:00,12,1,11,,,,,validated,validated,validated,,,,
2026-06-11 02:15,15,1,14,,,,,validated,validated,validated,,,,
2026-06-11 02:30,15,4,11,,,,,validated,validated,validated,,,,
2026-06-11 02:45,10,2,8,,,,,validated,validated,validated,,,,
2026-06-11 03:00,10,3,7,,,,,validated,validated,validated,,,,
2026-06-11 03:15,27,4,23,,,,,validated,validated,validated,,,,
2026-06-11 03:30,28,2,26,,,,,validated,validated,validated,,,,
2026-06-11 03:45,9,1,8,,,,,validated,validated,validated,,,,
2026-06-11 04:00,24,3,21,,,,,validated,validated,validated,,,,
2026-06-11 04:15,14,2,12,,,,,validated,validated,validated,,,,
2026-06-11 04:30,10,2,8,,,,,validated,validated,validated,,,,
2026-06-11 04:45,15,6,9,,,,,validated,validated,validated,,,,
2026-06-11 05:00,10,6,4,,,,,validated,validated,validated,,,,
2026-06-11 05:15,15,7,8,,,,,validated,validated,validated,,,,
2026-06-11 05:30,25,9,16,,,,,validated,validated,validated,,,,
2026-06-11 05:45,39,14,25,,,,,validated,validated,validated,,,,
2026-06-11 06:00,54,24,30,,,,,validated,validated,validated,,,,
2026-06-11 06:15,78,39,39,,,,,validated,validated,validated,,,,
2026-06-11 06:30,88,32,56,,,,,validated,validated,validated,,,,
2026-06-11 06:45,126,63,63,,,,,validated,validated,validated,,,,
2026-06-11 07:00,160,67,93,,,,,validated,validated,validated,,,,
2026-06-11 07:15,208,85,123,,,,,validated,validated,validated,,,,
2026-06-11 07:30,322,113,209,,,,,validated,validated,validated,,,,
2026-06-11 07:45,305,111,194,,,,,validated,validated,validated,,,,
2026-06-11 08:00,304,104,200,,,,,validated,validated,validated,,,,
2026-06-11 08:15,225,69,156,,,,,validated,validated,validated,,,,
2026-06-11 08:30,228,88,140,,,,,validated,validated,validated,,,,
2026-06-11 08:45,223,74,149,,,,,validated,validated,validated,,,,
2026-06-11 09:00,168,67,101,,,,,validated,validated,validated,,,,
2026-06-11 09:15,150,65,85,,,,,validated,validated,validated,,,,
2026-06-11 09:30,174,52,122,,,,,validated,validated,validated,,,,
2026-06-11 09:45,206,68,138,,,,,validated,validated,validated,,,,
2026-06-11 10:00,201,43,158,,,,,validated,validated,validated,,,,
2026-06-11 10:15,145,64,81,,,,,validated,validated,validated,,,,
2026-06-11 10:30,130,50,80,,,,,validated,validated,validated,,,,
2026-06-11 10:45,145,59,86,,,,,validated,validated,validated,,,,
2026-06-11 11:00,105,43,62,,,,,validated,validated,validated,,,,
2026-06-11 11:15,131,48,83,,,,,validated,validated,validated,,,,
2026-06-11 11:30,146,73,73,,,,,validated,validated,validated,,,,
2026-06-11 11:45,221,88,133,,,,,validated,validated,validated,,,,
2026-06-11 12:00,233,107,126,,,,,validated,validated,validated,,,,
2026-06-11 12:15,144,54,90,,,,,validated,validated,validated,,,,
2026-06-11 12:30,173,58,115,,,,,validated,validated,validated,,,,
2026-06-11 12:45,180,65,115,,,,,validated,validated,validated,,,,
2026-06-11 13:00,197,76,121,,,,,validated,validated,validated,,,,
2026-06-11 13:15,191,97,94,,,,,validated,validated,validated,,,,
2026-06-11 13:30,190,90,100,,,,,validated,validated,validated,,,,
2026-06-11 13:45,300,150,150,,,,,validated,validated,validated,,,,
2026-06-11 14:00,240,120,120,,,,,validated,validated,validated,,,,
2026-06-11 14:15,241,136,105,,,,,validated,validated,validated,,,,
2026-06-11 14:30,221,119,102,,,,,validated,validated,validated,,,,
2026-06-11 14:45,213,121,92,,,,,validated,validated,validated,,,,
2026-06-11 15:00,162,76,86,,,,,validated,validated,validated,,,,
2026-06-11 15:15,201,124,77,,,,,validated,validated,validated,,,,
2026-06-11 15:30,236,126,110,,,,,validated,validated,validated,,,,
2026-06-11 15:45,303,164,139,,,,,validated,validated,validated,,,,
2026-06-11 16:00,312,159,153,,,,,validated,validated,validated,,,,
2026-06-11 16:15,280,145,135,,,,,validated,validated,validated,,,,
2026-06-11 16:30,270,127,143,,,,,validated,validated,validated,,,,
2026-06-11 16:45,282,146,136,,,,,validated,validated,validated,,,,
2026-06-11 17:00,284,113,171,,,,,validated,validated,validated,,,,
2026-06-11 17:15,238,114,124,,,,,validated,validated,validated,,,,
2026-06-11 17:30,284,115,169,,,,,validated,validated,validated,,,,
2026-06-11 17:45,290,119,171,,,,,validated,validated,validated,,,,
2026-06-11 18:00,223,87,136,,,,,validated,validated,validated,,,,
2026-06-11 18:15,215,92,123,,,,,validated,validated,validated,,,,
2026-06-11 18:30,161,71,90,,,,,validated,validated,validated,,,,
2026-06-11 18:45,160,78,82,,,,,validated,validated,validated,,,,
2026-06-11 19:00,166,75,91,,,,,validated,validated,validated,,,,
2026-06-11 19:15,154,85,69,,,,,validated,validated,validated,,,,
2026-06-11 19:30,136,77,59,,,,,validated,validated,validated,,,,
2026-06-11 19:45,118,66,52,,,,,validated,validated,validated,,,,
2026-06-11 20:00,107,54,53,,,,,validated,validated,validated,,,,
2026-06-11 20:15,115,53,62,,,,,validated,validated,validated,,,,
2026-06-11 20:30,87,42,45,,,,,validated,validated,validated,,,,
2026-06-11 20:45,70,45,25,,,,,validated,validated,validated,,,,
2026-06-11 21:00,62,29,33,,,,,validated,validated,validated,,,,
2026-06-11 21:15,56,29,27,,,,,validated,validated,validated,,,,
2026-06-11 21:30,54,26,28,,,,,validated,validated,validated,,,,
2026-06-11 21:45,63,30,33,,,,,validated,validated,validated,,,,
2026-06-11 22:00,69,31,38,,,,,validated,validated,validated,,,,
2026-06-11 22:15,55,26,29,,,,,validated,validated,validated,,,,
2026-06-11 22:30,55,22,33,,,,,validated,validated,validated,,,,
2026-06-11 22:45,32,12,20,,,,,validated,validated,validated,,,,
2026-06-11 23:00,34,13,21,,,,,validated,validated,validated,,,,
2026-06-11 23:15,44,15,29,,,,,validated,validated,validated,,,,
2026-06-11 23:30,28,15,13,,,,,validated,validated,validated,,,,
2026-06-11 23:45,29,11,18,,,,,validated,validated,validated,,,,
2026-06-12 00:00,18,4,14,,,,,validated,validated,validated,,,,
2026-06-12 00:15,17,10,7,,,,,validated,validated,validated,,,,
2026-06-12 00:30,7,1,6,,,,,validated,validated,validated,,,,
2026-06-12 00:45,5,1,4,,,,,validated,validated,validated,,,,
2026-06-12 01:00,10,3,7,,,,,validated,validated,validated,,,,
2026-06-12 01:15,4,2,2,,,,,validated,validated,validated,,,,
2026-06-12 01:30,8,3,5,,,,,validated,validated,validated,,,,
2026-06-12 01:45,6,1,5,,,,,validated,validated,validated,,,,
2026-06-12 02:00,2,0,2,,,,,validated,validated,validated,,,,
2026-06-12 02:15,1,1,0,,,,,validated,validated,validated,,,,
2026-06-12 02:30,3,1,2,,,,,validated,validated,validated,,,,
2026-06-12 02:45,3,1,2,,,,,validated,validated,validated,,,,
2026-06-12 03:00,3,3,0,,,,,validated,validated,validated,,,,
2026-06-12 03:15,1,0,1,,,,,validated,validated,validated,,,,
2026-06-12 03:30,1,0,1,,,,,validated,validated,validated,,,,
2026-06-12 03:45,0,0,0,,,,,validated,validated,validated,,,,
2026-06-12 04:00,0,0,0,,,,,validated,validated,validated,,,,
2026-06-12 04:15,6,3,3,,,,,validated,validated,validated,,,,
2026-06-12 04:30,7,3,4,,,,,validated,validated,validated,,,,
2026-06-12 04:45,6,5,1,,,,,validated,validated,validated,,,,
2026-06-12 05:00,9,6,3,,,,,validated,validated,validated,,,,
2026-06-12 05:15,8,5,3,,,,,validated,validated,validated,,,,
2026-06-12 05:30,24,6,18,,,,,validated,validated,validated,,,,
2026-06-12 05:45,23,9,14,,,,,validated,validated,validated,,,,
2026-06-12 06:00,43,14,29,,,,,validated,validated,validated,,,,
2026-06-12 06:15,50,23,27,,,,,validated,validated,validated,,,,
2026-06-12 06:30,76,27,49,,,,,validated,validated,validated,,,,
2026-06-12 06:45,78,37,41,,,,,validated,validated,validated,,,,
2026-06-12 07:00,94,36,58,,,,,validated,validated,validated,,,,
2026-06-12 07:15,151,52,99,,,,,validated,validated,validated,,,,
2026-06-12 07:30,211,71,140,,,,,validated,validated,validated,,,,
2026-06-12 07:45,198,82,116,,,,,validated,validated,validated,,,,
2026-06-12 08:00,173,58,115,,,,,validated,validated,validated,,,,
2026-06-12 08:15,182,74,108,,,,,validated,validated,validated,,,,
2026-06-12 08:30,151,45,106,,,,,validated,validated,validated,,,,
2026-06-12 08:45,169,60,109,,,,,validated,validated,validated,,,,
2026-06-12 09:00,111,46,65,,,,,validated,validated,validated,,,,
2026-06-12 09:15,95,42,53,,,,,validated,validated,validated,,,,
2026-06-12 09:30,128,43,85,,,,,validated,validated,validated,,,,
2026-06-12 09:45,138,45,93,,,,,validated,validated,validated,,,,
2026-06-12 10:00,131,38,93,,,,,validated,validated,validated,,,,
2026-06-12 10:15,74,28,46,,,,,validated,validated,validated,,,,
2026-06-12 10:30,90,38,52,,,,,validated,validated,validated,,,,
2026-06-12 10:45,83,38,45,,,,,validated,validated,validated,,,,
2026-06-12 11:00,85,47,38,,,,,validated,validated,validated,,,,
2026-06-12 11:15,108,44,64,,,,,validated,validated,validated,,,,
2026-06-12 11:30,111,36,75,,,,,validated,validated,validated,,,,
2026-06-12 11:45,136,57,79,,,,,validated,validated,validated,,,,
2026-06-12 12:00,112,54,58,,,,,validated,validated,validated,,,,
2026-06-12 12:15,89,40,49,,,,,validated,validated,validated,,,,
2026-06-12 12:30,157,74,83,,,,,validated,validated,validated,,,,
2026-06-12 12:45,147,66,81,,,,,validated,validated,validated,,,,
2026-06-12 13:00,173,81,92,,,,,validated,validated,validated,,,,
2026-06-12 13:15,159,72,87,,,,,validated,validated,validated,,,,
2026-06-12 13:30,159,67,92,,,,,validated,validated,validated,,,,
2026-06-12 13:45,196,101,95,,,,,validated,validated,validated,,,,
2026-06-12 14:00,169,74,95,,,,,validated,validated,validated,,,,
2026-06-12 14:15,161,73,88,,,,,validated,validated,validated,,,,
2026-06-12 14:30,141,63,78,,,,,validated,validated,validated,,,,
2026-06-12 14:45,178,89,89,,,,,validated,validated,validated,,,,
2026-06-12 15:00,149,81,68,,,,,validated,validated,validated,,,,
2026-06-12 15:15,183,106,77,,,,,validated,validated,validated,,,,
2026-06-12 15:30,175,85,90,,,,,validated,validated,validated,,,,
2026-06-12 15:45,180,96,84,,,,,validated,validated,validated,,,,
2026-06-12 16:00,175,103,72,,,,,validated,validated,validated,,,,
2026-06-12 16:15,166,76,90,,,,,validated,validated,validated,,,,
2026-06-12 16:30,158,70,88,,,,,validated,validated,validated,,,,
2026-06-12 16:45,153,74,79,,,,,validated,validated,validated,,,,
2026-06-12 17:00,168,82,86,,,,,validated,validated,validated,,,,
2026-06-12 17:15,155,67,88,,,,,validated,validated,validated,,,,
2026-06-12 17:30,147,68,79,,,,,validated,validated,validated,,,,
2026-06-12 17:45,159,82,77,,,,,validated,validated,validated,,,,
2026-06-12 18:00,170,79,91,,,,,validated,validated,validated,,,,
2026-06-12 18:15,161,72,89,,,,,validated,validated,validated,,,,
2026-06-12 18:30,138,71,67,,,,,validated,validated,validated,,,,
2026-06-12 18:45,154,76,78,,,,,validated,validated,validated,,,,
2026-06-12 19:00,142,72,70,,,,,validated,validated,validated,,,,
2026-06-12 19:15,115,68,47,,,,,validated,validated,validated,,,,
2026-06-12 19:30,113,54,59,,,,,validated,validated,validated,,,,
2026-06-12 19:45,90,41,49,,,,,validated,validated,validated,,,,
2026-06-12 20:00,126,65,61,,,,,validated,validated,validated,,,,
2026-06-12 20:15,107,43,64,,,,,validated,validated,validated,,,,
2026-06-12 20:30,73,25,48,,,,,validated,validated,validated,,,,
2026-06-12 20:45,79,34,45,,,,,validated,validated,validated,,,,
2026-06-12 21:00,84,33,51,,,,,validated,validated,validated,,,,
2026-06-12 21:15,79,46,33,,,,,validated,validated,validated,,,,
2026-06-12 21:30,70,36,34,,,,,validated,validated,validated,,,,
2026-06-12 21:45,79,45,34,,,,,validated,validated,validated,,,,
2026-06-12 22:00,64,34,30,,,,,validated,validated,validated,,,,
2026-06-12 22:15,83,25,58,,,,,validated,validated,validated,,,,
2026-06-12 22:30,84,24,60,,,,,validated,validated,validated,,,,
2026-06-12 22:45,53,27,26,,,,,validated,validated,validated,,,,
2026-06-12 23:00,67,20,47,,,,,validated,validated,validated,,,,
2026-06-12 23:15,62,29,33,,,,,validated,validated,validated,,,,
2026-06-12 23:30,44,21,23,,,,,validated,validated,validated,,,,
2026-06-12 23:45,51,19,32,,,,,validated,validated,validated,,,,
2026-06-13 00:00,41,14,27,,,,,validated,validated,validated,,,,
2026-06-13 00:15,46,13,33,,,,,validated,validated,validated,,,,
2026-06-13 00:30,31,11,20,,,,,validated,validated,validated,,,,
2026-06-13 00:45,43,11,32,,,,,validated,validated,validated,,,,
2026-06-13 01:00,24,6,18,,,,,validated,validated,validated,,,,
2026-06-13 01:15,27,10,17,,,,,validated,validated,validated,,,,
2026-06-13 01:30,23,6,17,,,,,validated,validated,validated,,,,
2026-06-13 01:45,28,8,20,,,,,validated,validated,validated,,,,
2026-06-13 02:00,27,14,13,,,,,validated,validated,validated,,,,
2026-06-13 02:15,27,7,20,,,,,validated,validated,validated,,,,
2026-06-13 02:30,18,8,10,,,,,validated,validated,validated,,,,
2026-06-13 02:45,18,5,13,,,,,validated,validated,validated,,,,
2026-06-13 03:00,8,3,5,,,,,validated,validated,validated,,,,
2026-06-13 03:15,23,7,16,,,,,validated,validated,validated,,,,
2026-06-13 03:30,12,4,8,,,,,validated,validated,validated,,,,
2026-06-13 03:45,17,4,13,,,,,validated,validated,validated,,,,
2026-06-13 04:00,6,2,4,,,,,validated,validated,validated,,,,
2026-06-13 04:15,8,2,6,,,,,validated,validated,validated,,,,
2026-06-13 04:30,8,6,2,,,,,validated,validated,validated,,,,
2026-06-13 04:45,8,1,7,,,,,validated,validated,validated,,,,
2026-06-13 05:00,1,1,0,,,,,validated,validated,validated,,,,
2026-06-13 05:15,6,2,4,,,,,validated,validated,validated,,,,
2026-06-13 05:30,25,10,15,,,,,validated,validated,validated,,,,
2026-06-13 05:45,12,4,8,,,,,validated,validated,validated,,,,
2026-06-13 06:00,11,8,3,,,,,validated,validated,validated,,,,
2026-06-13 06:15,9,2,7,,,,,validated,validated,validated,,,,
2026-06-13 06:30,13,8,5,,,,,validated,validated,validated,,,,
2026-06-13 06:45,13,5,8,,,,,validated,validated,validated,,,,
2026-06-13 07:00,10,7,3,,,,,validated,validated,validated,,,,
2026-06-13 07:15,23,11,12,,,,,validated,validated,validated,,,,
2026-06-13 07:30,18,10,8,,,,,validated,validated,validated,,,,
2026-06-13 07:45,27,13,14,,,,,validated,validated,validated,,,,
2026-06-13 08:00,27,14,13,,,,,validated,validated,validated,,,,
2026-06-13 08:15,28,13,15,,,,,validated,validated,validated,,,,
2026-06-13 08:30,41,18,23,,,,,validated,validated,validated,,,,
2026-06-13 08:45,82,43,39,,,,,validated,validated,validated,,,,
2026-06-13 09:00,63,34,29,,,,,validated,validated,validated,,,,
2026-06-13 09:15,79,38,41,,,,,validated,validated,validated,,,,
2026-06-13 09:30,77,41,36,,,,,validated,validated,validated,,,,
2026-06-13 09:45,151,63,88,,,,,validated,validated,validated,,,,
2026-06-13 10:00,105,57,48,,,,,validated,validated,validated,,,,
2026-06-13 10:15,97,51,46,,,,,validated,validated,validated,,,,
2026-06-13 10:30,102,48,54,,,,,validated,validated,validated,,,,
2026-06-13 10:45,108,55,53,,,,,validated,validated,validated,,,,
2026-06-13 11:00,76,34,42,,,,,validated,validated,validated,,,,
2026-06-13 11:15,117,66,51,,,,,validated,validated,validated,,,,
2026-06-13 11:30,122,55,67,,,,,validated,validated,validated,,,,
2026-06-13 11:45,121,73,48,,,,,validated,validated,validated,,,,
2026-06-13 12:00,112,53,59,,,,,validated,validated,validated,,,,
2026-06-13 12:15,149,69,80,,,,,validated,validated,validated,,,,
2026-06-13 12:30,118,58,60,,,,,validated,validated,validated,,,,
2026-06-13 12:45,145,71,74,,,,,validated,validated,validated,,,,
2026-06-13 13:00,136,59,77,,,,,validated,validated,validated,,,,
2026-06-13 13:15,112,53,59,,,,,validated,validated,validated,,,,
2026-06-13 13:30,126,63,63,,,,,validated,validated,validated,,,,
2026-06-13 13:45,158,75,83,,,,,validated,validated,validated,,,,
2026-06-13 14:00,155,70,85,,,,,validated,validated,validated,,,,
2026-06-13 14:15,153,72,81,,,,,validated,validated,validated,,,,
2026-06-13 14:30,127,53,74,,,,,validated,validated,validated,,,,
2026-06-13 14:45,146,71,75,,,,,validated,validated,validated,,,,
2026-06-13 15:00,131,53,78,,,,,validated,validated,validated,,,,
2026-06-13 15:15,149,76,73,,,,,validated,validated,validated,,,,
2026-06-13 15:30,129,45,84,,,,,validated,validated,validated,,,,
2026-06-13 15:45,158,70,88,,,,,validated,validated,validated,,,,
2026-06-13 16:00,169,77,92,,,,,validated,validated,validated,,,,
2026-06-13 16:15,143,54,89,,,,,validated,validated,validated,,,,
2026-06-13 16:30,119,44,75,,,,,validated,validated,validated,,,,
2026-06-13 16:45,148,54,94,,,,,validated,validated,validated,,,,
2026-06-13 17:00,120,45,75,,,,,validated,validated,validated,,,,
2026-06-13 17:15,154,67,87,,,,,validated,validated,validated,,,,
2026-06-13 17:30,158,74,84,,,,,validated,validated,validated,,,,
2026-06-13 17:45,149,61,88,,,,,validated,validated,validated,,,,
2026-06-13 18:00,129,53,76,,,,,validated,validated,validated,,,,
2026-06-13 18:15,151,60,91,,,,,validated,validated,validated,,,,
2026-06-13 18:30,102,54,48,,,,,validated,validated,validated,,,,
2026-06-13 18:45,121,52,69,,,,,validated,validated,validated,,,,
2026-06-13 19:00,92,31,61,,,,,validated,validated,validated,,,,
2026-06-13 19:15,92,39,53,,,,,validated,validated,validated,,,,
2026-06-13 19:30,105,42,63,,,,,validated,validated,validated,,,,
2026-06-13 19:45,83,38,45,,,,,validated,validated,validated,,,,
2026-06-13 20:00,91,49,42,,,,,validated,validated,validated,,,,
2026-06-13 20:15,84,34,50,,,,,validated,validated,validated,,,,
2026-06-13 20:30,69,33,36,,,,,validated,validated,validated,,,,
2026-06-13 20:45,73,34,39,,,,,validated,validated,validated,,,,
2026-06-13 21:00,66,31,35,,,,,validated,validated,validated,,,,
2026-06-13 21:15,45,15,30,,,,,validated,validated,validated,,,,
2026-06-13 21:30,45,20,25,,,,,validated,validated,validated,,,,
2026-06-13 21:45,56,19,37,,,,,validated,validated,validated,,,,
2026-06-13 22:00,57,22,35,,,,,validated,validated,validated,,,,
2026-06-13 22:15,55,21,34,,,,,validated,validated,validated,,,,
2026-06-13 22:30,55,17,38,,,,,validated,validated,validated,,,,
2026-06-13 22:45,59,24,35,,,,,validated,validated,validated,,,,
2026-06-13 23:00,53,14,39,,,,,validated,validated,validated,,,,
2026-06-13 23:15,52,21,31,,,,,validated,validated,validated,,,,
2026-06-13 23:30,62,21,41,,,,,validated,validated,validated,,,,
2026-06-13 23:45,43,13,30,,,,,validated,validated,validated,,,,
2026-06-14 00:00,33,14,19,,,,,validated,validated,validated,,,,
2026-06-14 00:15,30,9,21,,,,,validated,validated,validated,,,,
2026-06-14 00:30,28,12,16,,,,,validated,validated,validated,,,,
2026-06-14 00:45,28,14,14,,,,,validated,validated,validated,,,,
2026-06-14 01:00,24,5,19,,,,,validated,validated,validated,,,,
2026-06-14 01:15,25,4,21,,,,,validated,validated,validated,,,,
2026-06-14 01:30,33,13,20,,,,,validated,validated,validated,,,,
2026-06-14 01:45,23,8,15,,,,,validated,validated,validated,,,,
2026-06-14 02:00,17,10,7,,,,,validated,validated,validated,,,,
2026-06-14 02:15,33,11,22,,,,,validated,validated,validated,,,,
2026-06-14 02:30,11,0,11,,,,,validated,validated,validated,,,,
2026-06-14 02:45,17,4,13,,,,,validated,validated,validated,,,,
2026-06-14 03:00,9,3,6,,,,,validated,validated,validated,,,,
2026-06-14 03:15,8,2,6,,,,,validated,validated,validated,,,,
2026-06-14 03:30,9,0,9,,,,,validated,validated,validated,,,,
2026-06-14 03:45,8,2,6,,,,,validated,validated,validated,,,,
2026-06-14 04:00,5,4,1,,,,,validated,validated,validated,,,,
2026-06-14 04:15,3,1,2,,,,,validated,validated,validated,,,,
2026-06-14 04:30,6,2,4,,,,,validated,validated,validated,,,,
2026-06-14 04:45,4,1,3,,,,,validated,validated,validated,,,,
2026-06-14 05:00,1,0,1,,,,,validated,validated,validated,,,,
2026-06-14 05:15,5,0,5,,,,,validated,validated,validated,,,,
2026-06-14 05:30,18,6,12,,,,,validated,validated,validated,,,,
2026-06-14 05:45,8,4,4,,,,,validated,validated,validated,,,,
2026-06-14 06:00,2,0,2,,,,,validated,validated,validated,,,,
2026-06-14 06:15,9,3,6,,,,,validated,validated,validated,,,,
2026-06-14 06:30,14,8,6,,,,,validated,validated,validated,,,,
2026-06-14 06:45,15,10,5,,,,,validated,validated,validated,,,,
2026-06-14 07:00,7,3,4,,,,,validated,validated,validated,,,,
2026-06-14 07:15,13,6,7,,,,,validated,validated,validated,,,,
2026-06-14 07:30,8,4,4,,,,,validated,validated,validated,,,,
2026-06-14 07:45,25,11,14,,,,,validated,validated,validated,,,,
2026-06-14 08:00,20,8,12,,,,,validated,validated,validated,,,,
2026-06-14 08:15,15,9,6,,,,,validated,validated,validated,,,,
2026-06-14 08:30,17,6,11,,,,,validated,validated,validated,,,,
2026-06-14 08:45,35,17,18,,,,,validated,validated,validated,,,,
2026-06-14 09:00,30,16,14,,,,,validated,validated,validated,,,,
2026-06-14 09:15,44,21,23,,,,,validated,validated,validated,,,,
2026-06-14 09:30,52,21,31,,,,,validated,validated,validated,,,,
2026-06-14 09:45,87,14,73,,,,,validated,validated,validated,,,,
2026-06-14 10:00,62,17,45,,,,,validated,validated,validated,,,,
2026-06-14 10:15,86,30,56,,,,,validated,validated,validated,,,,
2026-06-14 10:30,79,35,44,,,,,validated,validated,validated,,,,
2026-06-14 10:45,99,33,66,,,,,validated,validated,validated,,,,
2026-06-14 11:00,77,30,47,,,,,validated,validated,validated,,,,
2026-06-14 11:15,93,58,35,,,,,validated,validated,validated,,,,
2026-06-14 11:30,103,38,65,,,,,validated,validated,validated,,,,
2026-06-14 11:45,97,40,57,,,,,validated,validated,validated,,,,
2026-06-14 12:00,88,37,51,,,,,validated,validated,validated,,,,
2026-06-14 12:15,98,62,36,,,,,validated,validated,validated,,,,
2026-06-14 12:30,111,48,63,,,,,validated,validated,validated,,,,
2026-06-14 12:45,115,64,51,,,,,validated,validated,validated,,,,
2026-06-14 13:00,96,55,41,,,,,validated,validated,validated,,,,
2026-06-14 13:15,99,41,58,,,,,validated,validated,validated,,,,
2026-06-14 13:30,98,43,55,,,,,validated,validated,validated,,,,
2026-06-14 13:45,128,55,73,,,,,validated,validated,validated,,,,
2026-06-14 14:00,109,42,67,,,,,validated,validated,validated,,,,
2026-06-14 14:15,136,62,74,,,,,validated,validated,validated,,,,
2026-06-14 14:30,104,41,63,,,,,validated,validated,validated,,,,
2026-06-14 14:45,148,68,80,,,,,validated,validated,validated,,,,
2026-06-14 15:00,96,45,51,,,,,validated,validated,validated,,,,
2026-06-14 15:15,124,78,46,,,,,validated,validated,validated,,,,
2026-06-14 15:30,137,54,83,,,,,validated,validated,validated,,,,
2026-06-14 15:45,102,41,61,,,,,validated,validated,validated,,,,
2026-06-14 16:00,151,78,73,,,,,validated,validated,validated,,,,
2026-06-14 16:15,144,78,66,,,,,validated,validated,validated,,,,
2026-06-14 16:30,160,79,81,,,,,validated,validated,validated,,,,
2026-06-14 16:45,179,83,96,,,,,validated,validated,validated,,,,
2026-06-14 17:00,165,82,83,,,,,validated,validated,validated,,,,
2026-06-14 17:15,218,105,113,,,,,validated,validated,validated,,,,
2026-06-14 17:30,210,123,87,,,,,validated,validated,validated,,,,
2026-06-14 17:45,226,132,94,,,,,validated,validated,validated,,,,
2026-06-14 18:00,202,108,94,,,,,validated,validated,validated,,,,
2026-06-14 18:15,220,115,105,,,,,validated,validated,validated,,,,
2026-06-14 18:30,200,79,121,,,,,validated,validated,validated,,,,
2026-06-14 18:45,161,70,91,,,,,validated,validated,validated,,,,
2026-06-14 19:00,106,40,66,,,,,validated,validated,validated,,,,
2026-06-14 19:15,75,33,42,,,,,validated,validated,validated,,,,
2026-06-14 19:30,45,27,18,,,,,validated,validated,validated,,,,
2026-06-14 19:45,46,16,30,,,,,validated,validated,validated,,,,
2026-06-14 20:00,82,25,57,,,,,validated,validated,validated,,,,
2026-06-14 20:15,43,17,26,,,,,validated,validated,validated,,,,
2026-06-14 20:30,47,21,26,,,,,validated,validated,validated,,,,
2026-06-14 20:45,31,21,10,,,,,validated,validated,validated,,,,
2026-06-14 21:00,152,64,88,,,,,validated,validated,validated,,,,
2026-06-14 21:15,303,95,208,,,,,validated,validated,validated,,,,
2026-06-14 21:30,206,59,147,,,,,validated,validated,validated,,,,
2026-06-14 21:45,120,41,79,,,,,validated,validated,validated,,,,
2026-06-14 22:00,108,35,73,,,,,validated,validated,validated,,,,
2026-06-14 22:15,77,27,50,,,,,validated,validated,validated,,,,
2026-06-14 22:30,44,13,31,,,,,validated,validated,validated,,,,
2026-06-14 22:45,55,16,39,,,,,validated,validated,validated,,,,
2026-06-14 23:00,57,22,35,,,,,validated,validated,validated,,,,
2026-06-14 23:15,16,7,9,,,,,validated,validated,validated,,,,
2026-06-14 23:30,22,8,14,,,,,validated,validated,validated,,,,
2026-06-14 23:45,12,4,8,,,,,validated,validated,validated,,,,
2026-06-15 00:00,19,8,11,,,,,validated,validated,validated,,,,
2026-06-15 00:15,21,8,13,,,,,validated,validated,validated,,,,
2026-06-15 00:30,14,6,8,,,,,validated,validated,validated,,,,
2026-06-15 00:45,13,4,9,,,,,validated,validated,validated,,,,
2026-06-15 01:00,6,2,4,,,,,validated,validated,validated,,,,
2026-06-15 01:15,6,1,5,,,,,validated,validated,validated,,,,
2026-06-15 01:30,8,3,5,,,,,validated,validated,validated,,,,
2026-06-15 01:45,2,0,2,,,,,validated,validated,validated,,,,
2026-06-15 02:00,1,0,1,,,,,validated,validated,validated,,,,
2026-06-15 02:15,1,1,0,,,,,validated,validated,validated,,,,
2026-06-15 02:30,3,3,0,,,,,validated,validated,validated,,,,
2026-06-15 02:45,1,0,1,,,,,validated,validated,validated,,,,
2026-06-15 03:00,5,3,2,,,,,validated,validated,validated,,,,
2026-06-15 03:15,1,1,0,,,,,validated,validated,validated,,,,
2026-06-15 03:30,3,3,0,,,,,validated,validated,validated,,,,
2026-06-15 03:45,2,0,2,,,,,validated,validated,validated,,,,
2026-06-15 04:00,0,0,0,,,,,validated,validated,validated,,,,
2026-06-15 04:15,4,3,1,,,,,validated,validated,validated,,,,
2026-06-15 04:30,9,5,4,,,,,validated,validated,validated,,,,
2026-06-15 04:45,7,4,3,,,,,validated,validated,validated,,,,
2026-06-15 05:00,5,5,0,,,,,validated,validated,validated,,,,
2026-06-15 05:15,14,6,8,,,,,validated,validated,validated,,,,
2026-06-15 05:30,30,12,18,,,,,validated,validated,validated,,,,
2026-06-15 05:45,37,11,26,,,,,validated,validated,validated,,,,
2026-06-15 06:00,55,24,31,,,,,validated,validated,validated,,,,
2026-06-15 06:15,98,51,47,,,,,validated,validated,validated,,,,
2026-06-15 06:30,124,46,78,,,,,validated,validated,validated,,,,
2026-06-15 06:45,152,68,84,,,,,validated,validated,validated,,,,
2026-06-15 07:00,150,51,99,,,,,validated,validated,validated,,,,
2026-06-15 07:15,211,84,127,,,,,validated,validated,validated,,,,
2026-06-15 07:30,332,138,194,,,,,validated,validated,validated,,,,
2026-06-15 07:45,342,153,189,,,,,validated,validated,validated,,,,
2026-06-15 08:00,296,96,200,,,,,validated,validated,validated,,,,
2026-06-15 08:15,234,106,128,,,,,validated,validated,validated,,,,
2026-06-15 08:30,199,84,115,,,,,validated,validated,validated,,,,
2026-06-15 08:45,216,87,129,,,,,validated,validated,validated,,,,
2026-06-15 09:00,140,54,86,,,,,validated,validated,validated,,,,
2026-06-15 09:15,114,45,69,,,,,validated,validated,validated,,,,
2026-06-15 09:30,131,51,80,,,,,validated,validated,validated,,,,
2026-06-15 09:45,199,61,138,,,,,validated,validated,validated,,,,
2026-06-15 10:00,204,56,148,,,,,validated,validated,validated,,,,
2026-06-15 10:15,102,39,63,,,,,validated,validated,validated,,,,
2026-06-15 10:30,108,41,67,,,,,validated,validated,validated,,,,
2026-06-15 10:45,142,83,59,,,,,validated,validated,validated,,,,
2026-06-15 11:00,111,57,54,,,,,validated,validated,validated,,,,
2026-06-15 11:15,107,44,63,,,,,validated,validated,validated,,,,
2026-06-15 11:30,139,57,82,,,,,validated,validated,validated,,,,
2026-06-15 11:45,206,91,115,,,,,validated,validated,validated,,,,
2026-06-15 12:00,196,61,135,,,,,validated,validated,validated,,,,
2026-06-15 12:15,171,68,103,,,,,validated,validated,validated,,,,
2026-06-15 12:30,161,59,102,,,,,validated,validated,validated,,,,
2026-06-15 12:45,168,67,101,,,,,validated,validated,validated,,,,
2026-06-15 13:00,176,89,87,,,,,validated,validated,validated,,,,
2026-06-15 13:15,170,79,91,,,,,validated,validated,validated,,,,
2026-06-15 13:30,195,59,136,,,,,validated,validated,validated,,,,
2026-06-15 13:45,264,115,149,,,,,validated,validated,validated,,,,
2026-06-15 14:00,249,107,142,,,,,validated,validated,validated,,,,
2026-06-15 14:15,185,102,83,,,,,validated,validated,validated,,,,
2026-06-15 14:30,181,84,97,,,,,validated,validated,validated,,,,
2026-06-15 14:45,201,118,83,,,,,validated,validated,validated,,,,
2026-06-15 15:00,214,129,85,,,,,validated,validated,validated,,,,
2026-06-15 15:15,211,124,87,,,,,validated,validated,validated,,,,
2026-06-15 15:30,241,142,99,,,,,validated,validated,validated,,,,
2026-06-15 15:45,332,193,139,,,,,validated,validated,validated,,,,
2026-06-15 16:00,325,165,160,,,,,validated,validated,validated,,,,
2026-06-15 16:15,306,168,138,,,,,validated,validated,validated,,,,
2026-06-15 16:30,259,134,125,,,,,validated,validated,validated,,,,
2026-06-15 16:45,282,162,120,,,,,validated,validated,validated,,,,
2026-06-15 17:00,301,153,148,,,,,validated,validated,validated,,,,
2026-06-15 17:15,282,122,160,,,,,validated,validated,validated,,,,
2026-06-15 17:30,289,116,173,,,,,validated,validated,validated,,,,
2026-06-15 17:45,342,159,183,,,,,validated,validated,validated,,,,
2026-06-15 18:00,274,129,145,,,,,validated,validated,validated,,,,
2026-06-15 18:15,266,107,159,,,,,validated,validated,validated,,,,
2026-06-15 18:30,224,90,134,,,,,validated,validated,validated,,,,
2026-06-15 18:45,210,94,116,,,,,validated,validated,validated,,,,
2026-06-15 19:00,152,76,76,,,,,validated,validated,validated,,,,
2026-06-15 19:15,161,82,79,,,,,validated,validated,validated,,,,
2026-06-15 19:30,151,60,91,,,,,validated,validated,validated,,,,
2026-06-15 19:45,195,91,104,,,,,validated,validated,validated,,,,
2026-06-15 20:00,140,65,75,,,,,validated,validated,validated,,,,
2026-06-15 20:15,114,53,61,,,,,validated,validated,validated,,,,
2026-06-15 20:30,90,35,55,,,,,validated,validated,validated,,,,
2026-06-15 20:45,120,56,64,,,,,validated,validated,validated,,,,
2026-06-15 21:00,109,57,52,,,,,validated,validated,validated,,,,
2026-06-15 21:15,84,43,41,,,,,validated,validated,validated,,,,
2026-06-15 21:30,84,54,30,,,,,validated,validated,validated,,,,
2026-06-15 21:45,93,56,37,,,,,validated,validated,validated,,,,
2026-06-15 22:00,85,45,40,,,,,validated,validated,validated,,,,
2026-06-15 22:15,82,43,39,,,,,validated,validated,validated,,,,
2026-06-15 22:30,71,32,39,,,,,validated,validated,validated,,,,
2026-06-15 22:45,49,19,30,,,,,validated,validated,validated,,,,
2026-06-15 23:00,55,35,20,,,,,validated,validated,validated,,,,
2026-06-15 23:15,22,11,11,,,,,validated,validated,validated,,,,
2026-06-15 23:30,18,6,12,,,,,validated,validated,validated,,,,
2026-06-15 23:45,16,5,11,,,,,validated,validated,validated,,,,
2026-06-16 00:00,15,3,12,,,,,validated,validated,validated,,,,
2026-06-16 00:15,13,4,9,,,,,validated,validated,validated,,,,
2026-06-16 00:30,13,5,8,,,,,validated,validated,validated,,,,
2026-06-16 00:45,12,1,11,,,,,validated,validated,validated,,,,
2026-06-16 01:00,15,5,10,,,,,validated,validated,validated,,,,
2026-06-16 01:15,10,1,9,,,,,validated,validated,validated,,,,
2026-06-16 01:30,6,2,4,,,,,validated,validated,validated,,,,
2026-06-16 01:45,2,0,2,,,,,validated,validated,validated,,,,
2026-06-16 02:00,4,3,1,,,,,validated,validated,validated,,,,
2026-06-16 02:15,2,1,1,,,,,validated,validated,validated,,,,
2026-06-16 02:30,3,1,2,,,,,validated,validated,validated,,,,
2026-06-16 02:45,3,2,1,,,,,validated,validated,validated,,,,
2026-06-16 03:00,1,0,1,,,,,validated,validated,validated,,,,
2026-06-16 03:15,1,0,1,,,,,validated,validated,validated,,,,
2026-06-16 03:30,3,1,2,,,,,validated,validated,validated,,,,
2026-06-16 03:45,2,1,1,,,,,validated,validated,validated,,,,
2026-06-16 04:00,1,1,0,,,,,validated,validated,validated,,,,
2026-06-16 04:15,3,2,1,,,,,validated,validated,validated,,,,
2026-06-16 04:30,7,5,2,,,,,validated,validated,validated,,,,
2026-06-16 04:45,9,5,4,,,,,validated,validated,validated,,,,
2026-06-16 05:00,9,6,3,,,,,validated,validated,validated,,,,
2026-06-16 05:15,9,3,6,,,,,validated,validated,validated,,,,
2026-06-16 05:30,29,10,19,,,,,validated,validated,validated,,,,
2026-06-16 05:45,38,14,24,,,,,validated,validated,validated,,,,
2026-06-16 06:00,72,28,44,,,,,validated,validated,validated,,,,
2026-06-16 06:15,88,44,44,,,,,validated,validated,validated,,,,
2026-06-16 06:30,104,42,62,,,,,validated,validated,validated,,,,
2026-06-16 06:45,158,75,83,,,,,validated,validated,validated,,,,
2026-06-16 07:00,162,70,92,,,,,validated,validated,validated,,,,
2026-06-16 07:15,228,104,124,,,,,validated,validated,validated,,,,
2026-06-16 07:30,340,104,236,,,,,validated,validated,validated,,,,
2026-06-16 07:45,349,133,216,,,,,validated,validated,validated,,,,
2026-06-16 08:00,316,110,206,,,,,validated,validated,validated,,,,
2026-06-16 08:15,248,95,153,,,,,validated,validated,validated,,,,
2026-06-16 08:30,242,94,148,,,,,validated,validated,validated,,,,
2026-06-16 08:45,288,119,169,,,,,validated,validated,validated,,,,
2026-06-16 09:00,197,69,128,,,,,validated,validated,validated,,,,
2026-06-16 09:15,162,69,93,,,,,validated,validated,validated,,,,
2026-06-16 09:30,160,59,101,,,,,validated,validated,validated,,,,
2026-06-16 09:45,281,79,202,,,,,validated,validated,validated,,,,
2026-06-16 10:00,224,57,167,,,,,validated,validated,validated,,,,
2026-06-16 10:15,133,51,82,,,,,validated,validated,validated,,,,
2026-06-16 10:30,141,69,72,,,,,validated,validated,validated,,,,
2026-06-16 10:45,140,69,71,,,,,validated,validated,validated,,,,
2026-06-16 11:00,107,48,59,,,,,validated,validated,validated,,,,
2026-06-16 11:15,109,50,59,,,,,validated,validated,validated,,,,
2026-06-16 11:30,166,57,109,,,,,validated,validated,validated,,,,
2026-06-16 11:45,217,92,125,,,,,validated,validated,validated,,,,
2026-06-16 12:00,243,98,145,,,,,validated,validated,validated,,,,
2026-06-16 12:15,177,77,100,,,,,validated,validated,validated,,,,
2026-06-16 12:30,193,98,95,,,,,validated,validated,validated,,,,
2026-06-16 12:45,241,103,138,,,,,validated,validated,validated,,,,
2026-06-16 13:00,224,102,122,,,,,validated,validated,validated,,,,
2026-06-16 13:15,220,102,118,,,,,validated,validated,validated,,,,
2026-06-16 13:30,237,113,124,,,,,validated,validated,validated,,,,
2026-06-16 13:45,350,153,197,,,,,validated,validated,validated,,,,
2026-06-16 14:00,289,138,151,,,,,validated,validated,validated,,,,
2026-06-16 14:15,220,109,111,,,,,validated,validated,validated,,,,
2026-06-16 14:30,255,130,125,,,,,validated,validated,validated,,,,
2026-06-16 14:45,246,144,102,,,,,validated,validated,validated,,,,
2026-06-16 15:00,205,97,108,,,,,validated,validated,validated,,,,
2026-06-16 15:15,256,124,132,,,,,validated,validated,validated,,,,
2026-06-16 15:30,254,119,135,,,,,validated,validated,validated,,,,
2026-06-16 15:45,368,172,196,,,,,validated,validated,validated,,,,
2026-06-16 16:00,364,185,179,,,,,validated,validated,validated,,,,
2026-06-16 16:15,306,140,166,,,,,validated,validated,validated,,,,
2026-06-16 16:30,288,158,130,,,,,validated,validated,validated,,,,
2026-06-16 16:45,287,162,125,,,,,validated,validated,validated,,,,
2026-06-16 17:00,332,132,200,,,,,validated,validated,validated,,,,
2026-06-16 17:15,341,137,204,,,,,validated,validated,validated,,,,
2026-06-16 17:30,324,149,175,,,,,validated,validated,validated,,,,
2026-06-16 17:45,402,185,217,,,,,validated,validated,validated,,,,
2026-06-16 18:00,349,166,183,,,,,validated,validated,validated,,,,
2026-06-16 18:15,293,135,158,,,,,validated,validated,validated,,,,
2026-06-16 18:30,246,122,124,,,,,validated,validated,validated,,,,
2026-06-16 18:45,223,91,132,,,,,validated,validated,validated,,,,
2026-06-16 19:00,233,106,127,,,,,validated,validated,validated,,,,
2026-06-16 19:15,191,100,91,,,,,validated,validated,validated,,,,
2026-06-16 19:30,213,106,107,,,,,validated,validated,validated,,,,
2026-06-16 19:45,218,127,91,,,,,validated,validated,validated,,,,
2026-06-16 20:00,210,111,99,,,,,validated,validated,validated,,,,
2026-06-16 20:15,155,81,74,,,,,validated,validated,validated,,,,
2026-06-16 20:30,147,61,86,,,,,validated,validated,validated,,,,
2026-06-16 20:45,129,72,57,,,,,validated,validated,validated,,,,
2026-06-16 21:00,128,65,63,,,,,validated,validated,validated,,,,
2026-06-16 21:15,109,59,50,,,,,validated,validated,validated,,,,
2026-06-16 21:30,102,56,46,,,,,validated,validated,validated,,,,
2026-06-16 21:45,99,47,52,,,,,validated,validated,validated,,,,
2026-06-16 22:00,85,32,53,,,,,validated,validated,validated,,,,
2026-06-16 22:15,108,55,53,,,,,validated,validated,validated,,,,
2026-06-16 22:30,76,40,36,,,,,validated,validated,validated,,,,
2026-06-16 22:45,54,24,30,,,,,validated,validated,validated,,,,
2026-06-16 23:00,60,18,42,,,,,validated,validated,validated,,,,
2026-06-16 23:15,61,35,26,,,,,validated,validated,validated,,,,
2026-06-16 23:30,43,14,29,,,,,validated,validated,validated,,,,
2026-06-16 23:45,32,13,19,,,,,validated,validated,validated,,,,
2026-06-17 00:00,27,9,18,,,,,validated,validated,validated,,,,
2026-06-17 00:15,17,11,6,,,,,validated,validated,validated,,,,
2026-06-17 00:30,15,6,9,,,,,validated,validated,validated,,,,
2026-06-17 00:45,7,2,5,,,,,validated,validated,validated,,,,
2026-06-17 01:00,12,9,3,,,,,validated,validated,validated,,,,
2026-06-17 01:15,11,8,3,,,,,validated,validated,validated,,,,
2026-06-17 01:30,9,3,6,,,,,validated,validated,validated,,,,
2026-06-17 01:45,3,1,2,,,,,validated,validated,validated,,,,
2026-06-17 02:00,1,1,0,,,,,validated,validated,validated,,,,
2026-06-17 02:15,7,1,6,,,,,validated,validated,validated,,,,
2026-06-17 02:30,4,3,1,,,,,validated,validated,validated,,,,
2026-06-17 02:45,3,2,1,,,,,validated,validated,validated,,,,
2026-06-17 03:00,3,2,1,,,,,validated,validated,validated,,,,
2026-06-17 03:15,0,0,0,,,,,validated,validated,validated,,,,
2026-06-17 03:30,3,3,0,,,,,validated,validated,validated,,,,
2026-06-17 03:45,2,1,1,,,,,validated,validated,validated,,,,
2026-06-17 04:00,3,1,2,,,,,validated,validated,validated,,,,
2026-06-17 04:15,5,2,3,,,,,validated,validated,validated,,,,
2026-06-17 04:30,7,3,4,,,,,validated,validated,validated,,,,
2026-06-17 04:45,10,7,3,,,,,validated,validated,validated,,,,
2026-06-17 05:00,8,7,1,,,,,validated,validated,validated,,,,
2026-06-17 05:15,12,5,7,,,,,validated,validated,validated,,,,
2026-06-17 05:30,32,14,18,,,,,validated,validated,validated,,,,
2026-06-17 05:45,34,18,16,,,,,validated,validated,validated,,,,
2026-06-17 06:00,64,28,36,,,,,validated,validated,validated,,,,
2026-06-17 06:15,96,45,51,,,,,validated,validated,validated,,,,
2026-06-17 06:30,119,47,72,,,,,validated,validated,validated,,,,
2026-06-17 06:45,150,80,70,,,,,validated,validated,validated,,,,
2026-06-17 07:00,177,95,82,,,,,validated,validated,validated,,,,
2026-06-17 07:15,241,118,123,,,,,validated,validated,validated,,,,
2026-06-17 07:30,370,149,221,,,,,validated,validated,validated,,,,
2026-06-17 07:45,368,133,235,,,,,validated,validated,validated,,,,
2026-06-17 08:00,340,132,208,,,,,validated,validated,validated,,,,
2026-06-17 08:15,272,124,148,,,,,validated,validated,validated,,,,
2026-06-17 08:30,258,125,133,,,,,validated,validated,validated,,,,
2026-06-17 08:45,284,119,165,,,,,validated,validated,validated,,,,
2026-06-17 09:00,192,68,124,,,,,validated,validated,validated,,,,
2026-06-17 09:15,157,67,90,,,,,validated,validated,validated,,,,
2026-06-17 09:30,157,58,99,,,,,validated,validated,validated,,,,
2026-06-17 09:45,239,89,150,,,,,validated,validated,validated,,,,
2026-06-17 10:00,256,81,175,,,,,validated,validated,validated,,,,
2026-06-17 10:15,153,71,82,,,,,validated,validated,validated,,,,
2026-06-17 10:30,138,66,72,,,,,validated,validated,validated,,,,
2026-06-17 10:45,152,65,87,,,,,validated,validated,validated,,,,
2026-06-17 11:00,180,65,115,,,,,validated,validated,validated,,,,
2026-06-17 11:15,140,62,78,,,,,validated,validated,validated,,,,
2026-06-17 11:30,190,85,105,,,,,validated,validated,validated,,,,
2026-06-17 11:45,226,118,108,,,,,validated,validated,validated,,,,
2026-06-17 12:00,230,83,147,,,,,validated,validated,validated,,,,
2026-06-17 12:15,202,95,107,,,,,validated,validated,validated,,,,
2026-06-17 12:30,228,90,138,,,,,validated,validated,validated,,,,
2026-06-17 12:45,233,116,117,,,,,validated,validated,validated,,,,
2026-06-17 13:00,209,86,123,,,,,validated,validated,validated,,,,
2026-06-17 13:15,206,94,112,,,,,validated,validated,validated,,,,
2026-06-17 13:30,184,77,107,,,,,validated,validated,validated,,,,
2026-06-17 13:45,238,97,141,,,,,validated,validated,validated,,,,
2026-06-17 14:00,261,87,174,,,,,validated,validated,validated,,,,
2026-06-17 14:15,205,89,116,,,,,validated,validated,validated,,,,
2026-06-17 14:30,194,79,115,,,,,validated,validated,validated,,,,
2026-06-17 14:45,248,121,127,,,,,validated,validated,validated,,,,
2026-06-17 15:00,217,107,110,,,,,validated,validated,validated,,,,
2026-06-17 15:15,262,117,145,,,,,validated,validated,validated,,,,
2026-06-17 15:30,260,121,139,,,,,validated,validated,validated,,,,
2026-06-17 15:45,343,153,190,,,,,validated,validated,validated,,,,
2026-06-17 16:00,348,169,179,,,,,validated,validated,validated,,,,
2026-06-17 16:15,289,139,150,,,,,validated,validated,validated,,,,
2026-06-17 16:30,270,124,146,,,,,validated,validated,validated,,,,
2026-06-17 16:45,318,130,188,,,,,validated,validated,validated,,,,
2026-06-17 17:00,322,130,192,,,,,validated,validated,validated,,,,
2026-06-17 17:15,329,148,181,,,,,validated,validated,validated,,,,
2026-06-17 17:30,286,131,155,,,,,validated,validated,validated,,,,
2026-06-17 17:45,370,164,206,,,,,validated,validated,validated,,,,
2026-06-17 18:00,286,130,156,,,,,validated,validated,validated,,,,
2026-06-17 18:15,267,85,182,,,,,validated,validated,validated,,,,
2026-06-17 18:30,211,92,119,,,,,validated,validated,validated,,,,
2026-06-17 18:45,255,120,135,,,,,validated,validated,validated,,,,
2026-06-17 19:00,204,101,103,,,,,validated,validated,validated,,,,
2026-06-17 19:15,184,102,82,,,,,validated,validated,validated,,,,
2026-06-17 19:30,200,79,121,,,,,validated,validated,validated,,,,
2026-06-17 19:45,175,71,104,,,,,validated,validated,validated,,,,
2026-06-17 20:00,196,91,105,,,,,validated,validated,validated,,,,
2026-06-17 20:15,127,62,65,,,,,validated,validated,validated,,,,
2026-06-17 20:30,138,69,69,,,,,validated,validated,validated,,,,
2026-06-17 20:45,127,61,66,,,,,validated,validated,validated,,,,
2026-06-17 21:00,144,77,67,,,,,validated,validated,validated,,,,
2026-06-17 21:15,132,69,63,,,,,validated,validated,validated,,,,
2026-06-17 21:30,132,65,67,,,,,validated,validated,validated,,,,
2026-06-17 21:45,91,37,54,,,,,validated,validated,validated,,,,
2026-06-17 22:00,106,40,66,,,,,validated,validated,validated,,,,
2026-06-17 22:15,82,34,48,,,,,validated,validated,validated,,,,
2026-06-17 22:30,78,35,43,,,,,validated,validated,validated,,,,
2026-06-17 22:45,67,37,30,,,,,validated,validated,validated,,,,
2026-06-17 23:00,75,28,47,,,,,validated,validated,validated,,,,
2026-06-17 23:15,51,28,23,,,,,validated,validated,validated,,,,
2026-06-17 23:30,52,24,28,,,,,validated,validated,validated,,,,
2026-06-17 23:45,23,9,14,,,,,validated,validated,validated,,,,
2026-06-18 00:00,49,16,33,,,,,validated,validated,validated,,,,
2026-06-18 00:15,30,19,11,,,,,validated,validated,validated,,,,
2026-06-18 00:30,24,10,14,,,,,validated,validated,validated,,,,
2026-06-18 00:45,20,10,10,,,,,validated,validated,validated,,,,
2026-06-18 01:00,13,6,7,,,,,validated,validated,validated,,,,
2026-06-18 01:15,7,5,2,,,,,validated,validated,validated,,,,
2026-06-18 01:30,8,5,3,,,,,validated,validated,validated,,,,
2026-06-18 01:45,5,3,2,,,,,validated,validated,validated,,,,
2026-06-18 02:00,6,1,5,,,,,validated,validated,validated,,,,
2026-06-18 02:15,4,3,1,,,,,validated,validated,validated,,,,
2026-06-18 02:30,1,1,0,,,,,validated,validated,validated,,,,
2026-06-18 02:45,3,2,1,,,,,validated,validated,validated,,,,
2026-06-18 03:00,10,3,7,,,,,validated,validated,validated,,,,
2026-06-18 03:15,3,2,1,,,,,validated,validated,validated,,,,
2026-06-18 03:30,3,2,1,,,,,validated,validated,validated,,,,
2026-06-18 03:45,5,4,1,,,,,validated,validated,validated,,,,
2026-06-18 04:00,3,2,1,,,,,validated,validated,validated,,,,
2026-06-18 04:15,4,3,1,,,,,validated,validated,validated,,,,
2026-06-18 04:30,5,3,2,,,,,validated,validated,validated,,,,
2026-06-18 04:45,10,4,6,,,,,validated,validated,validated,,,,
2026-06-18 05:00,8,5,3,,,,,validated,validated,validated,,,,
2026-06-18 05:15,16,5,11,,,,,validated,validated,validated,,,,
2026-06-18 05:30,39,14,25,,,,,validated,validated,validated,,,,
2026-06-18 05:45,36,16,20,,,,,validated,validated,validated,,,,
2026-06-18 06:00,49,21,28,,,,,validated,validated,validated,,,,
2026-06-18 06:15,88,34,54,,,,,validated,validated,validated,,,,
2026-06-18 06:30,108,43,65,,,,,validated,validated,validated,,,,
2026-06-18 06:45,143,68,75,,,,,validated,validated,validated,,,,
2026-06-18 07:00,177,75,102,,,,,validated,validated,validated,,,,
2026-06-18 07:15,219,78,141,,,,,validated,validated,validated,,,,
2026-06-18 07:30,349,130,219,,,,,validated,validated,validated,,,,
2026-06-18 07:45,365,127,238,,,,,validated,validated,validated,,,,
2026-06-18 08:00,349,105,244,,,,,validated,validated,validated,,,,
2026-06-18 08:15,293,114,179,,,,,validated,validated,validated,,,,
2026-06-18 08:30,237,94,143,,,,,validated,validated,validated,,,,
2026-06-18 08:45,228,93,135,,,,,validated,validated,validated,,,,
2026-06-18 09:00,192,75,117,,,,,validated,validated,validated,,,,
2026-06-18 09:15,147,60,87,,,,,validated,validated,validated,,,,
2026-06-18 09:30,184,71,113,,,,,validated,validated,validated,,,,
2026-06-18 09:45,292,97,195,,,,,validated,validated,validated,,,,
2026-06-18 10:00,253,52,201,,,,,validated,validated,validated,,,,
2026-06-18 10:15,154,61,93,,,,,validated,validated,validated,,,,
2026-06-18 10:30,153,67,86,,,,,validated,validated,validated,,,,
2026-06-18 10:45,164,76,88,,,,,validated,validated,validated,,,,
2026-06-18 11:00,145,68,77,,,,,validated,validated,validated,,,,
2026-06-18 11:15,155,69,86,,,,,validated,validated,validated,,,,
2026-06-18 11:30,158,71,87,,,,,validated,validated,validated,,,,
2026-06-18 11:45,253,102,151,,,,,validated,validated,validated,,,,
2026-06-18 12:00,224,96,128,,,,,validated,validated,validated,,,,
2026-06-18 12:15,209,97,112,,,,,validated,validated,validated,,,,
2026-06-18 12:30,202,87,115,,,,,validated,validated,validated,,,,
2026-06-18 12:45,247,132,115,,,,,validated,validated,validated,,,,
2026-06-18 13:00,202,104,98,,,,,validated,validated,validated,,,,
2026-06-18 13:15,213,119,94,,,,,validated,validated,validated,,,,
2026-06-18 13:30,214,103,111,,,,,validated,validated,validated,,,,
2026-06-18 13:45,292,156,136,,,,,validated,validated,validated,,,,
2026-06-18 14:00,309,152,157,,,,,validated,validated,validated,,,,
2026-06-18 14:15,225,116,109,,,,,validated,validated,validated,,,,
2026-06-18 14:30,246,114,132,,,,,validated,validated,validated,,,,
2026-06-18 14:45,235,120,115,,,,,validated,validated,validated,,,,
2026-06-18 15:00,287,143,144,,,,,validated,validated,validated,,,,
2026-06-18 15:15,275,149,126,,,,,validated,validated,validated,,,,
2026-06-18 15:30,287,154,133,,,,,validated,validated,validated,,,,
2026-06-18 15:45,372,214,158,,,,,validated,validated,validated,,,,
2026-06-18 16:00,333,192,141,,,,,validated,validated,validated,,,,
2026-06-18 16:15,286,174,112,,,,,validated,validated,validated,,,,
2026-06-18 16:30,305,159,146,,,,,validated,validated,validated,,,,
2026-06-18 16:45,340,175,165,,,,,validated,validated,validated,,,,
2026-06-18 17:00,342,154,188,,,,,validated,validated,validated,,,,
2026-06-18 17:15,400,173,227,,,,,validated,validated,validated,,,,
2026-06-18 17:30,314,136,178,,,,,validated,validated,validated,,,,
2026-06-18 17:45,367,146,221,,,,,validated,validated,validated,,,,
2026-06-18 18:00,323,133,190,,,,,validated,validated,validated,,,,
2026-06-18 18:15,310,130,180,,,,,validated,validated,validated,,,,
2026-06-18 18:30,274,117,157,,,,,validated,validated,validated,,,,
2026-06-18 18:45,272,128,144,,,,,validated,validated,validated,,,,
2026-06-18 19:00,237,83,154,,,,,validated,validated,validated,,,,
2026-06-18 19:15,170,74,96,,,,,validated,validated,validated,,,,
2026-06-18 19:30,240,104,136,,,,,validated,validated,validated,,,,
2026-06-18 19:45,213,101,112,,,,,validated,validated,validated,,,,
2026-06-18 20:00,165,69,96,,,,,validated,validated,validated,,,,
2026-06-18 20:15,183,82,101,,,,,validated,validated,validated,,,,
2026-06-18 20:30,160,84,76,,,,,validated,validated,validated,,,,
2026-06-18 20:45,131,69,62,,,,,validated,validated,validated,,,,
2026-06-18 21:00,144,52,92,,,,,validated,validated,validated,,,,
2026-06-18 21:15,143,70,73,,,,,validated,validated,validated,,,,
2026-06-18 21:30,127,51,76,,,,,validated,validated,validated,,,,
2026-06-18 21:45,112,49,63,,,,,validated,validated,validated,,,,
2026-06-18 22:00,130,70,60,,,,,validated,validated,validated,,,,
2026-06-18 22:15,136,52,84,,,,,validated,validated,validated,,,,
2026-06-18 22:30,91,37,54,,,,,validated,validated,validated,,,,
2026-06-18 22:45,98,47,51,,,,,validated,validated,validated,,,,
2026-06-18 23:00,76,23,53,,,,,validated,validated,validated,,,,
2026-06-18 23:15,74,26,48,,,,,validated,validated,validated,,,,
2026-06-18 23:30,51,24,27,,,,,validated,validated,validated,,,,
2026-06-18 23:45,36,11,25,,,,,validated,validated,validated,,,,
2026-06-19 00:00,27,14,13,,,,,validated,validated,validated,,,,
2026-06-19 00:15,25,9,16,,,,,validated,validated,validated,,,,
2026-06-19 00:30,27,6,21,,,,,validated,validated,validated,,,,
2026-06-19 00:45,18,9,9,,,,,validated,validated,validated,,,,
2026-06-19 01:00,19,11,8,,,,,validated,validated,validated,,,,
2026-06-19 01:15,11,5,6,,,,,validated,validated,validated,,,,
2026-06-19 01:30,10,2,8,,,,,validated,validated,validated,,,,
2026-06-19 01:45,11,7,4,,,,,validated,validated,validated,,,,
2026-06-19 02:00,8,0,8,,,,,validated,validated,validated,,,,
2026-06-19 02:15,3,0,3,,,,,validated,validated,validated,,,,
2026-06-19 02:30,3,0,3,,,,,validated,validated,validated,,,,
2026-06-19 02:45,3,2,1,,,,,validated,validated,validated,,,,
2026-06-19 03:00,7,5,2,,,,,validated,validated,validated,,,,
2026-06-19 03:15,4,3,1,,,,,validated,validated,validated,,,,
2026-06-19 03:30,1,1,0,,,,,validated,validated,validated,,,,
2026-06-19 03:45,1,0,1,,,,,validated,validated,validated,,,,
2026-06-19 04:00,0,0,0,,,,,validated,validated,validated,,,,
2026-06-19 04:15,4,3,1,,,,,validated,validated,validated,,,,
2026-06-19 04:30,22,8,14,,,,,validated,validated,validated,,,,
2026-06-19 04:45,2,1,1,,,,,validated,validated,validated,,,,
2026-06-19 05:00,9,5,4,,,,,validated,validated,validated,,,,
2026-06-19 05:15,20,14,6,,,,,validated,validated,validated,,,,
2026-06-19 05:30,31,9,22,,,,,validated,validated,validated,,,,
2026-06-19 05:45,43,19,24,,,,,validated,validated,validated,,,,
2026-06-19 06:00,48,20,28,,,,,validated,validated,validated,,,,
2026-06-19 06:15,73,34,39,,,,,validated,validated,validated,,,,
2026-06-19 06:30,85,32,53,,,,,validated,validated,validated,,,,
2026-06-19 06:45,138,65,73,,,,,validated,validated,validated,,,,
2026-06-19 07:00,128,47,81,,,,,validated,validated,validated,,,,
2026-06-19 07:15,189,80,109,,,,,validated,validated,validated,,,,
2026-06-19 07:30,272,106,166,,,,,validated,validated,validated,,,,
2026-06-19 07:45,288,108,180,,,,,validated,validated,validated,,,,
2026-06-19 08:00,240,79,161,,,,,validated,validated,validated,,,,
2026-06-19 08:15,219,81,138,,,,,validated,validated,validated,,,,
2026-06-19 08:30,223,94,129,,,,,validated,validated,validated,,,,
2026-06-19 08:45,235,101,134,,,,,validated,validated,validated,,,,
2026-06-19 09:00,167,74,93,,,,,validated,validated,validated,,,,
2026-06-19 09:15,154,76,78,,,,,validated,validated,validated,,,,
2026-06-19 09:30,176,61,115,,,,,validated,validated,validated,,,,
2026-06-19 09:45,209,77,132,,,,,validated,validated,validated,,,,
2026-06-19 10:00,139,41,98,,,,,validated,validated,validated,,,,
2026-06-19 10:15,137,72,65,,,,,validated,validated,validated,,,,
2026-06-19 10:30,122,59,63,,,,,validated,validated,validated,,,,
2026-06-19 10:45,174,72,102,,,,,validated,validated,validated,,,,
2026-06-19 11:00,173,71,102,,,,,validated,validated,validated,,,,
2026-06-19 11:15,164,71,93,,,,,validated,validated,validated,,,,
2026-06-19 11:30,165,80,85,,,,,validated,validated,validated,,,,
2026-06-19 11:45,200,103,97,,,,,validated,validated,validated,,,,
2026-06-19 12:00,195,94,101,,,,,validated,validated,validated,,,,
2026-06-19 12:15,224,106,118,,,,,validated,validated,validated,,,,
2026-06-19 12:30,220,97,123,,,,,validated,validated,validated,,,,
2026-06-19 12:45,222,112,110,,,,,validated,validated,validated,,,,
2026-06-19 13:00,251,126,125,,,,,validated,validated,validated,,,,
2026-06-19 13:15,233,100,133,,,,,validated,validated,validated,,,,
2026-06-19 13:30,246,118,128,,,,,validated,validated,validated,,,,
2026-06-19 13:45,252,150,102,,,,,validated,validated,validated,,,,
2026-06-19 14:00,243,115,128,,,,,validated,validated,validated,,,,
2026-06-19 14:15,242,121,121,,,,,validated,validated,validated,,,,
2026-06-19 14:30,241,141,100,,,,,validated,validated,validated,,,,
2026-06-19 14:45,233,127,106,,,,,validated,validated,validated,,,,
2026-06-19 15:00,223,110,113,,,,,validated,validated,validated,,,,
2026-06-19 15:15,197,111,86,,,,,validated,validated,validated,,,,
2026-06-19 15:30,202,95,107,,,,,validated,validated,validated,,,,
2026-06-19 15:45,245,117,128,,,,,validated,validated,validated,,,,
2026-06-19 16:00,244,110,134,,,,,validated,validated,validated,,,,
2026-06-19 16:15,189,92,97,,,,,validated,validated,validated,,,,
2026-06-19 16:30,194,110,84,,,,,validated,validated,validated,,,,
2026-06-19 16:45,171,88,83,,,,,validated,validated,validated,,,,
2026-06-19 17:00,236,113,123,,,,,validated,validated,validated,,,,
2026-06-19 17:15,206,120,86,,,,,validated,validated,validated,,,,
2026-06-19 17:30,213,96,117,,,,,validated,validated,validated,,,,
2026-06-19 17:45,242,117,125,,,,,validated,validated,validated,,,,
2026-06-19 18:00,240,101,139,,,,,validated,validated,validated,,,,
2026-06-19 18:15,229,109,120,,,,,validated,validated,validated,,,,
2026-06-19 18:30,214,91,123,,,,,validated,validated,validated,,,,
2026-06-19 18:45,256,97,159,,,,,validated,validated,validated,,,,
2026-06-19 19:00,215,90,125,,,,,validated,validated,validated,,,,
2026-06-19 19:15,212,91,121,,,,,validated,validated,validated,,,,
2026-06-19 19:30,228,78,150,,,,,validated,validated,validated,,,,
2026-06-19 19:45,281,77,204,,,,,validated,validated,validated,,,,
2026-06-19 20:00,348,70,278,,,,,validated,validated,validated,,,,
2026-06-19 20:15,294,77,217,,,,,validated,validated,validated,,,,
2026-06-19 20:30,255,69,186,,,,,validated,validated,validated,,,,
2026-06-19 20:45,268,74,194,,,,,validated,validated,validated,,,,
2026-06-19 21:00,224,81,143,,,,,validated,validated,validated,,,,
2026-06-19 21:15,260,126,134,,,,,validated,validated,validated,,,,
2026-06-19 21:30,306,156,150,,,,,validated,validated,validated,,,,
2026-06-19 21:45,267,166,101,,,,,validated,validated,validated,,,,
2026-06-19 22:00,241,161,80,,,,,validated,validated,validated,,,,
2026-06-19 22:15,246,178,68,,,,,validated,validated,validated,,,,
2026-06-19 22:30,163,126,37,,,,,validated,validated,validated,,,,
2026-06-19 22:45,142,96,46,,,,,validated,validated,validated,,,,
2026-06-19 23:00,107,72,35,,,,,validated,validated,validated,,,,
2026-06-19 23:15,131,87,44,,,,,validated,validated,validated,,,,
2026-06-19 23:30,112,48,64,,,,,validated,validated,validated,,,,
2026-06-19 23:45,90,50,40,,,,,validated,validated,validated,,,,
2026-06-20 00:00,84,46,38,,,,,validated,validated,validated,,,,
2026-06-20 00:15,78,44,34,,,,,validated,validated,validated,,,,
2026-06-20 00:30,74,43,31,,,,,validated,validated,validated,,,,
2026-06-20 00:45,52,26,26,,,,,validated,validated,validated,,,,
2026-06-20 01:00,64,45,19,,,,,validated,validated,validated,,,,
2026-06-20 01:15,47,18,29,,,,,validated,validated,validated,,,,
2026-06-20 01:30,25,15,10,,,,,validated,validated,validated,,,,
2026-06-20 01:45,49,30,19,,,,,validated,validated,validated,,,,
2026-06-20 02:00,22,11,11,,,,,validated,validated,validated,,,,
2026-06-20 02:15,20,10,10,,,,,validated,validated,validated,,,,
2026-06-20 02:30,22,14,8,,,,,validated,validated,validated,,,,
2026-06-20 02:45,22,8,14,,,,,validated,validated,validated,,,,
2026-06-20 03:00,16,9,7,,,,,validated,validated,validated,,,,
2026-06-20 03:15,20,12,8,,,,,validated,validated,validated,,,,
2026-06-20 03:30,7,3,4,,,,,validated,validated,validated,,,,
2026-06-20 03:45,9,2,7,,,,,validated,validated,validated,,,,
2026-06-20 04:00,3,3,0,,,,,validated,validated,validated,,,,
2026-06-20 04:15,9,1,8,,,,,validated,validated,validated,,,,
2026-06-20 04:30,10,2,8,,,,,validated,validated,validated,,,,
2026-06-20 04:45,8,4,4,,,,,validated,validated,validated,,,,
2026-06-20 05:00,6,3,3,,,,,validated,validated,validated,,,,
2026-06-20 05:15,14,10,4,,,,,validated,validated,validated,,,,
2026-06-20 05:30,18,7,11,,,,,validated,validated,validated,,,,
2026-06-20 05:45,10,5,5,,,,,validated,validated,validated,,,,
2026-06-20 06:00,13,8,5,,,,,validated,validated,validated,,,,
2026-06-20 06:15,16,9,7,,,,,validated,validated,validated,,,,
2026-06-20 06:30,16,7,9,,,,,validated,validated,validated,,,,
2026-06-20 06:45,26,15,11,,,,,validated,validated,validated,,,,
2026-06-20 07:00,18,8,10,,,,,validated,validated,validated,,,,
2026-06-20 07:15,27,14,13,,,,,validated,validated,validated,,,,
2026-06-20 07:30,38,14,24,,,,,validated,validated,validated,,,,
2026-06-20 07:45,51,28,23,,,,,validated,validated,validated,,,,
2026-06-20 08:00,41,24,17,,,,,validated,validated,validated,,,,
2026-06-20 08:15,57,33,24,,,,,validated,validated,validated,,,,
2026-06-20 08:30,57,21,36,,,,,validated,validated,validated,,,,
2026-06-20 08:45,91,34,57,,,,,validated,validated,validated,,,,
2026-06-20 09:00,83,41,42,,,,,validated,validated,validated,,,,
2026-06-20 09:15,94,58,36,,,,,validated,validated,validated,,,,
2026-06-20 09:30,123,63,60,,,,,validated,validated,validated,,,,
2026-06-20 09:45,154,66,88,,,,,validated,validated,validated,,,,
2026-06-20 10:00,150,74,76,,,,,validated,validated,validated,,,,
2026-06-20 10:15,134,69,65,,,,,validated,validated,validated,,,,
2026-06-20 10:30,145,69,76,,,,,validated,validated,validated,,,,
2026-06-20 10:45,190,63,127,,,,,validated,validated,validated,,,,
2026-06-20 11:00,124,53,71,,,,,validated,validated,validated,,,,
2026-06-20 11:15,124,65,59,,,,,validated,validated,validated,,,,
2026-06-20 11:30,160,72,88,,,,,validated,validated,validated,,,,
2026-06-20 11:45,177,98,79,,,,,validated,validated,validated,,,,
2026-06-20 12:00,135,62,73,,,,,validated,validated,validated,,,,
2026-06-20 12:15,126,63,63,,,,,validated,validated,validated,,,,
2026-06-20 12:30,156,70,86,,,,,validated,validated,validated,,,,
2026-06-20 12:45,150,60,90,,,,,validated,validated,validated,,,,
2026-06-20 13:00,149,67,82,,,,,validated,validated,validated,,,,
2026-06-20 13:15,140,74,66,,,,,validated,validated,validated,,,,
2026-06-20 13:30,134,66,68,,,,,validated,validated,validated,,,,
2026-06-20 13:45,148,66,82,,,,,validated,validated,validated,,,,
2026-06-20 14:00,136,59,77,,,,,validated,validated,validated,,,,
2026-06-20 14:15,132,67,65,,,,,validated,validated,validated,,,,
2026-06-20 14:30,136,76,60,,,,,validated,validated,validated,,,,
2026-06-20 14:45,168,85,83,,,,,validated,validated,validated,,,,
2026-06-20 15:00,162,75,87,,,,,validated,validated,validated,,,,
2026-06-20 15:15,131,76,55,,,,,validated,validated,validated,,,,
2026-06-20 15:30,159,59,100,,,,,validated,validated,validated,,,,
2026-06-20 15:45,149,58,91,,,,,validated,validated,validated,,,,
2026-06-20 16:00,115,42,73,,,,,validated,validated,validated,,,,
2026-06-20 16:15,137,64,73,,,,,validated,validated,validated,,,,
2026-06-20 16:30,153,66,87,,,,,validated,validated,validated,,,,
2026-06-20 16:45,132,71,61,,,,,validated,validated,validated,,,,
2026-06-20 17:00,142,61,81,,,,,validated,validated,validated,,,,
2026-06-20 17:15,120,53,67,,,,,validated,validated,validated,,,,
2026-06-20 17:30,146,70,76,,,,,validated,validated,validated,,,,
2026-06-20 17:45,157,69,88,,,,,validated,validated,validated,,,,
2026-06-20 18:00,141,54,87,,,,,validated,validated,validated,,,,
2026-06-20 18:15,141,56,85,,,,,validated,validated,validated,,,,
2026-06-20 18:30,158,55,103,,,,,validated,validated,validated,,,,
2026-06-20 18:45,184,64,120,,,,,validated,validated,validated,,,,
2026-06-20 19:00,145,51,94,,,,,validated,validated,validated,,,,
2026-06-20 19:15,149,57,92,,,,,validated,validated,validated,,,,
2026-06-20 19:30,143,46,97,,,,,validated,validated,validated,,,,
2026-06-20 19:45,153,66,87,,,,,validated,validated,validated,,,,
2026-06-20 20:00,163,64,99,,,,,validated,validated,validated,,,,
2026-06-20 20:15,139,53,86,,,,,validated,validated,validated,,,,
2026-06-20 20:30,132,58,74,,,,,validated,validated,validated,,,,
2026-06-20 20:45,124,63,61,,,,,validated,validated,validated,,,,
2026-06-20 21:00,110,63,47,,,,,validated,validated,validated,,,,
2026-06-20 21:15,132,71,61,,,,,validated,validated,validated,,,,
2026-06-20 21:30,136,45,91,,,,,validated,validated,validated,,,,
2026-06-20 21:45,110,42,68,,,,,validated,validated,validated,,,,
2026-06-20 22:00,75,33,42,,,,,validated,validated,validated,,,,
2026-06-20 22:15,67,23,44,,,,,validated,validated,validated,,,,
2026-06-20 22:30,60,31,29,,,,,validated,validated,validated,,,,
2026-06-20 22:45,52,15,37,,,,,validated,validated,validated,,,,
2026-06-20 23:00,53,15,38,,,,,validated,validated,validated,,,,
2026-06-20 23:15,32,13,19,,,,,validated,validated,validated,,,,
2026-06-20 23:30,20,9,11,,,,,validated,validated,validated,,,,
2026-06-20 23:45,34,17,17,,,,,validated,validated,validated,,,,
2026-06-21 00:00,100,53,47,,,,,validated,validated,validated,,,,
2026-06-21 00:15,213,84,129,,,,,validated,validated,validated,,,,
2026-06-21 00:30,191,65,126,,,,,validated,validated,validated,,,,
2026-06-21 00:45,87,28,59,,,,,validated,validated,validated,,,,
2026-06-21 01:00,94,29,65,,,,,validated,validated,validated,,,,
2026-06-21 01:15,83,27,56,,,,,validated,validated,validated,,,,
2026-06-21 01:30,67,25,42,,,,,validated,validated,validated,,,,
2026-06-21 01:45,56,22,34,,,,,validated,validated,validated,,,,
2026-06-21 02:00,63,25,38,,,,,validated,validated,validated,,,,
2026-06-21 02:15,35,14,21,,,,,validated,validated,validated,,,,
2026-06-21 02:30,13,6,7,,,,,validated,validated,validated,,,,
2026-06-21 02:45,15,9,6,,,,,validated,validated,validated,,,,
2026-06-21 03:00,32,14,18,,,,,validated,validated,validated,,,,
2026-06-21 03:15,18,4,14,,,,,validated,validated,validated,,,,
2026-06-21 03:30,18,2,16,,,,,validated,validated,validated,,,,
2026-06-21 03:45,29,12,17,,,,,validated,validated,validated,,,,
2026-06-21 04:00,18,5,13,,,,,validated,validated,validated,,,,
2026-06-21 04:15,7,1,6,,,,,validated,validated,validated,,,,
2026-06-21 04:30,4,3,1,,,,,validated,validated,validated,,,,
2026-06-21 04:45,15,1,14,,,,,validated,validated,validated,,,,
2026-06-21 05:00,11,4,7,,,,,validated,validated,validated,,,,
2026-06-21 05:15,1,1,0,,,,,validated,validated,validated,,,,
2026-06-21 05:30,15,3,12,,,,,validated,validated,validated,,,,
2026-06-21 05:45,5,2,3,,,,,validated,validated,validated,,,,
2026-06-21 06:00,9,6,3,,,,,validated,validated,validated,,,,
2026-06-21 06:15,5,2,3,,,,,validated,validated,validated,,,,
2026-06-21 06:30,14,9,5,,,,,validated,validated,validated,,,,
2026-06-21 06:45,15,12,3,,,,,validated,validated,validated,,,,
2026-06-21 07:00,9,4,5,,,,,validated,validated,validated,,,,
2026-06-21 07:15,12,8,4,,,,,validated,validated,validated,,,,
2026-06-21 07:30,14,7,7,,,,,validated,validated,validated,,,,
2026-06-21 07:45,22,18,4,,,,,validated,validated,validated,,,,
2026-06-21 08:00,27,19,8,,,,,validated,validated,validated,,,,
2026-06-21 08:15,39,28,11,,,,,validated,validated,validated,,,,
2026-06-21 08:30,44,27,17,,,,,validated,validated,validated,,,,
2026-06-21 08:45,51,28,23,,,,,validated,validated,validated,,,,
2026-06-21 09:00,41,31,10,,,,,validated,validated,validated,,,,
2026-06-21 09:15,61,44,17,,,,,validated,validated,validated,,,,
2026-06-21 09:30,60,24,36,,,,,validated,validated,validated,,,,
2026-06-21 09:45,109,59,50,,,,,validated,validated,validated,,,,
2026-06-21 10:00,96,58,38,,,,,validated,validated,validated,,,,
2026-06-21 10:15,98,54,44,,,,,validated,validated,validated,,,,
2026-06-21 10:30,74,45,29,,,,,validated,validated,validated,,,,
2026-06-21 10:45,101,48,53,,,,,validated,validated,validated,,,,
2026-06-21 11:00,133,64,69,,,,,validated,validated,validated,,,,
2026-06-21 11:15,102,43,59,,,,,validated,validated,validated,,,,
2026-06-21 11:30,133,66,67,,,,,validated,validated,validated,,,,
2026-06-21 11:45,125,72,53,,,,,validated,validated,validated,,,,
2026-06-21 12:00,127,66,61,,,,,validated,validated,validated,,,,
2026-06-21 12:15,120,63,57,,,,,validated,validated,validated,,,,
2026-06-21 12:30,117,54,63,,,,,validated,validated,validated,,,,
2026-06-21 12:45,154,67,87,,,,,validated,validated,validated,,,,
2026-06-21 13:00,132,58,74,,,,,validated,validated,validated,,,,
2026-06-21 13:15,154,70,84,,,,,validated,validated,validated,,,,
2026-06-21 13:30,120,54,66,,,,,validated,validated,validated,,,,
2026-06-21 13:45,149,53,96,,,,,validated,validated,validated,,,,
2026-06-21 14:00,138,49,89,,,,,validated,validated,validated,,,,
2026-06-21 14:15,165,45,120,,,,,validated,validated,validated,,,,
2026-06-21 14:30,174,58,116,,,,,validated,validated,validated,,,,
2026-06-21 14:45,193,70,123,,,,,validated,validated,validated,,,,
2026-06-21 15:00,197,57,140,,,,,validated,validated,validated,,,,
2026-06-21 15:15,170,73,97,,,,,validated,validated,validated,,,,
2026-06-21 15:30,172,54,118,,,,,validated,validated,validated,,,,
2026-06-21 15:45,199,67,132,,,,,validated,validated,validated,,,,
2026-06-21 16:00,168,58,110,,,,,validated,validated,validated,,,,
2026-06-21 16:15,206,56,150,,,,,validated,validated,validated,,,,
2026-06-21 16:30,156,53,103,,,,,validated,validated,validated,,,,
2026-06-21 16:45,153,55,98,,,,,validated,validated,validated,,,,
2026-06-21 17:00,156,57,99,,,,,validated,validated,validated,,,,
2026-06-21 17:15,152,49,103,,,,,validated,validated,validated,,,,
2026-06-21 17:30,145,55,90,,,,,validated,validated,validated,,,,
2026-06-21 17:45,145,58,87,,,,,validated,validated,validated,,,,
2026-06-21 18:00,133,51,82,,,,,validated,validated,validated,,,,
2026-06-21 18:15,150,56,94,,,,,validated,validated,validated,,,,
2026-06-21 18:30,138,59,79,,,,,validated,validated,validated,,,,
2026-06-21 18:45,120,59,61,,,,,validated,validated,validated,,,,
2026-06-21 19:00,132,51,81,,,,,validated,validated,validated,,,,
2026-06-21 19:15,110,48,62,,,,,validated,validated,validated,,,,
2026-06-21 19:30,121,45,76,,,,,validated,validated,validated,,,,
2026-06-21 19:45,135,50,85,,,,,validated,validated,validated,,,,
2026-06-21 20:00,108,48,60,,,,,validated,validated,validated,,,,
2026-06-21 20:15,94,31,63,,,,,validated,validated,validated,,,,
2026-06-21 20:30,96,28,68,,,,,validated,validated,validated,,,,
2026-06-21 20:45,87,43,44,,,,,validated,validated,validated,,,,
2026-06-21 21:00,87,44,43,,,,,validated,validated,validated,,,,
2026-06-21 21:15,114,43,71,,,,,validated,validated,validated,,,,
2026-06-21 21:30,85,43,42,,,,,validated,validated,validated,,,,
2026-06-21 21:45,66,28,38,,,,,validated,validated,validated,,,,
2026-06-21 22:00,77,32,45,,,,,validated,validated,validated,,,,
2026-06-21 22:15,38,12,26,,,,,validated,validated,validated,,,,
2026-06-21 22:30,54,18,36,,,,,validated,validated,validated,,,,
2026-06-21 22:45,41,16,25,,,,,validated,validated,validated,,,,
2026-06-21 23:00,41,12,29,,,,,validated,validated,validated,,,,
2026-06-21 23:15,34,19,15,,,,,validated,validated,validated,,,,
2026-06-21 23:30,21,10,11,,,,,validated,validated,validated,,,,
2026-06-21 23:45,13,6,7,,,,,validated,validated,validated,,,,
2026-06-22 00:00,18,7,11,,,,,validated,validated,validated,,,,
2026-06-22 00:15,12,6,6,,,,,validated,validated,validated,,,,
2026-06-22 00:30,8,3,5,,,,,validated,validated,validated,,,,
2026-06-22 00:45,2,1,1,,,,,validated,validated,validated,,,,
2026-06-22 01:00,5,1,4,,,,,validated,validated,validated,,,,
2026-06-22 01:15,11,2,9,,,,,validated,validated,validated,,,,
2026-06-22 01:30,1,1,0,,,,,validated,validated,validated,,,,
2026-06-22 01:45,4,1,3,,,,,validated,validated,validated,,,,
2026-06-22 02:00,5,0,5,,,,,validated,validated,validated,,,,
2026-06-22 02:15,2,0,2,,,,,validated,validated,validated,,,,
2026-06-22 02:30,5,1,4,,,,,validated,validated,validated,,,,
2026-06-22 02:45,1,0,1,,,,,validated,validated,validated,,,,
2026-06-22 03:00,1,1,0,,,,,validated,validated,validated,,,,
2026-06-22 03:15,0,0,0,,,,,validated,validated,validated,,,,
2026-06-22 03:30,4,2,2,,,,,validated,validated,validated,,,,
2026-06-22 03:45,3,1,2,,,,,validated,validated,validated,,,,
2026-06-22 04:00,2,1,1,,,,,validated,validated,validated,,,,
2026-06-22 04:15,5,4,1,,,,,validated,validated,validated,,,,
2026-06-22 04:30,4,2,2,,,,,validated,validated,validated,,,,
2026-06-22 04:45,6,2,4,,,,,validated,validated,validated,,,,
2026-06-22 05:00,10,7,3,,,,,validated,validated,validated,,,,
2026-06-22 05:15,11,6,5,,,,,validated,validated,validated,,,,
2026-06-22 05:30,32,10,22,,,,,validated,validated,validated,,,,
2026-06-22 05:45,51,19,32,,,,,validated,validated,validated,,,,
2026-06-22 06:00,60,30,30,,,,,validated,validated,validated,,,,
2026-06-22 06:15,77,40,37,,,,,validated,validated,validated,,,,
2026-06-22 06:30,114,43,71,,,,,validated,validated,validated,,,,
2026-06-22 06:45,140,69,71,,,,,validated,validated,validated,,,,
2026-06-22 07:00,159,59,100,,,,,validated,validated,validated,,,,
2026-06-22 07:15,208,88,120,,,,,validated,validated,validated,,,,
2026-06-22 07:30,364,111,253,,,,,validated,validated,validated,,,,
2026-06-22 07:45,326,106,220,,,,,validated,validated,validated,,,,
2026-06-22 08:00,286,88,198,,,,,validated,validated,validated,,,,
2026-06-22 08:15,251,91,160,,,,,validated,validated,validated,,,,
2026-06-22 08:30,196,75,121,,,,,validated,validated,validated,,,,
2026-06-22 08:45,205,79,126,,,,,validated,validated,validated,,,,
2026-06-22 09:00,177,62,115,,,,,validated,validated,validated,,,,
2026-06-22 09:15,134,47,87,,,,,validated,validated,validated,,,,
2026-06-22 09:30,172,69,103,,,,,validated,validated,validated,,,,
2026-06-22 09:45,224,76,148,,,,,validated,validated,validated,,,,
2026-06-22 10:00,186,52,134,,,,,validated,validated,validated,,,,
2026-06-22 10:15,146,46,100,,,,,validated,validated,validated,,,,
2026-06-22 10:30,147,65,82,,,,,validated,validated,validated,,,,
2026-06-22 10:45,166,77,89,,,,,validated,validated,validated,,,,
2026-06-22 11:00,128,51,77,,,,,validated,validated,validated,,,,
2026-06-22 11:15,116,42,74,,,,,validated,validated,validated,,,,
2026-06-22 11:30,170,63,107,,,,,validated,validated,validated,,,,
2026-06-22 11:45,194,62,132,,,,,validated,validated,validated,,,,
2026-06-22 12:00,204,64,140,,,,,validated,validated,validated,,,,
2026-06-22 12:15,192,86,106,,,,,validated,validated,validated,,,,
2026-06-22 12:30,214,78,136,,,,,validated,validated,validated,,,,
2026-06-22 12:45,209,104,105,,,,,validated,validated,validated,,,,
2026-06-22 13:00,188,74,114,,,,,validated,validated,validated,,,,
2026-06-22 13:15,176,66,110,,,,,validated,validated,validated,,,,
2026-06-22 13:30,196,82,114,,,,,validated,validated,validated,,,,
2026-06-22 13:45,217,113,104,,,,,validated,validated,validated,,,,
2026-06-22 14:00,218,79,139,,,,,validated,validated,validated,,,,
2026-06-22 14:15,191,106,85,,,,,validated,validated,validated,,,,
2026-06-22 14:30,183,84,99,,,,,validated,validated,validated,,,,
2026-06-22 14:45,204,95,109,,,,,validated,validated,validated,,,,
2026-06-22 15:00,201,97,104,,,,,validated,validated,validated,,,,
2026-06-22 15:15,206,101,105,,,,,validated,validated,validated,,,,
2026-06-22 15:30,251,114,137,,,,,validated,validated,validated,,,,
2026-06-22 15:45,277,148,129,,,,,validated,validated,validated,,,,
2026-06-22 16:00,303,127,176,,,,,validated,validated,validated,,,,
2026-06-22 16:15,252,129,123,,,,,validated,validated,validated,,,,
2026-06-22 16:30,234,110,124,,,,,validated,validated,validated,,,,
2026-06-22 16:45,241,119,122,,,,,validated,validated,validated,,,,
2026-06-22 17:00,275,111,164,,,,,validated,validated,validated,,,,
2026-06-22 17:15,242,108,134,,,,,validated,validated,validated,,,,
2026-06-22 17:30,268,128,140,,,,,validated,validated,validated,,,,
2026-06-22 17:45,310,152,158,,,,,validated,validated,validated,,,,
2026-06-22 18:00,237,99,138,,,,,validated,validated,validated,,,,
2026-06-22 18:15,268,108,160,,,,,validated,validated,validated,,,,
2026-06-22 18:30,192,87,105,,,,,validated,validated,validated,,,,
2026-06-22 18:45,204,89,115,,,,,validated,validated,validated,,,,
2026-06-22 19:00,178,72,106,,,,,validated,validated,validated,,,,
2026-06-22 19:15,153,73,80,,,,,validated,validated,validated,,,,
2026-06-22 19:30,152,62,90,,,,,validated,validated,validated,,,,
2026-06-22 19:45,177,74,103,,,,,validated,validated,validated,,,,
2026-06-22 20:00,151,62,89,,,,,validated,validated,validated,,,,
2026-06-22 20:15,143,53,90,,,,,validated,validated,validated,,,,
2026-06-22 20:30,126,53,73,,,,,validated,validated,validated,,,,
2026-06-22 20:45,128,53,75,,,,,validated,validated,validated,,,,
2026-06-22 21:00,126,57,69,,,,,validated,validated,validated,,,,
2026-06-22 21:15,104,49,55,,,,,validated,validated,validated,,,,
2026-06-22 21:30,107,53,54,,,,,validated,validated,validated,,,,
2026-06-22 21:45,104,55,49,,,,,validated,validated,validated,,,,
2026-06-22 22:00,88,52,36,,,,,validated,validated,validated,,,,
2026-06-22 22:15,79,37,42,,,,,validated,validated,validated,,,,
2026-06-22 22:30,64,31,33,,,,,validated,validated,validated,,,,
2026-06-22 22:45,50,29,21,,,,,validated,validated,validated,,,,
2026-06-22 23:00,41,15,26,,,,,validated,validated,validated,,,,
2026-06-22 23:15,44,17,27,,,,,validated,validated,validated,,,,
2026-06-22 23:30,41,12,29,,,,,validated,validated,validated,,,,
2026-06-22 23:45,15,6,9,,,,,validated,validated,validated,,,,
2026-06-23 00:00,21,10,11,,,,,validated,validated,validated,,,,
2026-06-23 00:15,7,4,3,,,,,validated,validated,validated,,,,
2026-06-23 00:30,14,7,7,,,,,validated,validated,validated,,,,
2026-06-23 00:45,9,6,3,,,,,validated,validated,validated,,,,
2026-06-23 01:00,6,1,5,,,,,validated,validated,validated,,,,
2026-06-23 01:15,4,2,2,,,,,validated,validated,validated,,,,
2026-06-23 01:30,5,2,3,,,,,validated,validated,validated,,,,
2026-06-23 01:45,5,0,5,,,,,validated,validated,validated,,,,
2026-06-23 02:00,1,1,0,,,,,validated,validated,validated,,,,
2026-06-23 02:15,0,0,0,,,,,validated,validated,validated,,,,
2026-06-23 02:30,1,1,0,,,,,validated,validated,validated,,,,
2026-06-23 02:45,5,3,2,,,,,validated,validated,validated,,,,
2026-06-23 03:00,2,2,0,,,,,validated,validated,validated,,,,
2026-06-23 03:15,3,2,1,,,,,validated,validated,validated,,,,
2026-06-23 03:30,4,2,2,,,,,validated,validated,validated,,,,
2026-06-23 03:45,2,0,2,,,,,validated,validated,validated,,,,
2026-06-23 04:00,1,1,0,,,,,validated,validated,validated,,,,
2026-06-23 04:15,2,1,1,,,,,validated,validated,validated,,,,
2026-06-23 04:30,5,3,2,,,,,validated,validated,validated,,,,
2026-06-23 04:45,12,5,7,,,,,validated,validated,validated,,,,
2026-06-23 05:00,10,8,2,,,,,validated,validated,validated,,,,
2026-06-23 05:15,10,4,6,,,,,validated,validated,validated,,,,
2026-06-23 05:30,31,16,15,,,,,validated,validated,validated,,,,
2026-06-23 05:45,45,19,26,,,,,validated,validated,validated,,,,
2026-06-23 06:00,78,33,45,,,,,validated,validated,validated,,,,
2026-06-23 06:15,89,40,49,,,,,validated,validated,validated,,,,
2026-06-23 06:30,94,45,49,,,,,validated,validated,validated,,,,
2026-06-23 06:45,142,56,86,,,,,validated,validated,validated,,,,
2026-06-23 07:00,162,60,102,,,,,validated,validated,validated,,,,
2026-06-23 07:15,218,91,127,,,,,validated,validated,validated,,,,
2026-06-23 07:30,302,111,191,,,,,validated,validated,validated,,,,
2026-06-23 07:45,316,109,207,,,,,validated,validated,validated,,,,
2026-06-23 08:00,312,86,226,,,,,validated,validated,validated,,,,
2026-06-23 08:15,249,103,146,,,,,validated,validated,validated,,,,
2026-06-23 08:30,245,66,179,,,,,validated,validated,validated,,,,
2026-06-23 08:45,249,100,149,,,,,validated,validated,validated,,,,
2026-06-23 09:00,193,59,134,,,,,validated,validated,validated,,,,
2026-06-23 09:15,170,64,106,,,,,validated,validated,validated,,,,
2026-06-23 09:30,177,43,134,,,,,validated,validated,validated,,,,
2026-06-23 09:45,283,88,195,,,,,validated,validated,validated,,,,
2026-06-23 10:00,228,50,178,,,,,validated,validated,validated,,,,
2026-06-23 10:15,129,56,73,,,,,validated,validated,validated,,,,
2026-06-23 10:30,150,57,93,,,,,validated,validated,validated,,,,
2026-06-23 10:45,134,54,80,,,,,validated,validated,validated,,,,
2026-06-23 11:00,105,38,67,,,,,validated,validated,validated,,,,
2026-06-23 11:15,141,58,83,,,,,validated,validated,validated,,,,
2026-06-23 11:30,178,67,111,,,,,validated,validated,validated,,,,
2026-06-23 11:45,231,96,135,,,,,validated,validated,validated,,,,
2026-06-23 12:00,214,78,136,,,,,validated,validated,validated,,,,
2026-06-23 12:15,203,88,115,,,,,validated,validated,validated,,,,
2026-06-23 12:30,218,75,143,,,,,validated,validated,validated,,,,
2026-06-23 12:45,180,74,106,,,,,validated,validated,validated,,,,
2026-06-23 13:00,197,68,129,,,,,validated,validated,validated,,,,
2026-06-23 13:15,186,84,102,,,,,validated,validated,validated,,,,
2026-06-23 13:30,191,82,109,,,,,validated,validated,validated,,,,
2026-06-23 13:45,292,134,158,,,,,validated,validated,validated,,,,
2026-06-23 14:00,257,122,135,,,,,validated,validated,validated,,,,
2026-06-23 14:15,200,107,93,,,,,validated,validated,validated,,,,
2026-06-23 14:30,183,98,85,,,,,validated,validated,validated,,,,
2026-06-23 14:45,213,108,105,,,,,validated,validated,validated,,,,
2026-06-23 15:00,192,91,101,,,,,validated,validated,validated,,,,
2026-06-23 15:15,221,123,98,,,,,validated,validated,validated,,,,
2026-06-23 15:30,233,115,118,,,,,validated,validated,validated,,,,
2026-06-23 15:45,264,145,119,,,,,validated,validated,validated,,,,
2026-06-23 16:00,293,159,134,,,,,validated,validated,validated,,,,
2026-06-23 16:15,249,130,119,,,,,validated,validated,validated,,,,
2026-06-23 16:30,263,123,140,,,,,validated,validated,validated,,,,
2026-06-23 16:45,256,121,135,,,,,validated,validated,validated,,,,
2026-06-23 17:00,267,121,146,,,,,validated,validated,validated,,,,
2026-06-23 17:15,262,106,156,,,,,validated,validated,validated,,,,
2026-06-23 17:30,279,125,154,,,,,validated,validated,validated,,,,
2026-06-23 17:45,295,127,168,,,,,validated,validated,validated,,,,
2026-06-23 18:00,273,113,160,,,,,validated,validated,validated,,,,
2026-06-23 18:15,259,101,158,,,,,validated,validated,validated,,,,
2026-06-23 18:30,258,113,145,,,,,validated,validated,validated,,,,
2026-06-23 18:45,224,92,132,,,,,validated,validated,validated,,,,
2026-06-23 19:00,215,104,111,,,,,validated,validated,validated,,,,
2026-06-23 19:15,185,87,98,,,,,validated,validated,validated,,,,
2026-06-23 19:30,195,83,112,,,,,validated,validated,validated,,,,
2026-06-23 19:45,182,76,106,,,,,validated,validated,validated,,,,
2026-06-23 20:00,175,83,92,,,,,validated,validated,validated,,,,
2026-06-23 20:15,165,70,95,,,,,validated,validated,validated,,,,
2026-06-23 20:30,130,67,63,,,,,validated,validated,validated,,,,
2026-06-23 20:45,141,58,83,,,,,validated,validated,validated,,,,
2026-06-23 21:00,122,58,64,,,,,validated,validated,validated,,,,
2026-06-23 21:15,105,56,49,,,,,validated,validated,validated,,,,
2026-06-23 21:30,129,43,86,,,,,validated,validated,validated,,,,
2026-06-23 21:45,146,69,77,,,,,validated,validated,validated,,,,
2026-06-23 22:00,112,57,55,,,,,validated,validated,validated,,,,
2026-06-23 22:15,78,36,42,,,,,validated,validated,validated,,,,
2026-06-23 22:30,90,43,47,,,,,validated,validated,validated,,,,
2026-06-23 22:45,80,29,51,,,,,validated,validated,validated,,,,
2026-06-23 23:00,47,18,29,,,,,validated,validated,validated,,,,
2026-06-23 23:15,43,27,16,,,,,validated,validated,validated,,,,
2026-06-23 23:30,33,10,23,,,,,validated,validated,validated,,,,
2026-06-23 23:45,30,11,19,,,,,validated,validated,validated,,,,
2026-06-24 00:00,40,21,19,,,,,validated,validated,validated,,,,
2026-06-24 00:15,34,7,27,,,,,validated,validated,validated,,,,
2026-06-24 00:30,18,5,13,,,,,validated,validated,validated,,,,
2026-06-24 00:45,10,4,6,,,,,validated,validated,validated,,,,
2026-06-24 01:00,14,4,10,,,,,validated,validated,validated,,,,
2026-06-24 01:15,9,1,8,,,,,validated,validated,validated,,,,
2026-06-24 01:30,15,5,10,,,,,validated,validated,validated,,,,
2026-06-24 01:45,4,3,1,,,,,validated,validated,validated,,,,
2026-06-24 02:00,1,0,1,,,,,validated,validated,validated,,,,
2026-06-24 02:15,2,0,2,,,,,validated,validated,validated,,,,
2026-06-24 02:30,5,1,4,,,,,validated,validated,validated,,,,
2026-06-24 02:45,6,4,2,,,,,validated,validated,validated,,,,
2026-06-24 03:00,3,2,1,,,,,validated,validated,validated,,,,
2026-06-24 03:15,2,0,2,,,,,validated,validated,validated,,,,
2026-06-24 03:30,1,0,1,,,,,validated,validated,validated,,,,
2026-06-24 03:45,5,3,2,,,,,validated,validated,validated,,,,
2026-06-24 04:00,5,3,2,,,,,validated,validated,validated,,,,
2026-06-24 04:15,2,0,2,,,,,validated,validated,validated,,,,
2026-06-24 04:30,13,7,6,,,,,validated,validated,validated,,,,
2026-06-24 04:45,12,6,6,,,,,validated,validated,validated,,,,
2026-06-24 05:00,9,7,2,,,,,validated,validated,validated,,,,
2026-06-24 05:15,17,5,12,,,,,validated,validated,validated,,,,
2026-06-24 05:30,42,15,27,,,,,validated,validated,validated,,,,
2026-06-24 05:45,39,14,25,,,,,validated,validated,validated,,,,
2026-06-24 06:00,63,25,38,,,,,validated,validated,validated,,,,
2026-06-24 06:15,87,41,46,,,,,validated,validated,validated,,,,
2026-06-24 06:30,98,36,62,,,,,validated,validated,validated,,,,
2026-06-24 06:45,114,48,66,,,,,validated,validated,validated,,,,
2026-06-24 07:00,169,75,94,,,,,validated,validated,validated,,,,
2026-06-24 07:15,226,88,138,,,,,validated,validated,validated,,,,
2026-06-24 07:30,330,104,226,,,,,validated,validated,validated,,,,
2026-06-24 07:45,327,104,223,,,,,validated,validated,validated,,,,
2026-06-24 08:00,342,97,245,,,,,validated,validated,validated,,,,
2026-06-24 08:15,260,92,168,,,,,validated,validated,validated,,,,
2026-06-24 08:30,253,87,166,,,,,validated,validated,validated,,,,
2026-06-24 08:45,215,74,141,,,,,validated,validated,validated,,,,
2026-06-24 09:00,200,57,143,,,,,validated,validated,validated,,,,
2026-06-24 09:15,158,66,92,,,,,validated,validated,validated,,,,
2026-06-24 09:30,164,45,119,,,,,validated,validated,validated,,,,
2026-06-24 09:45,233,79,154,,,,,validated,validated,validated,,,,
2026-06-24 10:00,265,87,178,,,,,validated,validated,validated,,,,
2026-06-24 10:15,169,65,104,,,,,validated,validated,validated,,,,
2026-06-24 10:30,146,48,98,,,,,validated,validated,validated,,,,
2026-06-24 10:45,183,87,96,,,,,validated,validated,validated,,,,
2026-06-24 11:00,145,51,94,,,,,validated,validated,validated,,,,
2026-06-24 11:15,170,61,109,,,,,validated,validated,validated,,,,
2026-06-24 11:30,158,58,100,,,,,validated,validated,validated,,,,
2026-06-24 11:45,212,89,123,,,,,validated,validated,validated,,,,
2026-06-24 12:00,265,92,173,,,,,validated,validated,validated,,,,
2026-06-24 12:15,242,104,138,,,,,validated,validated,validated,,,,
2026-06-24 12:30,215,84,131,,,,,validated,validated,validated,,,,
2026-06-24 12:45,190,81,109,,,,,validated,validated,validated,,,,
2026-06-24 13:00,172,76,96,,,,,validated,validated,validated,,,,
2026-06-24 13:15,203,86,117,,,,,validated,validated,validated,,,,
2026-06-24 13:30,188,83,105,,,,,validated,validated,validated,,,,
2026-06-24 13:45,242,112,130,,,,,validated,validated,validated,,,,
2026-06-24 14:00,234,95,139,,,,,validated,validated,validated,,,,
2026-06-24 14:15,199,95,104,,,,,validated,validated,validated,,,,
2026-06-24 14:30,198,98,100,,,,,validated,validated,validated,,,,
2026-06-24 14:45,235,116,119,,,,,validated,validated,validated,,,,
2026-06-24 15:00,202,88,114,,,,,validated,validated,validated,,,,
2026-06-24 15:15,193,97,96,,,,,validated,validated,validated,,,,
2026-06-24 15:30,219,110,109,,,,,validated,validated,validated,,,,
2026-06-24 15:45,259,131,128,,,,,validated,validated,validated,,,,
2026-06-24 16:00,247,121,126,,,,,validated,validated,validated,,,,
2026-06-24 16:15,225,113,112,,,,,validated,validated,validated,,,,
2026-06-24 16:30,242,105,137,,,,,validated,validated,validated,,,,
2026-06-24 16:45,196,103,93,,,,,validated,validated,validated,,,,
2026-06-24 17:00,261,112,149,,,,,validated,validated,validated,,,,
2026-06-24 17:15,256,107,149,,,,,validated,validated,validated,,,,
2026-06-24 17:30,259,116,143,,,,,validated,validated,validated,,,,
2026-06-24 17:45,290,134,156,,,,,validated,validated,validated,,,,
2026-06-24 18:00,248,105,143,,,,,validated,validated,validated,,,,
2026-06-24 18:15,228,97,131,,,,,validated,validated,validated,,,,
2026-06-24 18:30,233,103,130,,,,,validated,validated,validated,,,,
2026-06-24 18:45,206,85,121,,,,,validated,validated,validated,,,,
2026-06-24 19:00,173,69,104,,,,,validated,validated,validated,,,,
2026-06-24 19:15,173,83,90,,,,,validated,validated,validated,,,,
2026-06-24 19:30,182,67,115,,,,,validated,validated,validated,,,,
2026-06-24 19:45,197,86,111,,,,,validated,validated,validated,,,,
2026-06-24 20:00,185,86,99,,,,,validated,validated,validated,,,,
2026-06-24 20:15,140,63,77,,,,,validated,validated,validated,,,,
2026-06-24 20:30,144,67,77,,,,,validated,validated,validated,,,,
2026-06-24 20:45,153,73,80,,,,,validated,validated,validated,,,,
2026-06-24 21:00,131,62,69,,,,,validated,validated,validated,,,,
2026-06-24 21:15,175,75,100,,,,,validated,validated,validated,,,,
2026-06-24 21:30,115,67,48,,,,,validated,validated,validated,,,,
2026-06-24 21:45,132,59,73,,,,,validated,validated,validated,,,,
2026-06-24 22:00,112,52,60,,,,,validated,validated,validated,,,,
2026-06-24 22:15,87,48,39,,,,,validated,validated,validated,,,,
2026-06-24 22:30,114,48,66,,,,,validated,validated,validated,,,,
2026-06-24 22:45,108,66,42,,,,,validated,validated,validated,,,,
2026-06-24 23:00,84,41,43,,,,,validated,validated,validated,,,,
2026-06-24 23:15,96,34,62,,,,,validated,validated,validated,,,,
2026-06-24 23:30,78,33,45,,,,,validated,validated,validated,,,,
2026-06-24 23:45,65,34,31,,,,,validated,validated,validated,,,,
2026-06-25 00:00,64,40,24,,,,,validated,validated,validated,,,,
2026-06-25 00:15,49,21,28,,,,,validated,validated,validated,,,,
2026-06-25 00:30,46,32,14,,,,,validated,validated,validated,,,,
2026-06-25 00:45,45,32,13,,,,,validated,validated,validated,,,,
2026-06-25 01:00,25,16,9,,,,,validated,validated,validated,,,,
2026-06-25 01:15,22,11,11,,,,,validated,validated,validated,,,,
2026-06-25 01:30,9,2,7,,,,,validated,validated,validated,,,,
2026-06-25 01:45,27,9,18,,,,,validated,validated,validated,,,,
2026-06-25 02:00,20,5,15,,,,,validated,validated,validated,,,,
2026-06-25 02:15,16,7,9,,,,,validated,validated,validated,,,,
2026-06-25 02:30,20,2,18,,,,,validated,validated,validated,,,,
2026-06-25 02:45,21,0,21,,,,,validated,validated,validated,,,,
2026-06-25 03:00,29,1,28,,,,,validated,validated,validated,,,,
2026-06-25 03:15,22,3,19,,,,,validated,validated,validated,,,,
2026-06-25 03:30,24,2,22,,,,,validated,validated,validated,,,,
2026-06-25 03:45,18,5,13,,,,,validated,validated,validated,,,,
2026-06-25 04:00,27,3,24,,,,,validated,validated,validated,,,,
2026-06-25 04:15,27,0,27,,,,,validated,validated,validated,,,,
2026-06-25 04:30,20,2,18,,,,,validated,validated,validated,,,,
2026-06-25 04:45,19,8,11,,,,,validated,validated,validated,,,,
2026-06-25 05:00,10,7,3,,,,,validated,validated,validated,,,,
2026-06-25 05:15,17,7,10,,,,,validated,validated,validated,,,,
2026-06-25 05:30,50,16,34,,,,,validated,validated,validated,,,,
2026-06-25 05:45,42,10,32,,,,,validated,validated,validated,,,,
2026-06-25 06:00,53,20,33,,,,,validated,validated,validated,,,,
2026-06-25 06:15,89,45,44,,,,,validated,validated,validated,,,,
2026-06-25 06:30,111,49,62,,,,,validated,validated,validated,,,,
2026-06-25 06:45,126,47,79,,,,,validated,validated,validated,,,,
2026-06-25 07:00,157,52,105,,,,,validated,validated,validated,,,,
2026-06-25 07:15,216,74,142,,,,,validated,validated,validated,,,,
2026-06-25 07:30,303,80,223,,,,,validated,validated,validated,,,,
2026-06-25 07:45,338,107,231,,,,,validated,validated,validated,,,,
2026-06-25 08:00,310,91,219,,,,,validated,validated,validated,,,,
2026-06-25 08:15,279,96,183,,,,,validated,validated,validated,,,,
2026-06-25 08:30,251,90,161,,,,,validated,validated,validated,,,,
2026-06-25 08:45,235,81,154,,,,,validated,validated,validated,,,,
2026-06-25 09:00,175,70,105,,,,,validated,validated,validated,,,,
2026-06-25 09:15,165,49,116,,,,,validated,validated,validated,,,,
2026-06-25 09:30,174,59,115,,,,,validated,validated,validated,,,,
2026-06-25 09:45,234,74,160,,,,,validated,validated,validated,,,,
2026-06-25 10:00,231,61,170,,,,,validated,validated,validated,,,,
2026-06-25 10:15,135,64,71,,,,,validated,validated,validated,,,,
2026-06-25 10:30,119,45,74,,,,,validated,validated,validated,,,,
2026-06-25 10:45,123,57,66,,,,,validated,validated,validated,,,,
2026-06-25 11:00,120,41,79,,,,,validated,validated,validated,,,,
2026-06-25 11:15,135,57,78,,,,,validated,validated,validated,,,,
2026-06-25 11:30,161,66,95,,,,,validated,validated,validated,,,,
2026-06-25 11:45,215,81,134,,,,,validated,validated,validated,,,,
2026-06-25 12:00,221,86,135,,,,,validated,validated,validated,,,,
2026-06-25 12:15,187,94,93,,,,,validated,validated,validated,,,,
2026-06-25 12:30,202,89,113,,,,,validated,validated,validated,,,,
2026-06-25 12:45,213,101,112,,,,,validated,validated,validated,,,,
2026-06-25 13:00,176,90,86,,,,,validated,validated,validated,,,,
2026-06-25 13:15,169,83,86,,,,,validated,validated,validated,,,,
2026-06-25 13:30,198,80,118,,,,,validated,validated,validated,,,,
2026-06-25 13:45,223,100,123,,,,,validated,validated,validated,,,,
2026-06-25 14:00,189,75,114,,,,,validated,validated,validated,,,,
2026-06-25 14:15,188,96,92,,,,,validated,validated,validated,,,,
2026-06-25 14:30,187,99,88,,,,,validated,validated,validated,,,,
2026-06-25 14:45,168,94,74,,,,,validated,validated,validated,,,,
2026-06-25 15:00,225,114,111,,,,,validated,validated,validated,,,,
2026-06-25 15:15,185,97,88,,,,,validated,validated,validated,,,,
2026-06-25 15:30,228,109,119,,,,,validated,validated,validated,,,,
2026-06-25 15:45,217,115,102,,,,,validated,validated,validated,,,,
2026-06-25 16:00,266,129,137,,,,,validated,validated,validated,,,,
2026-06-25 16:15,232,108,124,,,,,validated,validated,validated,,,,
2026-06-25 16:30,221,103,118,,,,,validated,validated,validated,,,,
2026-06-25 16:45,230,115,115,,,,,validated,validated,validated,,,,
2026-06-25 17:00,218,117,101,,,,,validated,validated,validated,,,,
2026-06-25 17:15,214,97,117,,,,,validated,validated,validated,,,,
2026-06-25 17:30,217,103,114,,,,,validated,validated,validated,,,,
2026-06-25 17:45,221,101,120,,,,,validated,validated,validated,,,,
2026-06-25 18:00,232,83,149,,,,,validated,validated,validated,,,,
2026-06-25 18:15,237,99,138,,,,,validated,validated,validated,,,,
2026-06-25 18:30,207,70,137,,,,,validated,validated,validated,,,,
2026-06-25 18:45,217,91,126,,,,,validated,validated,validated,,,,
2026-06-25 19:00,221,84,137,,,,,validated,validated,validated,,,,
2026-06-25 19:15,210,80,130,,,,,validated,validated,validated,,,,
2026-06-25 19:30,196,72,124,,,,,validated,validated,validated,,,,
2026-06-25 19:45,218,79,139,,,,,validated,validated,validated,,,,
2026-06-25 20:00,184,71,113,,,,,validated,validated,validated,,,,
2026-06-25 20:15,187,95,92,,,,,validated,validated,validated,,,,
2026-06-25 20:30,175,66,109,,,,,validated,validated,validated,,,,
2026-06-25 20:45,154,68,86,,,,,validated,validated,validated,,,,
2026-06-25 21:00,163,75,88,,,,,validated,validated,validated,,,,
2026-06-25 21:15,157,73,84,,,,,validated,validated,validated,,,,
2026-06-25 21:30,158,64,94,,,,,validated,validated,validated,,,,
2026-06-25 21:45,118,45,73,,,,,validated,validated,validated,,,,
2026-06-25 22:00,85,32,53,,,,,validated,validated,validated,,,,
2026-06-25 22:15,60,19,41,,,,,validated,validated,validated,,,,
2026-06-25 22:30,62,26,36,,,,,validated,validated,validated,,,,
2026-06-25 22:45,81,35,46,,,,,validated,validated,validated,,,,
2026-06-25 23:00,97,38,59,,,,,validated,validated,validated,,,,
2026-06-25 23:15,37,21,16,,,,,validated,validated,validated,,,,
2026-06-25 23:30,38,18,20,,,,,validated,validated,validated,,,,
2026-06-25 23:45,31,11,20,,,,,validated,validated,validated,,,,
2026-06-26 00:00,249,110,139,,,,,validated,validated,validated,,,,
2026-06-26 00:15,307,112,195,,,,,validated,validated,validated,,,,
2026-06-26 00:30,125,41,84,,,,,validated,validated,validated,,,,
2026-06-26 00:45,65,25,40,,,,,validated,validated,validated,,,,
2026-06-26 01:00,42,15,27,,,,,validated,validated,validated,,,,
2026-06-26 01:15,22,4,18,,,,,validated,validated,validated,,,,
2026-06-26 01:30,26,7,19,,,,,validated,validated,validated,,,,
2026-06-26 01:45,20,6,14,,,,,validated,validated,validated,,,,
2026-06-26 02:00,11,2,9,,,,,validated,validated,validated,,,,
2026-06-26 02:15,7,4,3,,,,,validated,validated,validated,,,,
2026-06-26 02:30,5,5,0,,,,,validated,validated,validated,,,,
2026-06-26 02:45,8,5,3,,,,,validated,validated,validated,,,,
2026-06-26 03:00,9,8,1,,,,,validated,validated,validated,,,,
2026-06-26 03:15,4,2,2,,,,,validated,validated,validated,,,,
2026-06-26 03:30,6,2,4,,,,,validated,validated,validated,,,,
2026-06-26 03:45,2,0,2,,,,,validated,validated,validated,,,,
2026-06-26 04:00,5,0,5,,,,,validated,validated,validated,,,,
2026-06-26 04:15,4,2,2,,,,,validated,validated,validated,,,,
2026-06-26 04:30,8,6,2,,,,,validated,validated,validated,,,,
2026-06-26 04:45,15,7,8,,,,,validated,validated,validated,,,,
2026-06-26 05:00,10,6,4,,,,,validated,validated,validated,,,,
2026-06-26 05:15,9,6,3,,,,,validated,validated,validated,,,,
2026-06-26 05:30,35,11,24,,,,,validated,validated,validated,,,,
2026-06-26 05:45,36,11,25,,,,,validated,validated,validated,,,,
2026-06-26 06:00,42,17,25,,,,,validated,validated,validated,,,,
2026-06-26 06:15,68,33,35,,,,,validated,validated,validated,,,,
2026-06-26 06:30,83,27,56,,,,,validated,validated,validated,,,,
2026-06-26 06:45,85,36,49,,,,,validated,validated,validated,,,,
2026-06-26 07:00,108,41,67,,,,,validated,validated,validated,,,,
2026-06-26 07:15,181,72,109,,,,,validated,validated,validated,,,,
2026-06-26 07:30,278,86,192,,,,,validated,validated,validated,,,,
2026-06-26 07:45,242,79,163,,,,,validated,validated,validated,,,,
2026-06-26 08:00,180,55,125,,,,,validated,validated,validated,,,,
2026-06-26 08:15,189,82,107,,,,,validated,validated,validated,,,,
2026-06-26 08:30,176,73,103,,,,,validated,validated,validated,,,,
2026-06-26 08:45,167,67,100,,,,,validated,validated,validated,,,,
2026-06-26 09:00,121,52,69,,,,,validated,validated,validated,,,,
2026-06-26 09:15,124,56,68,,,,,validated,validated,validated,,,,
2026-06-26 09:30,140,56,84,,,,,validated,validated,validated,,,,
2026-06-26 09:45,191,68,123,,,,,validated,validated,validated,,,,
2026-06-26 10:00,149,48,101,,,,,validated,validated,validated,,,,
2026-06-26 10:15,122,50,72,,,,,validated,validated,validated,,,,
2026-06-26 10:30,131,51,80,,,,,validated,validated,validated,,,,
2026-06-26 10:45,110,52,58,,,,,validated,validated,validated,,,,
2026-06-26 11:00,115,52,63,,,,,validated,validated,validated,,,,
2026-06-26 11:15,159,75,84,,,,,validated,validated,validated,,,,
2026-06-26 11:30,163,84,79,,,,,validated,validated,validated,,,,
2026-06-26 11:45,176,89,87,,,,,validated,validated,validated,,,,
2026-06-26 12:00,165,69,96,,,,,validated,validated,validated,,,,
2026-06-26 12:15,184,87,97,,,,,validated,validated,validated,,,,
2026-06-26 12:30,175,67,108,,,,,validated,validated,validated,,,,
2026-06-26 12:45,184,97,87,,,,,validated,validated,validated,,,,
2026-06-26 13:00,177,80,97,,,,,validated,validated,validated,,,,
2026-06-26 13:15,186,86,100,,,,,validated,validated,validated,,,,
2026-06-26 13:30,170,82,88,,,,,validated,validated,validated,,,,
2026-06-26 13:45,167,90,77,,,,,validated,validated,validated,,,,
2026-06-26 14:00,176,81,95,,,,,validated,validated,validated,,,,
2026-06-26 14:15,158,81,77,,,,,validated,validated,validated,,,,
2026-06-26 14:30,123,70,53,,,,,validated,validated,validated,,,,
2026-06-26 14:45,154,95,59,,,,,validated,validated,validated,,,,
2026-06-26 15:00,152,86,66,,,,,validated,validated,validated,,,,
2026-06-26 15:15,157,93,64,,,,,validated,validated,validated,,,,
2026-06-26 15:30,161,88,73,,,,,validated,validated,validated,,,,
2026-06-26 15:45,175,94,81,,,,,validated,validated,validated,,,,
2026-06-26 16:00,147,87,60,,,,,validated,validated,validated,,,,
2026-06-26 16:15,158,84,74,,,,,validated,validated,validated,,,,
2026-06-26 16:30,163,79,84,,,,,validated,validated,validated,,,,
2026-06-26 16:45,120,65,55,,,,,validated,validated,validated,,,,
2026-06-26 17:00,145,72,73,,,,,validated,validated,validated,,,,
2026-06-26 17:15,174,83,91,,,,,validated,validated,validated,,,,
2026-06-26 17:30,161,66,95,,,,,validated,validated,validated,,,,
2026-06-26 17:45,151,73,78,,,,,validated,validated,validated,,,,
2026-06-26 18:00,175,62,113,,,,,validated,validated,validated,,,,
2026-06-26 18:15,148,66,82,,,,,validated,validated,validated,,,,
2026-06-26 18:30,128,54,74,,,,,validated,validated,validated,,,,
2026-06-26 18:45,161,69,92,,,,,validated,validated,validated,,,,
2026-06-26 19:00,112,47,65,,,,,validated,validated,validated,,,,
2026-06-26 19:15,114,48,66,,,,,validated,validated,validated,,,,
2026-06-26 19:30,105,41,64,,,,,validated,validated,validated,,,,
2026-06-26 19:45,130,55,75,,,,,validated,validated,validated,,,,
2026-06-26 20:00,133,59,74,,,,,validated,validated,validated,,,,
2026-06-26 20:15,142,54,88,,,,,validated,validated,validated,,,,
2026-06-26 20:30,113,39,74,,,,,validated,validated,validated,,,,
2026-06-26 20:45,118,45,73,,,,,validated,validated,validated,,,,
2026-06-26 21:00,111,38,73,,,,,validated,validated,validated,,,,
2026-06-26 21:15,105,47,58,,,,,validated,validated,validated,,,,
2026-06-26 21:30,96,37,59,,,,,validated,validated,validated,,,,
2026-06-26 21:45,107,39,68,,,,,validated,validated,validated,,,,
2026-06-26 22:00,101,33,68,,,,,validated,validated,validated,,,,
2026-06-26 22:15,99,37,62,,,,,validated,validated,validated,,,,
2026-06-26 22:30,101,38,63,,,,,validated,validated,validated,,,,
2026-06-26 22:45,90,25,65,,,,,validated,validated,validated,,,,
2026-06-26 23:00,137,36,101,,,,,validated,validated,validated,,,,
2026-06-26 23:15,133,45,88,,,,,validated,validated,validated,,,,
2026-06-26 23:30,107,30,77,,,,,validated,validated,validated,,,,
2026-06-26 23:45,67,27,40,,,,,validated,validated,validated,,,,
2026-06-27 00:00,67,18,49,,,,,validated,validated,validated,,,,
2026-06-27 00:15,75,32,43,,,,,validated,validated,validated,,,,
2026-06-27 00:30,75,24,51,,,,,validated,validated,validated,,,,
2026-06-27 00:45,47,16,31,,,,,validated,validated,validated,,,,
2026-06-27 01:00,40,16,24,,,,,validated,validated,validated,,,,
2026-06-27 01:15,46,13,33,,,,,validated,validated,validated,,,,
2026-06-27 01:30,30,17,13,,,,,validated,validated,validated,,,,
2026-06-27 01:45,24,7,17,,,,,validated,validated,validated,,,,
2026-06-27 02:00,32,9,23,,,,,validated,validated,validated,,,,
2026-06-27 02:15,16,3,13,,,,,validated,validated,validated,,,,
2026-06-27 02:30,20,7,13,,,,,validated,validated,validated,,,,
2026-06-27 02:45,19,4,15,,,,,validated,validated,validated,,,,
2026-06-27 03:00,8,2,6,,,,,validated,validated,validated,,,,
2026-06-27 03:15,11,4,7,,,,,validated,validated,validated,,,,
2026-06-27 03:30,13,5,8,,,,,validated,validated,validated,,,,
2026-06-27 03:45,11,4,7,,,,,validated,validated,validated,,,,
2026-06-27 04:00,4,0,4,,,,,validated,validated,validated,,,,
2026-06-27 04:15,14,3,11,,,,,validated,validated,validated,,,,
2026-06-27 04:30,3,0,3,,,,,validated,validated,validated,,,,
2026-06-27 04:45,14,7,7,,,,,validated,validated,validated,,,,
2026-06-27 05:00,8,2,6,,,,,validated,validated,validated,,,,
2026-06-27 05:15,1,0,1,,,,,validated,validated,validated,,,,
2026-06-27 05:30,21,4,17,,,,,validated,validated,validated,,,,
2026-06-27 05:45,16,7,9,,,,,validated,validated,validated,,,,
2026-06-27 06:00,14,6,8,,,,,validated,validated,validated,,,,
2026-06-27 06:15,20,9,11,,,,,validated,validated,validated,,,,
2026-06-27 06:30,22,10,12,,,,,validated,validated,validated,,,,
2026-06-27 06:45,32,18,14,,,,,validated,validated,validated,,,,
2026-06-27 07:00,25,12,13,,,,,validated,validated,validated,,,,
2026-06-27 07:15,31,20,11,,,,,validated,validated,validated,,,,
2026-06-27 07:30,33,17,16,,,,,validated,validated,validated,,,,
2026-06-27 07:45,59,32,27,,,,,validated,validated,validated,,,,
2026-06-27 08:00,51,22,29,,,,,validated,validated,validated,,,,
2026-06-27 08:15,37,16,21,,,,,validated,validated,validated,,,,
2026-06-27 08:30,73,34,39,,,,,validated,validated,validated,,,,
2026-06-27 08:45,80,39,41,,,,,validated,validated,validated,,,,
2026-06-27 09:00,76,40,36,,,,,validated,validated,validated,,,,
2026-06-27 09:15,77,41,36,,,,,validated,validated,validated,,,,
2026-06-27 09:30,86,47,39,,,,,validated,validated,validated,,,,
2026-06-27 09:45,132,43,89,,,,,validated,validated,validated,,,,
2026-06-27 10:00,130,47,83,,,,,validated,validated,validated,,,,
2026-06-27 10:15,92,47,45,,,,,validated,validated,validated,,,,
2026-06-27 10:30,75,43,32,,,,,validated,validated,validated,,,,
2026-06-27 10:45,84,44,40,,,,,validated,validated,validated,,,,
2026-06-27 11:00,111,47,64,,,,,validated,validated,validated,,,,
2026-06-27 11:15,104,50,54,,,,,validated,validated,validated,,,,
2026-06-27 11:30,83,38,45,,,,,validated,validated,validated,,,,
2026-06-27 11:45,82,44,38,,,,,validated,validated,validated,,,,
2026-06-27 12:00,118,59,59,,,,,validated,validated,validated,,,,
2026-06-27 12:15,113,49,64,,,,,validated,validated,validated,,,,
2026-06-27 12:30,99,44,55,,,,,validated,validated,validated,,,,
2026-06-27 12:45,83,41,42,,,,,validated,validated,validated,,,,
2026-06-27 13:00,73,42,31,,,,,validated,validated,validated,,,,
2026-06-27 13:15,98,50,48,,,,,validated,validated,validated,,,,
2026-06-27 13:30,115,67,48,,,,,validated,validated,validated,,,,
2026-06-27 13:45,105,58,47,,,,,validated,validated,validated,,,,
2026-06-27 14:00,113,50,63,,,,,validated,validated,validated,,,,
2026-06-27 14:15,105,53,52,,,,,validated,validated,validated,,,,
2026-06-27 14:30,87,51,36,,,,,validated,validated,validated,,,,
2026-06-27 14:45,86,33,53,,,,,validated,validated,validated,,,,
2026-06-27 15:00,90,38,52,,,,,validated,validated,validated,,,,
2026-06-27 15:15,83,44,39,,,,,validated,validated,validated,,,,
2026-06-27 15:30,86,42,44,,,,,validated,validated,validated,,,,
2026-06-27 15:45,94,41,53,,,,,validated,validated,validated,,,,
2026-06-27 16:00,88,42,46,,,,,validated,validated,validated,,,,
2026-06-27 16:15,89,46,43,,,,,validated,validated,validated,,,,
2026-06-27 16:30,100,37,63,,,,,validated,validated,validated,,,,
2026-06-27 16:45,114,60,54,,,,,validated,validated,validated,,,,
2026-06-27 17:00,87,49,38,,,,,validated,validated,validated,,,,
2026-06-27 17:15,102,49,53,,,,,validated,validated,validated,,,,
2026-06-27 17:30,93,52,41,,,,,validated,validated,validated,,,,
2026-06-27 17:45,132,56,76,,,,,validated,validated,validated,,,,
2026-06-27 18:00,92,36,56,,,,,validated,validated,validated,,,,
2026-06-27 18:15,79,31,48,,,,,validated,validated,validated,,,,
2026-06-27 18:30,113,38,75,,,,,validated,validated,validated,,,,
2026-06-27 18:45,104,50,54,,,,,validated,validated,validated,,,,
2026-06-27 19:00,106,53,53,,,,,validated,validated,validated,,,,
2026-06-27 19:15,114,43,71,,,,,validated,validated,validated,,,,
2026-06-27 19:30,168,63,105,,,,,validated,validated,validated,,,,
2026-06-27 19:45,191,43,148,,,,,validated,validated,validated,,,,
2026-06-27 20:00,133,36,97,,,,,validated,validated,validated,,,,
2026-06-27 20:15,89,32,57,,,,,validated,validated,validated,,,,
2026-06-27 20:30,91,29,62,,,,,validated,validated,validated,,,,
2026-06-27 20:45,83,40,43,,,,,validated,validated,validated,,,,
2026-06-27 21:00,80,35,45,,,,,validated,validated,validated,,,,
2026-06-27 21:15,94,35,59,,,,,validated,validated,validated,,,,
2026-06-27 21:30,77,32,45,,,,,validated,validated,validated,,,,
2026-06-27 21:45,75,34,41,,,,,validated,validated,validated,,,,
2026-06-27 22:00,93,23,70,,,,,validated,validated,validated,,,,
2026-06-27 22:15,83,27,56,,,,,validated,validated,validated,,,,
2026-06-27 22:30,73,38,35,,,,,validated,validated,validated,,,,
2026-06-27 22:45,51,20,31,,,,,validated,validated,validated,,,,
2026-06-27 23:00,76,25,51,,,,,validated,validated,validated,,,,
2026-06-27 23:15,70,31,39,,,,,validated,validated,validated,,,,
2026-06-27 23:30,66,24,42,,,,,validated,validated,validated,,,,
2026-06-27 23:45,70,23,47,,,,,validated,validated,validated,,,,
2026-06-28 00:00,64,21,43,,,,,validated,validated,validated,,,,
2026-06-28 00:15,66,14,52,,,,,validated,validated,validated,,,,
2026-06-28 00:30,73,35,38,,,,,validated,validated,validated,,,,
2026-06-28 00:45,50,19,31,,,,,validated,validated,validated,,,,
2026-06-28 01:00,35,18,17,,,,,validated,validated,validated,,,,
2026-06-28 01:15,55,13,42,,,,,validated,validated,validated,,,,
2026-06-28 01:30,29,7,22,,,,,validated,validated,validated,,,,
2026-06-28 01:45,29,8,21,,,,,validated,validated,validated,,,,
2026-06-28 02:00,23,7,16,,,,,validated,validated,validated,,,,
2026-06-28 02:15,19,6,13,,,,,validated,validated,validated,,,,
2026-06-28 02:30,44,16,28,,,,,validated,validated,validated,,,,
2026-06-28 02:45,18,11,7,,,,,validated,validated,validated,,,,
2026-06-28 03:00,10,7,3,,,,,validated,validated,validated,,,,
2026-06-28 03:15,28,11,17,,,,,validated,validated,validated,,,,
2026-06-28 03:30,7,2,5,,,,,validated,validated,validated,,,,
2026-06-28 03:45,6,0,6,,,,,validated,validated,validated,,,,
2026-06-28 04:00,13,5,8,,,,,validated,validated,validated,,,,
2026-06-28 04:15,15,3,12,,,,,validated,validated,validated,,,,
2026-06-28 04:30,8,3,5,,,,,validated,validated,validated,,,,
2026-06-28 04:45,3,0,3,,,,,validated,validated,validated,,,,
2026-06-28 05:00,6,0,6,,,,,validated,validated,validated,,,,
2026-06-28 05:15,8,2,6,,,,,validated,validated,validated,,,,
2026-06-28 05:30,11,4,7,,,,,validated,validated,validated,,,,
2026-06-28 05:45,10,5,5,,,,,validated,validated,validated,,,,
2026-06-28 06:00,5,0,5,,,,,validated,validated,validated,,,,
2026-06-28 06:15,12,5,7,,,,,validated,validated,validated,,,,
2026-06-28 06:30,15,6,9,,,,,validated,validated,validated,,,,
2026-06-28 06:45,8,5,3,,,,,validated,validated,validated,,,,
2026-06-28 07:00,21,13,8,,,,,validated,validated,validated,,,,
2026-06-28 07:15,11,6,5,,,,,validated,validated,validated,,,,
2026-06-28 07:30,18,5,13,,,,,validated,validated,validated,,,,
2026-06-28 07:45,30,12,18,,,,,validated,validated,validated,,,,
2026-06-28 08:00,24,13,11,,,,,validated,validated,validated,,,,
2026-06-28 08:15,34,17,17,,,,,validated,validated,validated,,,,
2026-06-28 08:30,40,15,25,,,,,validated,validated,validated,,,,
2026-06-28 08:45,60,23,37,,,,,validated,validated,validated,,,,
2026-06-28 09:00,45,17,28,,,,,validated,validated,validated,,,,
2026-06-28 09:15,59,28,31,,,,,validated,validated,validated,,,,
2026-06-28 09:30,65,20,45,,,,,validated,validated,validated,,,,
2026-06-28 09:45,135,56,79,,,,,validated,validated,validated,,,,
2026-06-28 10:00,107,39,68,,,,,validated,validated,validated,,,,
2026-06-28 10:15,95,39,56,,,,,validated,validated,validated,,,,
2026-06-28 10:30,96,42,54,,,,,validated,validated,validated,,,,
2026-06-28 10:45,109,47,62,,,,,validated,validated,validated,,,,
2026-06-28 11:00,80,43,37,,,,,validated,validated,validated,,,,
2026-06-28 11:15,109,53,56,,,,,validated,validated,validated,,,,
2026-06-28 11:30,92,44,48,,,,,validated,validated,validated,,,,
2026-06-28 11:45,103,55,48,,,,,validated,validated,validated,,,,
2026-06-28 12:00,105,44,61,,,,,validated,validated,validated,,,,
2026-06-28 12:15,111,46,65,,,,,validated,validated,validated,,,,
2026-06-28 12:30,118,44,74,,,,,validated,validated,validated,,,,
2026-06-28 12:45,104,52,52,,,,,validated,validated,validated,,,,
2026-06-28 13:00,100,45,55,,,,,validated,validated,validated,,,,
2026-06-28 13:15,93,45,48,,,,,validated,validated,validated,,,,
2026-06-28 13:30,130,56,74,,,,,validated,validated,validated,,,,
2026-06-28 13:45,114,55,59,,,,,validated,validated,validated,,,,
2026-06-28 14:00,115,59,56,,,,,validated,validated,validated,,,,
2026-06-28 14:15,116,48,68,,,,,validated,validated,validated,,,,
2026-06-28 14:30,116,51,65,,,,,validated,validated,validated,,,,
2026-06-28 14:45,115,69,46,,,,,validated,validated,validated,,,,
2026-06-28 15:00,113,47,66,,,,,validated,validated,validated,,,,
2026-06-28 15:15,126,49,77,,,,,validated,validated,validated,,,,
2026-06-28 15:30,120,48,72,,,,,validated,validated,validated,,,,
2026-06-28 15:45,113,57,56,,,,,validated,validated,validated,,,,
2026-06-28 16:00,107,53,54,,,,,validated,validated,validated,,,,
2026-06-28 16:15,105,40,65,,,,,validated,validated,validated,,,,
2026-06-28 16:30,106,52,54,,,,,validated,validated,validated,,,,
2026-06-28 16:45,105,55,50,,,,,validated,validated,validated,,,,
2026-06-28 17:00,121,59,62,,,,,validated,validated,validated,,,,
2026-06-28 17:15,126,59,67,,,,,validated,validated,validated,,,,
2026-06-28 17:30,137,52,85,,,,,validated,validated,validated,,,,
2026-06-28 17:45,160,67,93,,,,,validated,validated,validated,,,,
2026-06-28 18:00,127,50,77,,,,,validated,validated,validated,,,,
2026-06-28 18:15,110,43,67,,,,,validated,validated,validated,,,,
2026-06-28 18:30,133,52,81,,,,,validated,validated,validated,,,,
2026-06-28 18:45,98,44,54,,,,,validated,validated,validated,,,,
2026-06-28 19:00,134,53,81,,,,,validated,validated,validated,,,,
2026-06-28 19:15,94,40,54,,,,,validated,validated,validated,,,,
2026-06-28 19:30,97,44,53,,,,,validated,validated,validated,,,,
2026-06-28 19:45,95,36,59,,,,,validated,validated,validated,,,,
2026-06-28 20:00,102,47,55,,,,,validated,validated,validated,,,,
2026-06-28 20:15,84,32,52,,,,,validated,validated,validated,,,,
2026-06-28 20:30,80,25,55,,,,,validated,validated,validated,,,,
2026-06-28 20:45,93,34,59,,,,,validated,validated,validated,,,,
2026-06-28 21:00,76,33,43,,,,,validated,validated,validated,,,,
2026-06-28 21:15,57,25,32,,,,,validated,validated,validated,,,,
2026-06-28 21:30,73,28,45,,,,,validated,validated,validated,,,,
2026-06-28 21:45,57,27,30,,,,,validated,validated,validated,,,,
2026-06-28 22:00,51,15,36,,,,,validated,validated,validated,,,,
2026-06-28 22:15,35,16,19,,,,,validated,validated,validated,,,,
2026-06-28 22:30,42,17,25,,,,,validated,validated,validated,,,,
2026-06-28 22:45,28,10,18,,,,,validated,validated,validated,,,,
2026-06-28 23:00,38,11,27,,,,,validated,validated,validated,,,,
2026-06-28 23:15,27,9,18,,,,,validated,validated,validated,,,,
2026-06-28 23:30,30,9,21,,,,,validated,validated,validated,,,,
2026-06-28 23:45,19,4,15,,,,,validated,validated,validated,,,,
2026-06-29 00:00,19,5,14,,,,,validated,validated,validated,,,,
2026-06-29 00:15,10,1,9,,,,,validated,validated,validated,,,,
2026-06-29 00:30,11,4,7,,,,,validated,validated,validated,,,,
2026-06-29 00:45,12,4,8,,,,,validated,validated,validated,,,,
2026-06-29 01:00,2,0,2,,,,,validated,validated,validated,,,,
2026-06-29 01:15,8,6,2,,,,,validated,validated,validated,,,,
2026-06-29 01:30,5,3,2,,,,,validated,validated,validated,,,,
2026-06-29 01:45,3,1,2,,,,,validated,validated,validated,,,,
2026-06-29 02:00,5,2,3,,,,,validated,validated,validated,,,,
2026-06-29 02:15,5,0,5,,,,,validated,validated,validated,,,,
2026-06-29 02:30,1,1,0,,,,,validated,validated,validated,,,,
2026-06-29 02:45,2,0,2,,,,,validated,validated,validated,,,,
2026-06-29 03:00,1,0,1,,,,,validated,validated,validated,,,,
2026-06-29 03:15,0,0,0,,,,,validated,validated,validated,,,,
2026-06-29 03:30,7,4,3,,,,,validated,validated,validated,,,,
2026-06-29 03:45,2,0,2,,,,,validated,validated,validated,,,,
2026-06-29 04:00,3,1,2,,,,,validated,validated,validated,,,,
2026-06-29 04:15,4,3,1,,,,,validated,validated,validated,,,,
2026-06-29 04:30,2,2,0,,,,,validated,validated,validated,,,,
2026-06-29 04:45,11,6,5,,,,,validated,validated,validated,,,,
2026-06-29 05:00,5,3,2,,,,,validated,validated,validated,,,,
2026-06-29 05:15,16,7,9,,,,,validated,validated,validated,,,,
2026-06-29 05:30,28,14,14,,,,,validated,validated,validated,,,,
2026-06-29 05:45,47,16,31,,,,,validated,validated,validated,,,,
2026-06-29 06:00,49,23,26,,,,,validated,validated,validated,,,,
2026-06-29 06:15,87,43,44,,,,,validated,validated,validated,,,,
2026-06-29 06:30,101,38,63,,,,,validated,validated,validated,,,,
2026-06-29 06:45,124,60,64,,,,,validated,validated,validated,,,,
2026-06-29 07:00,140,71,69,,,,,validated,validated,validated,,,,
2026-06-29 07:15,197,72,125,,,,,validated,validated,validated,,,,
2026-06-29 07:30,293,101,192,,,,,validated,validated,validated,,,,
2026-06-29 07:45,324,112,212,,,,,validated,validated,validated,,,,
2026-06-29 08:00,279,86,193,,,,,validated,validated,validated,,,,
2026-06-29 08:15,232,98,134,,,,,validated,validated,validated,,,,
2026-06-29 08:30,230,79,151,,,,,validated,validated,validated,,,,
2026-06-29 08:45,224,88,136,,,,,validated,validated,validated,,,,
2026-06-29 09:00,174,61,113,,,,,validated,validated,validated,,,,
2026-06-29 09:15,151,71,80,,,,,validated,validated,validated,,,,
2026-06-29 09:30,141,47,94,,,,,validated,validated,validated,,,,
2026-06-29 09:45,235,63,172,,,,,validated,validated,validated,,,,
2026-06-29 10:00,240,68,172,,,,,validated,validated,validated,,,,
2026-06-29 10:15,143,53,90,,,,,validated,validated,validated,,,,
2026-06-29 10:30,129,46,83,,,,,validated,validated,validated,,,,
2026-06-29 10:45,129,56,73,,,,,validated,validated,validated,,,,
2026-06-29 11:00,147,62,85,,,,,validated,validated,validated,,,,
2026-06-29 11:15,121,51,70,,,,,validated,validated,validated,,,,
2026-06-29 11:30,149,62,87,,,,,validated,validated,validated,,,,
2026-06-29 11:45,204,77,127,,,,,validated,validated,validated,,,,
2026-06-29 12:00,203,69,134,,,,,validated,validated,validated,,,,
2026-06-29 12:15,227,69,158,,,,,validated,validated,validated,,,,
2026-06-29 12:30,183,77,106,,,,,validated,validated,validated,,,,
2026-06-29 12:45,185,72,113,,,,,validated,validated,validated,,,,
2026-06-29 13:00,194,87,107,,,,,validated,validated,validated,,,,
2026-06-29 13:15,174,66,108,,,,,validated,validated,validated,,,,
2026-06-29 13:30,176,79,97,,,,,validated,validated,validated,,,,
2026-06-29 13:45,231,101,130,,,,,validated,validated,validated,,,,
2026-06-29 14:00,212,81,131,,,,,validated,validated,validated,,,,
2026-06-29 14:15,180,89,91,,,,,validated,validated,validated,,,,
2026-06-29 14:30,183,92,91,,,,,validated,validated,validated,,,,
2026-06-29 14:45,198,106,92,,,,,validated,validated,validated,,,,
2026-06-29 15:00,202,95,107,,,,,validated,validated,validated,,,,
2026-06-29 15:15,188,101,87,,,,,validated,validated,validated,,,,
2026-06-29 15:30,202,106,96,,,,,validated,validated,validated,,,,
2026-06-29 15:45,269,121,148,,,,,validated,validated,validated,,,,
2026-06-29 16:00,242,115,127,,,,,validated,validated,validated,,,,
2026-06-29 16:15,251,116,135,,,,,validated,validated,validated,,,,
2026-06-29 16:30,214,93,121,,,,,validated,validated,validated,,,,
2026-06-29 16:45,269,135,134,,,,,validated,validated,validated,,,,
2026-06-29 17:00,256,99,157,,,,,validated,validated,validated,,,,
2026-06-29 17:15,264,115,149,,,,,validated,validated,validated,,,,
2026-06-29 17:30,254,105,149,,,,,validated,validated,validated,,,,
2026-06-29 17:45,298,152,146,,,,,validated,validated,validated,,,,
2026-06-29 18:00,269,100,169,,,,,validated,validated,validated,,,,
2026-06-29 18:15,251,102,149,,,,,validated,validated,validated,,,,
2026-06-29 18:30,236,90,146,,,,,validated,validated,validated,,,,
2026-06-29 18:45,223,88,135,,,,,validated,validated,validated,,,,
2026-06-29 19:00,213,91,122,,,,,validated,validated,validated,,,,
2026-06-29 19:15,176,79,97,,,,,validated,validated,validated,,,,
2026-06-29 19:30,205,76,129,,,,,validated,validated,validated,,,,
2026-06-29 19:45,194,80,114,,,,,validated,validated,validated,,,,
2026-06-29 20:00,153,61,92,,,,,validated,validated,validated,,,,
2026-06-29 20:15,167,70,97,,,,,validated,validated,validated,,,,
2026-06-29 20:30,142,63,79,,,,,validated,validated,validated,,,,
2026-06-29 20:45,167,99,68,,,,,validated,validated,validated,,,,
2026-06-29 21:00,154,75,79,,,,,validated,validated,validated,,,,
2026-06-29 21:15,172,88,84,,,,,validated,validated,validated,,,,
2026-06-29 21:30,153,70,83,,,,,validated,validated,validated,,,,
2026-06-29 21:45,131,71,60,,,,,validated,validated,validated,,,,
2026-06-29 22:00,112,48,64,,,,,validated,validated,validated,,,,
2026-06-29 22:15,91,53,38,,,,,validated,validated,validated,,,,
2026-06-29 22:30,61,28,33,,,,,validated,validated,validated,,,,
2026-06-29 22:45,37,17,20,,,,,validated,validated,validated,,,,
2026-06-29 23:00,43,23,20,,,,,validated,validated,validated,,,,
2026-06-29 23:15,37,17,20,,,,,validated,validated,validated,,,,
2026-06-29 23:30,52,34,18,,,,,validated,validated,validated,,,,
2026-06-29 23:45,13,7,6,,,,,validated,validated,validated,,,,
2026-06-30 00:00,19,12,7,,,,,validated,validated,validated,,,,
2026-06-30 00:15,15,8,7,,,,,validated,validated,validated,,,,
2026-06-30 00:30,70,38,32,,,,,validated,validated,validated,,,,
2026-06-30 00:45,33,14,19,,,,,validated,validated,validated,,,,
2026-06-30 01:00,7,2,5,,,,,validated,validated,validated,,,,
2026-06-30 01:15,3,2,1,,,,,validated,validated,validated,,,,
2026-06-30 01:30,255,106,149,,,,,validated,validated,validated,,,,
2026-06-30 01:45,221,74,147,,,,,validated,validated,validated,,,,
2026-06-30 02:00,35,22,13,,,,,validated,validated,validated,,,,
2026-06-30 02:15,22,7,15,,,,,validated,validated,validated,,,,
2026-06-30 02:30,9,4,5,,,,,validated,validated,validated,,,,
2026-06-30 02:45,4,0,4,,,,,validated,validated,validated,,,,
2026-06-30 03:00,15,8,7,,,,,validated,validated,validated,,,,
2026-06-30 03:15,4,2,2,,,,,validated,validated,validated,,,,
2026-06-30 03:30,1,0,1,,,,,validated,validated,validated,,,,
2026-06-30 03:45,1,0,1,,,,,validated,validated,validated,,,,
2026-06-30 04:00,3,1,2,,,,,validated,validated,validated,,,,
2026-06-30 04:15,3,2,1,,,,,validated,validated,validated,,,,
2026-06-30 04:30,5,3,2,,,,,validated,validated,validated,,,,
2026-06-30 04:45,7,2,5,,,,,validated,validated,validated,,,,
2026-06-30 05:00,13,8,5,,,,,validated,validated,validated,,,,
2026-06-30 05:15,12,4,8,,,,,validated,validated,validated,,,,
2026-06-30 05:30,31,15,16,,,,,validated,validated,validated,,,,
2026-06-30 05:45,33,15,18,,,,,validated,validated,validated,,,,
2026-06-30 06:00,56,25,31,,,,,validated,validated,validated,,,,
2026-06-30 06:15,90,45,45,,,,,validated,validated,validated,,,,
2026-06-30 06:30,104,51,53,,,,,validated,validated,validated,,,,
2026-06-30 06:45,148,65,83,,,,,validated,validated,validated,,,,
2026-06-30 07:00,151,67,84,,,,,validated,validated,validated,,,,
2026-06-30 07:15,218,79,139,,,,,validated,validated,validated,,,,
2026-06-30 07:30,282,95,187,,,,,validated,validated,validated,,,,
2026-06-30 07:45,363,129,234,,,,,validated,validated,validated,,,,
2026-06-30 08:00,285,94,191,,,,,validated,validated,validated,,,,
2026-06-30 08:15,244,105,139,,,,,validated,validated,validated,,,,
2026-06-30 08:30,225,79,146,,,,,validated,validated,validated,,,,
2026-06-30 08:45,259,103,156,,,,,validated,validated,validated,,,,
2026-06-30 09:00,175,63,112,,,,,validated,validated,validated,,,,
2026-06-30 09:15,148,60,88,,,,,validated,validated,validated,,,,
2026-06-30 09:30,192,58,134,,,,,validated,validated,validated,,,,
2026-06-30 09:45,267,85,182,,,,,validated,validated,validated,,,,
2026-06-30 10:00,234,49,185,,,,,validated,validated,validated,,,,
2026-06-30 10:15,156,63,93,,,,,validated,validated,validated,,,,
2026-06-30 10:30,134,45,89,,,,,validated,validated,validated,,,,
2026-06-30 10:45,135,52,83,,,,,validated,validated,validated,,,,
2026-06-30 11:00,133,57,76,,,,,validated,validated,validated,,,,
2026-06-30 11:15,121,60,61,,,,,validated,validated,validated,,,,
2026-06-30 11:30,162,68,94,,,,,validated,validated,validated,,,,
2026-06-30 11:45,229,86,143,,,,,validated,validated,validated,,,,
2026-06-30 12:00,221,77,144,,,,,validated,validated,validated,,,,
2026-06-30 12:15,195,85,110,,,,,validated,validated,validated,,,,
2026-06-30 12:30,215,74,141,,,,,validated,validated,validated,,,,
2026-06-30 12:45,233,99,134,,,,,validated,validated,validated,,,,
2026-06-30 13:00,228,82,146,,,,,validated,validated,validated,,,,
2026-06-30 13:15,175,74,101,,,,,validated,validated,validated,,,,
2026-06-30 13:30,224,89,135,,,,,validated,validated,validated,,,,
2026-06-30 13:45,281,114,167,,,,,validated,validated,validated,,,,
2026-06-30 14:00,227,82,145,,,,,validated,validated,validated,,,,
2026-06-30 14:15,196,96,100,,,,,validated,validated,validated,,,,
2026-06-30 14:30,190,90,100,,,,,validated,validated,validated,,,,
2026-06-30 14:45,214,100,114,,,,,validated,validated,validated,,,,
2026-06-30 15:00,208,90,118,,,,,validated,validated,validated,,,,
2026-06-30 15:15,216,113,103,,,,,validated,validated,validated,,,,
2026-06-30 15:30,204,104,100,,,,,validated,validated,validated,,,,
2026-06-30 15:45,289,159,130,,,,,validated,validated,validated,,,,
2026-06-30 16:00,294,148,146,,,,,validated,validated,validated,,,,
2026-06-30 16:15,270,138,132,,,,,validated,validated,validated,,,,
2026-06-30 16:30,247,122,125,,,,,validated,validated,validated,,,,
2026-06-30 16:45,268,122,146,,,,,validated,validated,validated,,,,
2026-06-30 17:00,283,128,155,,,,,validated,validated,validated,,,,
2026-06-30 17:15,260,109,151,,,,,validated,validated,validated,,,,
2026-06-30 17:30,239,96,143,,,,,validated,validated,validated,,,,
2026-06-30 17:45,294,146,148,,,,,validated,validated,validated,,,,
2026-06-30 18:00,268,102,166,,,,,validated,validated,validated,,,,
2026-06-30 18:15,257,115,142,,,,,validated,validated,validated,,,,
2026-06-30 18:30,236,105,131,,,,,validated,validated,validated,,,,
2026-06-30 18:45,221,96,125,,,,,validated,validated,validated,,,,
2026-06-30 19:00,226,86,140,,,,,validated,validated,validated,,,,
2026-06-30 19:15,198,87,111,,,,,validated,validated,validated,,,,
2026-06-30 19:30,163,73,90,,,,,validated,validated,validated,,,,
2026-06-30 19:45,182,80,102,,,,,validated,validated,validated,,,,
2026-06-30 20:00,163,70,93,,,,,validated,validated,validated,,,,
2026-06-30 20:15,109,51,58,,,,,validated,validated,validated,,,,
2026-06-30 20:30,123,56,67,,,,,validated,validated,validated,,,,
2026-06-30 20:45,102,52,50,,,,,validated,validated,validated,,,,
2026-06-30 21:00,100,45,55,,,,,validated,validated,validated,,,,
2026-06-30 21:15,99,50,49,,,,,validated,validated,validated,,,,
2026-06-30 21:30,110,54,56,,,,,validated,validated,validated,,,,
2026-06-30 21:45,110,60,50,,,,,validated,validated,validated,,,,
2026-06-30 22:00,121,59,62,,,,,validated,validated,validated,,,,
2026-06-30 22:15,70,37,33,,,,,validated,validated,validated,,,,
2026-06-30 22:30,93,31,62,,,,,validated,validated,validated,,,,
2026-06-30 22:45,62,24,38,,,,,validated,validated,validated,,,,
2026-06-30 23:00,42,15,27,,,,,validated,validated,validated,,,,
2026-06-30 23:15,41,19,22,,,,,validated,validated,validated,,,,
2026-06-30 23:30,20,12,8,,,,,validated,validated,validated,,,,
2026-06-30 23:45,21,12,9,,,,,validated,validated,validated,,,,
