Datetime,300037405 (Promenade (westl. Hals)),353409612 (Promenade (westl. Hals) Fahrräder FR Ludgerikreisel),353409613 (Promenade (westl. Hals) Fahrräder FR Aasee),353426710 (Promenade (westl. Hals) Fahrräder FR Ludgerikreisel),353426712 (Promenade (westl. Hals) Fahrräder FR Ludgerikreisel),353426713 (Promenade (westl. Hals) Fahrräder FR Aasee),353426715 (Promenade (westl. Hals) Fahrräder FR Aasee),300037405-status,353409612-status,353409613-status,353426710-status,353426712-status,353426713-status,353426715-status
2026-08-01 00:00,50,18,32,,,,,0,0,0,,,,
2026-08-01 00:15,32,14,18,,,,,0,0,0,,,,
2026-08-01 00:30,53,23,30,,,,,0,0,0,,,,
2026-08-01 00:45,27,15,12,,,,,0,0,0,,,,
2026-08-01 01:00,37,20,17,,,,,0,0,0,,,,
2026-08-01 01:15,27,13,14,,,,,0,0,0,,,,
2026-08-01 01:30,22,9,13,,,,,0,0,0,,,,
2026-08-01 01:45,17,4,13,,,,,0,0,0,,,,
2026-08-01 02:00,15,8,7,,,,,0,0,0,,,,
2026-08-01 02:15,16,7,9,,,,,0,0,0,,,,
2026-08-01 02:30,13,5,8,,,,,0,0,0,,,,
2026-08-01 02:45,13,5,8,,,,,0,0,0,,,,
2026-08-01 03:00,27,10,17,,,,,0,0,0,,,,
2026-08-01 03:15,38,7,31,,,,,0,0,0,,,,
2026-08-01 03:30,10,4,6,,,,,0,0,0,,,,
2026-08-01 03:45,13,1,12,,,,,0,0,0,,,,
2026-08-01 04:00,4,0,4,,,,,0,0,0,,,,
2026-08-01 04:15,10,1,9,,,,,0,0,0,,,,
2026-08-01 04:30,10,0,10,,,,,0,0,0,,,,
2026-08-01 04:45,4,2,2,,,,,0,0,0,,,,
2026-08-01 05:00,5,0,5,,,,,0,0,0,,,,
2026-08-01 05:15,11,3,8,,,,,0,0,0,,,,
2026-08-01 05:30,17,6,11,,,,,0,0,0,,,,
2026-08-01 05:45,9,3,6,,,,,0,0,0,,,,
2026-08-01 06:00,6,3,3,,,,,0,0,0,,,,
2026-08-01 06:15,16,6,10,,,,,0,0,0,,,,
2026-08-01 06:30,28,14,14,,,,,0,0,0,,,,
2026-08-01 06:45,11,7,4,,,,,0,0,0,,,,
2026-08-01 07:00,15,5,10,,,,,0,0,0,,,,
2026-08-01 07:15,20,11,9,,,,,0,0,0,,,,
2026-08-01 07:30,27,10,17,,,,,0,0,0,,,,
2026-08-01 07:45,35,11,24,,,,,0,0,0,,,,
2026-08-01 08:00,28,14,14,,,,,0,0,0,,,,
2026-08-01 08:15,37,21,16,,,,,0,0,0,,,,
2026-08-01 08:30,58,29,29,,,,,0,0,0,,,,
2026-08-01 08:45,58,35,23,,,,,0,0,0,,,,
2026-08-01 09:00,64,47,17,,,,,0,0,0,,,,
2026-08-01 09:15,82,50,32,,,,,0,0,0,,,,
2026-08-01 09:30,77,37,40,,,,,0,0,0,,,,
2026-08-01 09:45,121,57,64,,,,,0,0,0,,,,
2026-08-01 10:00,92,43,49,,,,,0,0,0,,,,
2026-08-01 10:15,136,61,75,,,,,0,0,0,,,,
2026-08-01 10:30,159,82,77,,,,,0,0,0,,,,
2026-08-01 10:45,159,90,69,,,,,0,0,0,,,,
2026-08-01 11:00,124,68,56,,,,,0,0,0,,,,
2026-08-01 11:15,127,72,55,,,,,0,0,0,,,,
2026-08-01 11:30,106,56,50,,,,,0,0,0,,,,
2026-08-01 11:45,170,95,75,,,,,0,0,0,,,,
2026-08-01 12:00,137,73,64,,,,,0,0,0,,,,
2026-08-01 12:15,156,98,58,,,,,0,0,0,,,,
2026-08-01 12:30,146,72,74,,,,,0,0,0,,,,
2026-08-01 12:45,156,79,77,,,,,0,0,0,,,,
2026-08-01 13:00,161,95,66,,,,,0,0,0,,,,
2026-08-01 13:15,172,88,84,,,,,0,0,0,,,,
2026-08-01 13:30,174,85,89,,,,,0,0,0,,,,
2026-08-01 13:45,195,110,85,,,,,0,0,0,,,,
2026-08-01 14:00,209,110,99,,,,,0,0,0,,,,
2026-08-01 14:15,175,93,82,,,,,0,0,0,,,,
2026-08-01 14:30,191,105,86,,,,,0,0,0,,,,
2026-08-01 14:45,185,94,91,,,,,0,0,0,,,,
2026-08-01 15:00,173,83,90,,,,,0,0,0,,,,
2026-08-01 15:15,195,105,90,,,,,0,0,0,,,,
2026-08-01 15:30,207,117,90,,,,,0,0,0,,,,
2026-08-01 15:45,212,122,90,,,,,0,0,0,,,,
2026-08-01 16:00,195,86,109,,,,,0,0,0,,,,
2026-08-01 16:15,189,98,91,,,,,0,0,0,,,,
2026-08-01 16:30,202,98,104,,,,,0,0,0,,,,
2026-08-01 16:45,206,89,117,,,,,0,0,0,,,,
2026-08-01 17:00,198,104,94,,,,,0,0,0,,,,
2026-08-01 17:15,262,130,132,,,,,0,0,0,,,,
2026-08-01 17:30,210,100,110,,,,,0,0,0,,,,
2026-08-01 17:45,225,120,105,,,,,0,0,0,,,,
2026-08-01 18:00,219,97,122,,,,,0,0,0,,,,
2026-08-01 18:15,207,113,94,,,,,0,0,0,,,,
2026-08-01 18:30,154,70,84,,,,,0,0,0,,,,
2026-08-01 18:45,199,115,84,,,,,0,0,0,,,,
2026-08-01 19:00,200,112,88,,,,,0,0,0,,,,
2026-08-01 19:15,180,101,79,,,,,0,0,0,,,,
2026-08-01 19:30,156,85,71,,,,,0,0,0,,,,
2026-08-01 19:45,143,81,62,,,,,0,0,0,,,,
2026-08-01 20:00,131,59,72,,,,,0,0,0,,,,
2026-08-01 20:15,137,63,74,,,,,0,0,0,,,,
2026-08-01 20:30,122,67,55,,,,,0,0,0,,,,
2026-08-01 20:45,146,89,57,,,,,0,0,0,,,,
2026-08-01 21:00,137,71,66,,,,,0,0,0,,,,
2026-08-01 21:15,144,68,76,,,,,0,0,0,,,,
2026-08-01 21:30,129,56,73,,,,,0,0,0,,,,
2026-08-01 21:45,124,50,74,,,,,0,0,0,,,,
2026-08-01 22:00,146,75,71,,,,,0,0,0,,,,
2026-08-01 22:15,182,116,66,,,,,0,0,0,,,,
2026-08-01 22:30,120,62,58,,,,,0,0,0,,,,
2026-08-01 22:45,85,36,49,,,,,0,0,0,,,,
2026-08-01 23:00,75,37,38,,,,,0,0,0,,,,
2026-08-01 23:15,74,30,44,,,,,0,0,0,,,,
2026-08-01 23:30,102,34,68,,,,,0,0,0,,,,
2026-08-01 23:45,71,21,50,,,,,0,0,0,,,,
2026-08-02 00:00,75,24,51,,,,,0,0,0,,,,
2026-08-02 00:15,54,25,29,,,,,0,0,0,,,,
2026-08-02 00:30,41,16,25,,,,,0,0,0,,,,
2026-08-02 00:45,36,11,25,,,,,0,0,0,,,,
2026-08-02 01:00,30,14,16,,,,,0,0,0,,,,
2026-08-02 01:15,29,8,21,,,,,0,0,0,,,,
2026-08-02 01:30,29,16,13,,,,,0,0,0,,,,
2026-08-02 01:45,24,8,16,,,,,0,0,0,,,,
2026-08-02 02:00,30,12,18,,,,,0,0,0,,,,
2026-08-02 02:15,17,3,14,,,,,0,0,0,,,,
2026-08-02 02:30,14,5,9,,,,,0,0,0,,,,
2026-08-02 02:45,22,11,11,,,,,0,0,0,,,,
2026-08-02 03:00,20,3,17,,,,,0,0,0,,,,
2026-08-02 03:15,6,5,1,,,,,0,0,0,,,,
2026-08-02 03:30,10,4,6,,,,,0,0,0,,,,
2026-08-02 03:45,12,3,9,,,,,0,0,0,,,,
2026-08-02 04:00,11,3,8,,,,,0,0,0,,,,
2026-08-02 04:15,5,1,4,,,,,0,0,0,,,,
2026-08-02 04:30,7,1,6,,,,,0,0,0,,,,
2026-08-02 04:45,3,0,3,,,,,0,0,0,,,,
2026-08-02 05:00,10,0,10,,,,,0,0,0,,,,
2026-08-02 05:15,6,2,4,,,,,0,0,0,,,,
2026-08-02 05:30,15,2,13,,,,,0,0,0,,,,
2026-08-02 05:45,10,4,6,,,,,0,0,0,,,,
2026-08-02 06:00,8,3,5,,,,,0,0,0,,,,
2026-08-02 06:15,15,5,10,,,,,0,0,0,,,,
2026-08-02 06:30,11,7,4,,,,,0,0,0,,,,
2026-08-02 06:45,14,4,10,,,,,0,0,0,,,,
2026-08-02 07:00,11,8,3,,,,,0,0,0,,,,
2026-08-02 07:15,10,6,4,,,,,0,0,0,,,,
2026-08-02 07:30,20,8,12,,,,,0,0,0,,,,
2026-08-02 07:45,20,4,16,,,,,0,0,0,,,,
2026-08-02 08:00,23,11,12,,,,,0,0,0,,,,
2026-08-02 08:15,28,14,14,,,,,0,0,0,,,,
2026-08-02 08:30,29,15,14,,,,,0,0,0,,,,
2026-08-02 08:45,48,25,23,,,,,0,0,0,,,,
2026-08-02 09:00,40,20,20,,,,,0,0,0,,,,
2026-08-02 09:15,60,45,15,,,,,0,0,0,,,,
2026-08-02 09:30,66,27,39,,,,,0,0,0,,,,
2026-08-02 09:45,78,32,46,,,,,0,0,0,,,,
2026-08-02 10:00,104,49,55,,,,,0,0,0,,,,
2026-08-02 10:15,86,40,46,,,,,0,0,0,,,,
2026-08-02 10:30,121,46,75,,,,,0,0,0,,,,
2026-08-02 10:45,94,47,47,,,,,0,0,0,,,,
2026-08-02 11:00,100,46,54,,,,,0,0,0,,,,
2026-08-02 11:15,115,60,55,,,,,0,0,0,,,,
2026-08-02 11:30,113,52,61,,,,,0,0,0,,,,
2026-08-02 11:45,106,59,47,,,,,0,0,0,,,,
2026-08-02 12:00,140,83,57,,,,,0,0,0,,,,
2026-08-02 12:15,150,90,60,,,,,0,0,0,,,,
2026-08-02 12:30,136,69,67,,,,,0,0,0,,,,
2026-08-02 12:45,158,76,82,,,,,0,0,0,,,,
2026-08-02 13:00,122,61,61,,,,,0,0,0,,,,
2026-08-02 13:15,159,80,79,,,,,0,0,0,,,,
2026-08-02 13:30,164,106,58,,,,,0,0,0,,,,
2026-08-02 13:45,177,103,74,,,,,0,0,0,,,,
2026-08-02 14:00,206,111,95,,,,,0,0,0,,,,
2026-08-02 14:15,171,89,82,,,,,0,0,0,,,,
2026-08-02 14:30,180,77,103,,,,,0,0,0,,,,
2026-08-02 14:45,243,127,116,,,,,0,0,0,,,,
2026-08-02 15:00,242,115,127,,,,,0,0,0,,,,
2026-08-02 15:15,165,77,88,,,,,0,0,0,,,,
2026-08-02 15:30,178,86,92,,,,,0,0,0,,,,
2026-08-02 15:45,204,109,95,,,,,0,0,0,,,,
2026-08-02 16:00,223,111,112,,,,,0,0,0,,,,
2026-08-02 16:15,186,91,95,,,,,0,0,0,,,,
2026-08-02 16:30,209,116,93,,,,,0,0,0,,,,
2026-08-02 16:45,210,82,128,,,,,0,0,0,,,,
2026-08-02 17:00,195,86,109,,,,,0,0,0,,,,
2026-08-02 17:15,209,96,113,,,,,0,0,0,,,,
2026-08-02 17:30,201,90,111,,,,,0,0,0,,,,
2026-08-02 17:45,262,94,168,,,,,0,0,0,,,,
2026-08-02 18:00,235,105,130,,,,,0,0,0,,,,
2026-08-02 18:15,161,60,101,,,,,0,0,0,,,,
2026-08-02 18:30,164,61,103,,,,,0,0,0,,,,
2026-08-02 18:45,178,82,96,,,,,0,0,0,,,,
2026-08-02 19:00,168,67,101,,,,,0,0,0,,,,
2026-08-02 19:15,145,58,87,,,,,0,0,0,,,,
2026-08-02 19:30,125,56,69,,,,,0,0,0,,,,
2026-08-02 19:45,165,61,104,,,,,0,0,0,,,,
2026-08-02 20:00,157,72,85,,,,,0,0,0,,,,
2026-08-02 20:15,143,72,71,,,,,0,0,0,,,,
2026-08-02 20:30,130,59,71,,,,,0,0,0,,,,
2026-08-02 20:45,116,55,61,,,,,0,0,0,,,,
2026-08-02 21:00,120,52,68,,,,,0,0,0,,,,
2026-08-02 21:15,100,50,50,,,,,0,0,0,,,,
2026-08-02 21:30,96,54,42,,,,,0,0,0,,,,
2026-08-02 21:45,107,54,53,,,,,0,0,0,,,,
2026-08-02 22:00,123,99,24,,,,,0,0,0,,,,
2026-08-02 22:15,149,121,28,,,,,0,0,0,,,,
2026-08-02 22:30,73,47,26,,,,,0,0,0,,,,
2026-08-02 22:45,46,24,22,,,,,0,0,0,,,,
2026-08-02 23:00,47,20,27,,,,,0,0,0,,,,
2026-08-02 23:15,33,13,20,,,,,0,0,0,,,,
2026-08-02 23:30,30,12,18,,,,,0,0,0,,,,
2026-08-02 23:45,29,9,20,,,,,0,0,0,,,,
2026-08-03 00:00,12,1,11,,,,,0,0,0,,,,
2026-08-03 00:15,21,9,12,,,,,0,0,0,,,,
2026-08-03 00:30,7,2,5,,,,,0,0,0,,,,
2026-08-03 00:45,3,2,1,,,,,0,0,0,,,,
2026-08-03 01:00,8,6,2,,,,,0,0,0,,,,
2026-08-03 01:15,6,3,3,,,,,0,0,0,,,,
2026-08-03 01:30,4,3,1,,,,,0,0,0,,,,
2026-08-03 01:45,3,2,1,,,,,0,0,0,,,,
2026-08-03 02:00,2,0,2,,,,,0,0,0,,,,
2026-08-03 02:15,4,2,2,,,,,0,0,0,,,,
2026-08-03 02:30,6,5,1,,,,,0,0,0,,,,
2026-08-03 02:45,2,1,1,,,,,0,0,0,,,,
2026-08-03 03:00,7,4,3,,,,,0,0,0,,,,
2026-08-03 03:15,1,1,0,,,,,0,0,0,,,,
2026-08-03 03:30,2,1,1,,,,,0,0,0,,,,
2026-08-03 03:45,0,0,0,,,,,0,0,0,,,,
2026-08-03 04:00,2,2,0,,,,,0,0,0,,,,
2026-08-03 04:15,2,1,1,,,,,0,0,0,,,,
2026-08-03 04:30,6,3,3,,,,,0,0,0,,,,
2026-08-03 04:45,9,3,6,,,,,0,0,0,,,,
2026-08-03 05:00,9,6,3,,,,,0,0,0,,,,
2026-08-03 05:15,11,3,8,,,,,0,0,0,,,,
2026-08-03 05:30,28,12,16,,,,,0,0,0,,,,
2026-08-03 05:45,44,19,25,,,,,0,0,0,,,,
2026-08-03 06:00,46,20,26,,,,,0,0,0,,,,
2026-08-03 06:15,80,41,39,,,,,0,0,0,,,,
2026-08-03 06:30,99,44,55,,,,,0,0,0,,,,
2026-08-03 06:45,120,58,62,,,,,0,0,0,,,,
2026-08-03 07:00,144,73,71,,,,,0,0,0,,,,
2026-08-03 07:15,187,73,114,,,,,0,0,0,,,,
2026-08-03 07:30,222,92,130,,,,,0,0,0,,,,
2026-08-03 07:45,246,114,132,,,,,0,0,0,,,,
2026-08-03 08:00,199,102,97,,,,,0,0,0,,,,
2026-08-03 08:15,179,72,107,,,,,0,0,0,,,,
2026-08-03 08:30,186,80,106,,,,,0,0,0,,,,
2026-08-03 08:45,190,75,115,,,,,0,0,0,,,,
2026-08-03 09:00,170,71,99,,,,,0,0,0,,,,
2026-08-03 09:15,141,54,87,,,,,0,0,0,,,,
2026-08-03 09:30,139,58,81,,,,,0,0,0,,,,
2026-08-03 09:45,151,57,94,,,,,0,0,0,,,,
2026-08-03 10:00,121,60,61,,,,,0,0,0,,,,
2026-08-03 10:15,124,61,63,,,,,0,0,0,,,,
2026-08-03 10:30,138,64,74,,,,,0,0,0,,,,
2026-08-03 10:45,160,85,75,,,,,0,0,0,,,,
2026-08-03 11:00,134,79,55,,,,,0,0,0,,,,
2026-08-03 11:15,112,65,47,,,,,0,0,0,,,,
2026-08-03 11:30,127,53,74,,,,,0,0,0,,,,
2026-08-03 11:45,141,58,83,,,,,0,0,0,,,,
2026-08-03 12:00,163,72,91,,,,,0,0,0,,,,
2026-08-03 12:15,164,78,86,,,,,0,0,0,,,,
2026-08-03 12:30,149,70,79,,,,,0,0,0,,,,
2026-08-03 12:45,167,85,82,,,,,0,0,0,,,,
2026-08-03 13:00,144,64,80,,,,,0,0,0,,,,
2026-08-03 13:15,136,78,58,,,,,0,0,0,,,,
2026-08-03 13:30,168,101,67,,,,,0,0,0,,,,
2026-08-03 13:45,164,93,71,,,,,0,0,0,,,,
2026-08-03 14:00,145,74,71,,,,,0,0,0,,,,
2026-08-03 14:15,150,86,64,,,,,0,0,0,,,,
2026-08-03 14:30,145,86,59,,,,,0,0,0,,,,
2026-08-03 14:45,168,93,75,,,,,0,0,0,,,,
2026-08-03 15:00,177,92,85,,,,,0,0,0,,,,
2026-08-03 15:15,182,101,81,,,,,0,0,0,,,,
2026-08-03 15:30,199,111,88,,,,,0,0,0,,,,
2026-08-03 15:45,216,130,86,,,,,0,0,0,,,,
2026-08-03 16:00,250,141,109,,,,,0,0,0,,,,
2026-08-03 16:15,255,140,115,,,,,0,0,0,,,,
2026-08-03 16:30,251,127,124,,,,,0,0,0,,,,
2026-08-03 16:45,236,125,111,,,,,0,0,0,,,,
2026-08-03 17:00,258,131,127,,,,,0,0,0,,,,
2026-08-03 17:15,230,112,118,,,,,0,0,0,,,,
2026-08-03 17:30,245,113,132,,,,,0,0,0,,,,
2026-08-03 17:45,235,110,125,,,,,0,0,0,,,,
2026-08-03 18:00,189,74,115,,,,,0,0,0,,,,
2026-08-03 18:15,187,88,99,,,,,0,0,0,,,,
2026-08-03 18:30,201,94,107,,,,,0,0,0,,,,
2026-08-03 18:45,180,90,90,,,,,0,0,0,,,,
2026-08-03 19:00,154,76,78,,,,,0,0,0,,,,
2026-08-03 19:15,166,80,86,,,,,0,0,0,,,,
2026-08-03 19:30,150,67,83,,,,,0,0,0,,,,
2026-08-03 19:45,146,71,75,,,,,0,0,0,,,,
2026-08-03 20:00,151,80,71,,,,,0,0,0,,,,
2026-08-03 20:15,117,42,75,,,,,0,0,0,,,,
2026-08-03 20:30,116,53,63,,,,,0,0,0,,,,
2026-08-03 20:45,99,56,43,,,,,0,0,0,,,,
2026-08-03 21:00,115,61,54,,,,,0,0,0,,,,
2026-08-03 21:15,99,53,46,,,,,0,0,0,,,,
2026-08-03 21:30,60,31,29,,,,,0,0,0,,,,
2026-08-03 21:45,73,42,31,,,,,0,0,0,,,,
2026-08-03 22:00,66,32,34,,,,,0,0,0,,,,
2026-08-03 22:15,82,26,56,,,,,0,0,0,,,,
2026-08-03 22:30,57,22,35,,,,,0,0,0,,,,
2026-08-03 22:45,29,17,12,,,,,0,0,0,,,,
2026-08-03 23:00,33,18,15,,,,,0,0,0,,,,
2026-08-03 23:15,15,6,9,,,,,0,0,0,,,,
2026-08-03 23:30,30,6,24,,,,,0,0,0,,,,
2026-08-03 23:45,31,12,19,,,,,0,0,0,,,,
2026-08-04 00:00,18,4,14,,,,,0,0,0,,,,
2026-08-04 00:15,23,7,16,,,,,0,0,0,,,,
2026-08-04 00:30,8,4,4,,,,,0,0,0,,,,
2026-08-04 00:45,5,2,3,,,,,0,0,0,,,,
2026-08-04 01:00,7,4,3,,,,,0,0,0,,,,
2026-08-04 01:15,3,1,2,,,,,0,0,0,,,,
2026-08-04 01:30,5,2,3,,,,,0,0,0,,,,
2026-08-04 01:45,4,1,3,,,,,0,0,0,,,,
2026-08-04 02:00,5,1,4,,,,,0,0,0,,,,
2026-08-04 02:15,4,0,4,,,,,0,0,0,,,,
2026-08-04 02:30,0,0,0,,,,,0,0,0,,,,
2026-08-04 02:45,2,0,2,,,,,0,0,0,,,,
2026-08-04 03:00,2,0,2,,,,,0,0,0,,,,
2026-08-04 03:15,1,0,1,,,,,0,0,0,,,,
2026-08-04 03:30,1,1,0,,,,,0,0,0,,,,
2026-08-04 03:45,1,1,0,,,,,0,0,0,,,,
2026-08-04 04:00,1,1,0,,,,,0,0,0,,,,
2026-08-04 04:15,3,1,2,,,,,0,0,0,,,,
2026-08-04 04:30,4,2,2,,,,,0,0,0,,,,
2026-08-04 04:45,5,2,3,,,,,0,0,0,,,,
2026-08-04 05:00,6,3,3,,,,,0,0,0,,,,
2026-08-04 05:15,11,4,7,,,,,0,0,0,,,,
2026-08-04 05:30,39,18,21,,,,,0,0,0,,,,
2026-08-04 05:45,39,19,20,,,,,0,0,0,,,,
2026-08-04 06:00,51,24,27,,,,,0,0,0,,,,
2026-08-04 06:15,65,33,32,,,,,0,0,0,,,,
2026-08-04 06:30,95,35,60,,,,,0,0,0,,,,
2026-08-04 06:45,123,65,58,,,,,0,0,0,,,,
2026-08-04 07:00,151,60,91,,,,,0,0,0,,,,
2026-08-04 07:15,186,71,115,,,,,0,0,0,,,,
2026-08-04 07:30,245,88,157,,,,,0,0,0,,,,
2026-08-04 07:45,253,135,118,,,,,0,0,0,,,,
2026-08-04 08:00,212,99,113,,,,,0,0,0,,,,
2026-08-04 08:15,190,96,94,,,,,0,0,0,,,,
2026-08-04 08:30,171,71,100,,,,,0,0,0,,,,
2026-08-04 08:45,193,81,112,,,,,0,0,0,,,,
2026-08-04 09:00,128,48,80,,,,,0,0,0,,,,
2026-08-04 09:15,144,46,98,,,,,0,0,0,,,,
2026-08-04 09:30,138,57,81,,,,,0,0,0,,,,
2026-08-04 09:45,164,74,90,,,,,0,0,0,,,,
2026-08-04 10:00,150,79,71,,,,,0,0,0,,,,
2026-08-04 10:15,122,50,72,,,,,0,0,0,,,,
2026-08-04 10:30,121,54,67,,,,,0,0,0,,,,
2026-08-04 10:45,116,60,56,,,,,0,0,0,,,,
2026-08-04 11:00,137,64,73,,,,,0,0,0,,,,
2026-08-04 11:15,134,62,72,,,,,0,0,0,,,,
2026-08-04 11:30,141,61,80,,,,,0,0,0,,,,
2026-08-04 11:45,179,92,87,,,,,0,0,0,,,,
2026-08-04 12:00,134,63,71,,,,,0,0,0,,,,
2026-08-04 12:15,162,76,86,,,,,0,0,0,,,,
2026-08-04 12:30,140,46,94,,,,,0,0,0,,,,
2026-08-04 12:45,167,66,101,,,,,0,0,0,,,,
2026-08-04 13:00,157,64,93,,,,,0,0,0,,,,
2026-08-04 13:15,162,77,85,,,,,0,0,0,,,,
2026-08-04 13:30,137,54,83,,,,,0,0,0,,,,
2026-08-04 13:45,194,103,91,,,,,0,0,0,,,,
2026-08-04 14:00,166,86,80,,,,,0,0,0,,,,
2026-08-04 14:15,140,78,62,,,,,0,0,0,,,,
2026-08-04 14:30,143,81,62,,,,,0,0,0,,,,
2026-08-04 14:45,183,104,79,,,,,0,0,0,,,,
2026-08-04 15:00,155,83,72,,,,,0,0,0,,,,
2026-08-04 15:15,166,104,62,,,,,0,0,0,,,,
2026-08-04 15:30,189,109,80,,,,,0,0,0,,,,
2026-08-04 15:45,223,138,85,,,,,0,0,0,,,,
2026-08-04 16:00,226,124,102,,,,,0,0,0,,,,
2026-08-04 16:15,237,126,111,,,,,0,0,0,,,,
2026-08-04 16:30,227,115,112,,,,,0,0,0,,,,
2026-08-04 16:45,232,130,102,,,,,0,0,0,,,,
2026-08-04 17:00,223,99,124,,,,,0,0,0,,,,
2026-08-04 17:15,256,128,128,,,,,0,0,0,,,,
2026-08-04 17:30,228,99,129,,,,,0,0,0,,,,
2026-08-04 17:45,243,112,131,,,,,0,0,0,,,,
2026-08-04 18:00,219,106,113,,,,,0,0,0,,,,
2026-08-04 18:15,210,104,106,,,,,0,0,0,,,,
2026-08-04 18:30,178,84,94,,,,,0,0,0,,,,
2026-08-04 18:45,186,95,91,,,,,0,0,0,,,,
2026-08-04 19:00,160,85,75,,,,,0,0,0,,,,
2026-08-04 19:15,129,60,69,,,,,0,0,0,,,,
2026-08-04 19:30,162,90,72,,,,,0,0,0,,,,
2026-08-04 19:45,178,73,105,,,,,0,0,0,,,,
2026-08-04 20:00,138,58,80,,,,,0,0,0,,,,
2026-08-04 20:15,132,58,74,,,,,0,0,0,,,,
2026-08-04 20:30,118,51,67,,,,,0,0,0,,,,
2026-08-04 20:45,105,54,51,,,,,0,0,0,,,,
2026-08-04 21:00,106,54,52,,,,,0,0,0,,,,
2026-08-04 21:15,87,51,36,,,,,0,0,0,,,,
2026-08-04 21:30,91,33,58,,,,,0,0,0,,,,
2026-08-04 21:45,89,43,46,,,,,0,0,0,,,,
2026-08-04 22:00,91,40,51,,,,,0,0,0,,,,
2026-08-04 22:15,62,33,29,,,,,0,0,0,,,,
2026-08-04 22:30,60,33,27,,,,,0,0,0,,,,
2026-08-04 22:45,53,23,30,,,,,0,0,0,,,,
2026-08-04 23:00,37,19,18,,,,,0,0,0,,,,
2026-08-04 23:15,27,12,15,,,,,0,0,0,,,,
2026-08-04 23:30,43,13,30,,,,,0,0,0,,,,
2026-08-04 23:45,71,43,28,,,,,0,0,0,,,,
2026-08-05 00:00,10,6,4,,,,,0,0,0,,,,
2026-08-05 00:15,16,2,14,,,,,0,0,0,,,,
2026-08-05 00:30,19,6,13,,,,,0,0,0,,,,
2026-08-05 00:45,7,4,3,,,,,0,0,0,,,,
2026-08-05 01:00,10,1,9,,,,,0,0,0,,,,
2026-08-05 01:15,5,2,3,,,,,0,0,0,,,,
2026-08-05 01:30,12,5,7,,,,,0,0,0,,,,
2026-08-05 01:45,2,1,1,,,,,0,0,0,,,,
2026-08-05 02:00,2,0,2,,,,,0,0,0,,,,
2026-08-05 02:15,4,1,3,,,,,0,0,0,,,,
2026-08-05 02:30,3,2,1,,,,,0,0,0,,,,
2026-08-05 02:45,0,0,0,,,,,0,0,0,,,,
2026-08-05 03:00,2,0,2,,,,,0,0,0,,,,
2026-08-05 03:15,4,2,2,,,,,0,0,0,,,,
2026-08-05 03:30,3,2,1,,,,,0,0,0,,,,
2026-08-05 03:45,3,0,3,,,,,0,0,0,,,,
2026-08-05 04:00,1,0,1,,,,,0,0,0,,,,
2026-08-05 04:15,2,0,2,,,,,0,0,0,,,,
2026-08-05 04:30,5,4,1,,,,,0,0,0,,,,
2026-08-05 04:45,11,5,6,,,,,0,0,0,,,,
2026-08-05 05:00,9,6,3,,,,,0,0,0,,,,
2026-08-05 05:15,11,4,7,,,,,0,0,0,,,,
2026-08-05 05:30,29,13,16,,,,,0,0,0,,,,
2026-08-05 05:45,47,20,27,,,,,0,0,0,,,,
2026-08-05 06:00,45,14,31,,,,,0,0,0,,,,
2026-08-05 06:15,71,32,39,,,,,0,0,0,,,,
2026-08-05 06:30,104,39,65,,,,,0,0,0,,,,
2026-08-05 06:45,131,50,81,,,,,0,0,0,,,,
2026-08-05 07:00,147,67,80,,,,,0,0,0,,,,
2026-08-05 07:15,162,62,100,,,,,0,0,0,,,,
2026-08-05 07:30,227,96,131,,,,,0,0,0,,,,
2026-08-05 07:45,215,116,99,,,,,0,0,0,,,,
2026-08-05 08:00,187,79,108,,,,,0,0,0,,,,
2026-08-05 08:15,179,92,87,,,,,0,0,0,,,,
2026-08-05 08:30,173,78,95,,,,,0,0,0,,,,
2026-08-05 08:45,196,87,109,,,,,0,0,0,,,,
2026-08-05 09:00,141,53,88,,,,,0,0,0,,,,
2026-08-05 09:15,133,67,66,,,,,0,0,0,,,,
2026-08-05 09:30,124,51,73,,,,,0,0,0,,,,
2026-08-05 09:45,177,89,88,,,,,0,0,0,,,,
2026-08-05 10:00,124,56,68,,,,,0,0,0,,,,
2026-08-05 10:15,103,47,56,,,,,0,0,0,,,,
2026-08-05 10:30,132,69,63,,,,,0,0,0,,,,
2026-08-05 10:45,125,60,65,,,,,0,0,0,,,,
2026-08-05 11:00,125,63,62,,,,,0,0,0,,,,
2026-08-05 11:15,144,77,67,,,,,0,0,0,,,,
2026-08-05 11:30,132,71,61,,,,,0,0,0,,,,
2026-08-05 11:45,162,74,88,,,,,0,0,0,,,,
2026-08-05 12:00,143,67,76,,,,,0,0,0,,,,
2026-08-05 12:15,149,63,86,,,,,0,0,0,,,,
2026-08-05 12:30,172,75,97,,,,,0,0,0,,,,
2026-08-05 12:45,145,73,72,,,,,0,0,0,,,,
2026-08-05 13:00,159,83,76,,,,,0,0,0,,,,
2026-08-05 13:15,160,72,88,,,,,0,0,0,,,,
2026-08-05 13:30,160,65,95,,,,,0,0,0,,,,
2026-08-05 13:45,198,110,88,,,,,0,0,0,,,,
2026-08-05 14:00,184,93,91,,,,,0,0,0,,,,
2026-08-05 14:15,161,91,70,,,,,0,0,0,,,,
2026-08-05 14:30,156,81,75,,,,,0,0,0,,,,
2026-08-05 14:45,206,117,89,,,,,0,0,0,,,,
2026-08-05 15:00,195,92,103,,,,,0,0,0,,,,
2026-08-05 15:15,211,125,86,,,,,0,0,0,,,,
2026-08-05 15:30,184,106,78,,,,,0,0,0,,,,
2026-08-05 15:45,232,145,87,,,,,0,0,0,,,,
2026-08-05 16:00,213,114,99,,,,,0,0,0,,,,
2026-08-05 16:15,255,141,114,,,,,0,0,0,,,,
2026-08-05 16:30,254,128,126,,,,,0,0,0,,,,
2026-08-05 16:45,295,146,149,,,,,0,0,0,,,,
2026-08-05 17:00,235,109,126,,,,,0,0,0,,,,
2026-08-05 17:15,239,130,109,,,,,0,0,0,,,,
2026-08-05 17:30,237,118,119,,,,,0,0,0,,,,
2026-08-05 17:45,272,120,152,,,,,0,0,0,,,,
2026-08-05 18:00,249,123,126,,,,,0,0,0,,,,
2026-08-05 18:15,236,123,113,,,,,0,0,0,,,,
2026-08-05 18:30,196,92,104,,,,,0,0,0,,,,
2026-08-05 18:45,241,109,132,,,,,0,0,0,,,,
2026-08-05 19:00,166,69,97,,,,,0,0,0,,,,
2026-08-05 19:15,175,80,95,,,,,0,0,0,,,,
2026-08-05 19:30,164,86,78,,,,,0,0,0,,,,
2026-08-05 19:45,153,64,89,,,,,0,0,0,,,,
2026-08-05 20:00,150,71,79,,,,,0,0,0,,,,
2026-08-05 20:15,135,54,81,,,,,0,0,0,,,,
2026-08-05 20:30,98,42,56,,,,,0,0,0,,,,
2026-08-05 20:45,141,65,76,,,,,0,0,0,,,,
2026-08-05 21:00,104,62,42,,,,,0,0,0,,,,
2026-08-05 21:15,109,62,47,,,,,0,0,0,,,,
2026-08-05 21:30,92,44,48,,,,,0,0,0,,,,
2026-08-05 21:45,95,49,46,,,,,0,0,0,,,,
2026-08-05 22:00,77,31,46,,,,,0,0,0,,,,
2026-08-05 22:15,61,22,39,,,,,0,0,0,,,,
2026-08-05 22:30,77,38,39,,,,,0,0,0,,,,
2026-08-05 22:45,60,23,37,,,,,0,0,0,,,,
2026-08-05 23:00,38,21,17,,,,,0,0,0,,,,
2026-08-05 23:15,30,9,21,,,,,0,0,0,,,,
2026-08-05 23:30,48,20,28,,,,,0,0,0,,,,
2026-08-05 23:45,28,16,12,,,,,0,0,0,,,,
2026-08-06 00:00,84,61,23,,,,,0,0,0,,,,
2026-08-06 00:15,20,11,9,,,,,0,0,0,,,,
2026-08-06 00:30,16,8,8,,,,,0,0,0,,,,
2026-08-06 00:45,17,11,6,,,,,0,0,0,,,,
2026-08-06 01:00,4,3,1,,,,,0,0,0,,,,
2026-08-06 01:15,13,3,10,,,,,0,0,0,,,,
2026-08-06 01:30,9,7,2,,,,,0,0,0,,,,
2026-08-06 01:45,7,2,5,,,,,0,0,0,,,,
2026-08-06 02:00,9,4,5,,,,,0,0,0,,,,
2026-08-06 02:15,3,1,2,,,,,0,0,0,,,,
2026-08-06 02:30,3,2,1,,,,,0,0,0,,,,
2026-08-06 02:45,4,1,3,,,,,0,0,0,,,,
2026-08-06 03:00,0,0,0,,,,,0,0,0,,,,
2026-08-06 03:15,1,1,0,,,,,0,0,0,,,,
2026-08-06 03:30,7,3,4,,,,,0,0,0,,,,
2026-08-06 03:45,2,2,0,,,,,0,0,0,,,,
2026-08-06 04:00,2,2,0,,,,,0,0,0,,,,
2026-08-06 04:15,5,2,3,,,,,0,0,0,,,,
2026-08-06 04:30,5,2,3,,,,,0,0,0,,,,
2026-08-06 04:45,7,2,5,,,,,0,0,0,,,,
2026-08-06 05:00,8,4,4,,,,,0,0,0,,,,
2026-08-06 05:15,15,6,9,,,,,0,0,0,,,,
2026-08-06 05:30,33,14,19,,,,,0,0,0,,,,
2026-08-06 05:45,45,22,23,,,,,0,0,0,,,,
2026-08-06 06:00,42,17,25,,,,,0,0,0,,,,
2026-08-06 06:15,68,29,39,,,,,0,0,0,,,,
2026-08-06 06:30,90,35,55,,,,,0,0,0,,,,
2026-08-06 06:45,129,54,75,,,,,0,0,0,,,,
2026-08-06 07:00,130,57,73,,,,,0,0,0,,,,
2026-08-06 07:15,149,69,80,,,,,0,0,0,,,,
2026-08-06 07:30,214,94,120,,,,,0,0,0,,,,
2026-08-06 07:45,208,116,92,,,,,0,0,0,,,,
2026-08-06 08:00,200,94,106,,,,,0,0,0,,,,
2026-08-06 08:15,167,89,78,,,,,0,0,0,,,,
2026-08-06 08:30,148,66,82,,,,,0,0,0,,,,
2026-08-06 08:45,158,67,91,,,,,0,0,0,,,,
2026-08-06 09:00,141,60,81,,,,,0,0,0,,,,
2026-08-06 09:15,157,71,86,,,,,0,0,0,,,,
2026-08-06 09:30,153,64,89,,,,,0,0,0,,,,
2026-08-06 09:45,157,74,83,,,,,0,0,0,,,,
2026-08-06 10:00,130,57,73,,,,,0,0,0,,,,
2026-08-06 10:15,115,55,60,,,,,0,0,0,,,,
2026-08-06 10:30,131,48,83,,,,,0,0,0,,,,
2026-08-06 10:45,119,63,56,,,,,0,0,0,,,,
2026-08-06 11:00,110,48,62,,,,,0,0,0,,,,
2026-08-06 11:15,132,53,79,,,,,0,0,0,,,,
2026-08-06 11:30,129,59,70,,,,,0,0,0,,,,
2026-08-06 11:45,133,67,66,,,,,0,0,0,,,,
2026-08-06 12:00,145,65,80,,,,,0,0,0,,,,
2026-08-06 12:15,180,60,120,,,,,0,0,0,,,,
2026-08-06 12:30,162,66,96,,,,,0,0,0,,,,
2026-08-06 12:45,159,66,93,,,,,0,0,0,,,,
2026-08-06 13:00,149,62,87,,,,,0,0,0,,,,
2026-08-06 13:15,147,68,79,,,,,0,0,0,,,,
2026-08-06 13:30,170,85,85,,,,,0,0,0,,,,
2026-08-06 13:45,163,88,75,,,,,0,0,0,,,,
2026-08-06 14:00,187,93,94,,,,,0,0,0,,,,
2026-08-06 14:15,189,110,79,,,,,0,0,0,,,,
2026-08-06 14:30,161,84,77,,,,,0,0,0,,,,
2026-08-06 14:45,189,100,89,,,,,0,0,0,,,,
2026-08-06 15:00,188,113,75,,,,,0,0,0,,,,
2026-08-06 15:15,234,135,99,,,,,0,0,0,,,,
2026-08-06 15:30,171,105,66,,,,,0,0,0,,,,
2026-08-06 15:45,255,157,98,,,,,0,0,0,,,,
2026-08-06 16:00,226,116,110,,,,,0,0,0,,,,
2026-08-06 16:15,268,141,127,,,,,0,0,0,,,,
2026-08-06 16:30,290,164,126,,,,,0,0,0,,,,
2026-08-06 16:45,276,170,106,,,,,0,0,0,,,,
2026-08-06 17:00,282,122,160,,,,,0,0,0,,,,
2026-08-06 17:15,256,147,109,,,,,0,0,0,,,,
2026-08-06 17:30,263,118,145,,,,,0,0,0,,,,
2026-08-06 17:45,284,128,156,,,,,0,0,0,,,,
2026-08-06 18:00,247,128,119,,,,,0,0,0,,,,
2026-08-06 18:15,220,96,124,,,,,0,0,0,,,,
2026-08-06 18:30,190,93,97,,,,,0,0,0,,,,
2026-08-06 18:45,203,102,101,,,,,0,0,0,,,,
2026-08-06 19:00,196,91,105,,,,,0,0,0,,,,
2026-08-06 19:15,174,91,83,,,,,0,0,0,,,,
2026-08-06 19:30,152,76,76,,,,,0,0,0,,,,
2026-08-06 19:45,169,84,85,,,,,0,0,0,,,,
2026-08-06 20:00,149,63,86,,,,,0,0,0,,,,
2026-08-06 20:15,127,58,69,,,,,0,0,0,,,,
2026-08-06 20:30,106,51,55,,,,,0,0,0,,,,
2026-08-06 20:45,124,65,59,,,,,0,0,0,,,,
2026-08-06 21:00,97,39,58,,,,,0,0,0,,,,
2026-08-06 21:15,82,41,41,,,,,0,0,0,,,,
2026-08-06 21:30,69,38,31,,,,,0,0,0,,,,
2026-08-06 21:45,77,37,40,,,,,0,0,0,,,,
2026-08-06 22:00,73,37,36,,,,,0,0,0,,,,
2026-08-06 22:15,72,33,39,,,,,0,0,0,,,,
2026-08-06 22:30,64,31,33,,,,,0,0,0,,,,
2026-08-06 22:45,52,22,30,,,,,0,0,0,,,,
2026-08-06 23:00,49,24,25,,,,,0,0,0,,,,
2026-08-06 23:15,26,11,15,,,,,0,0,0,,,,
2026-08-06 23:30,57,10,47,,,,,0,0,0,,,,
2026-08-06 23:45,35,16,19,,,,,0,0,0,,,,
2026-08-07 00:00,24,16,8,,,,,0,0,0,,,,
2026-08-07 00:15,51,42,9,,,,,0,0,0,,,,
2026-08-07 00:30,21,11,10,,,,,0,0,0,,,,
2026-08-07 00:45,10,1,9,,,,,0,0,0,,,,
2026-08-07 01:00,8,5,3,,,,,0,0,0,,,,
2026-08-07 01:15,8,2,6,,,,,0,0,0,,,,
2026-08-07 01:30,6,2,4,,,,,0,0,0,,,,
2026-08-07 01:45,13,5,8,,,,,0,0,0,,,,
2026-08-07 02:00,4,2,2,,,,,0,0,0,,,,
2026-08-07 02:15,2,0,2,,,,,0,0,0,,,,
2026-08-07 02:30,3,1,2,,,,,0,0,0,,,,
2026-08-07 02:45,2,1,1,,,,,0,0,0,,,,
2026-08-07 03:00,2,1,1,,,,,0,0,0,,,,
2026-08-07 03:15,2,0,2,,,,,0,0,0,,,,
2026-08-07 03:30,0,0,0,,,,,0,0,0,,,,
2026-08-07 03:45,0,0,0,,,,,0,0,0,,,,
2026-08-07 04:00,2,1,1,,,,,0,0,0,,,,
2026-08-07 04:15,2,0,2,,,,,0,0,0,,,,
2026-08-07 04:30,7,3,4,,,,,0,0,0,,,,
2026-08-07 04:45,7,4,3,,,,,0,0,0,,,,
2026-08-07 05:00,7,4,3,,,,,0,0,0,,,,
2026-08-07 05:15,10,5,5,,,,,0,0,0,,,,
2026-08-07 05:30,41,17,24,,,,,0,0,0,,,,
2026-08-07 05:45,36,14,22,,,,,0,0,0,,,,
2026-08-07 06:00,35,16,19,,,,,0,0,0,,,,
2026-08-07 06:15,60,25,35,,,,,0,0,0,,,,
2026-08-07 06:30,68,20,48,,,,,0,0,0,,,,
2026-08-07 06:45,88,45,43,,,,,0,0,0,,,,
2026-08-07 07:00,96,36,60,,,,,0,0,0,,,,
2026-08-07 07:15,123,46,77,,,,,0,0,0,,,,
2026-08-07 07:30,184,50,134,,,,,0,0,0,,,,
2026-08-07 07:45,177,85,92,,,,,0,0,0,,,,
2026-08-07 08:00,154,63,91,,,,,0,0,0,,,,
2026-08-07 08:15,126,66,60,,,,,0,0,0,,,,
2026-08-07 08:30,137,58,79,,,,,0,0,0,,,,
2026-08-07 08:45,150,69,81,,,,,0,0,0,,,,
2026-08-07 09:00,105,58,47,,,,,0,0,0,,,,
2026-08-07 09:15,131,60,71,,,,,0,0,0,,,,
2026-08-07 09:30,84,30,54,,,,,0,0,0,,,,
2026-08-07 09:45,152,69,83,,,,,0,0,0,,,,
2026-08-07 10:00,106,48,58,,,,,0,0,0,,,,
2026-08-07 10:15,123,58,65,,,,,0,0,0,,,,
2026-08-07 10:30,112,46,66,,,,,0,0,0,,,,
2026-08-07 10:45,128,64,64,,,,,0,0,0,,,,
2026-08-07 11:00,107,56,51,,,,,0,0,0,,,,
2026-08-07 11:15,97,56,41,,,,,0,0,0,,,,
2026-08-07 11:30,144,87,57,,,,,0,0,0,,,,
2026-08-07 11:45,153,75,78,,,,,0,0,0,,,,
2026-08-07 12:00,162,75,87,,,,,0,0,0,,,,
2026-08-07 12:15,158,86,72,,,,,0,0,0,,,,
2026-08-07 12:30,153,74,79,,,,,0,0,0,,,,
2026-08-07 12:45,167,77,90,,,,,0,0,0,,,,
2026-08-07 13:00,170,91,79,,,,,0,0,0,,,,
2026-08-07 13:15,189,102,87,,,,,0,0,0,,,,
2026-08-07 13:30,172,96,76,,,,,0,0,0,,,,
2026-08-07 13:45,221,133,88,,,,,0,0,0,,,,
2026-08-07 14:00,199,103,96,,,,,0,0,0,,,,
2026-08-07 14:15,188,96,92,,,,,0,0,0,,,,
2026-08-07 14:30,208,123,85,,,,,0,0,0,,,,
2026-08-07 14:45,203,102,101,,,,,0,0,0,,,,
2026-08-07 15:00,172,81,91,,,,,0,0,0,,,,
2026-08-07 15:15,203,112,91,,,,,0,0,0,,,,
2026-08-07 15:30,188,93,95,,,,,0,0,0,,,,
2026-08-07 15:45,186,101,85,,,,,0,0,0,,,,
2026-08-07 16:00,213,115,98,,,,,0,0,0,,,,
2026-08-07 16:15,191,113,78,,,,,0,0,0,,,,
2026-08-07 16:30,153,85,68,,,,,0,0,0,,,,
2026-08-07 16:45,198,110,88,,,,,0,0,0,,,,
2026-08-07 17:00,177,88,89,,,,,0,0,0,,,,
2026-08-07 17:15,199,101,98,,,,,0,0,0,,,,
2026-08-07 17:30,170,82,88,,,,,0,0,0,,,,
2026-08-07 17:45,194,112,82,,,,,0,0,0,,,,
2026-08-07 18:00,197,107,90,,,,,0,0,0,,,,
2026-08-07 18:15,166,80,86,,,,,0,0,0,,,,
2026-08-07 18:30,187,109,78,,,,,0,0,0,,,,
2026-08-07 18:45,169,90,79,,,,,0,0,0,,,,
2026-08-07 19:00,152,85,67,,,,,0,0,0,,,,
2026-08-07 19:15,131,72,59,,,,,0,0,0,,,,
2026-08-07 19:30,116,59,57,,,,,0,0,0,,,,
2026-08-07 19:45,137,67,70,,,,,0,0,0,,,,
2026-08-07 20:00,132,59,73,,,,,0,0,0,,,,
2026-08-07 20:15,92,51,41,,,,,0,0,0,,,,
2026-08-07 20:30,90,46,44,,,,,0,0,0,,,,
2026-08-07 20:45,83,37,46,,,,,0,0,0,,,,
2026-08-07 21:00,76,42,34,,,,,0,0,0,,,,
2026-08-07 21:15,70,44,26,,,,,0,0,0,,,,
2026-08-07 21:30,81,41,40,,,,,0,0,0,,,,
2026-08-07 21:45,89,39,50,,,,,0,0,0,,,,
2026-08-07 22:00,93,30,63,,,,,0,0,0,,,,
2026-08-07 22:15,71,24,47,,,,,0,0,0,,,,
2026-08-07 22:30,62,29,33,,,,,0,0,0,,,,
2026-08-07 22:45,43,21,22,,,,,0,0,0,,,,
2026-08-07 23:00,43,26,17,,,,,0,0,0,,,,
2026-08-07 23:15,52,19,33,,,,,0,0,0,,,,
2026-08-07 23:30,35,11,24,,,,,0,0,0,,,,
2026-08-07 23:45,78,37,41,,,,,0,0,0,,,,
2026-08-08 00:00,54,20,34,,,,,0,0,0,,,,
2026-08-08 00:15,31,15,16,,,,,0,0,0,,,,
2026-08-08 00:30,34,20,14,,,,,0,0,0,,,,
2026-08-08 00:45,28,18,10,,,,,0,0,0,,,,
2026-08-08 01:00,24,12,12,,,,,0,0,0,,,,
2026-08-08 01:15,19,8,11,,,,,0,0,0,,,,
2026-08-08 01:30,16,8,8,,,,,0,0,0,,,,
2026-08-08 01:45,20,8,12,,,,,0,0,0,,,,
2026-08-08 02:00,23,5,18,,,,,0,0,0,,,,
2026-08-08 02:15,24,9,15,,,,,0,0,0,,,,
2026-08-08 02:30,18,2,16,,,,,0,0,0,,,,
2026-08-08 02:45,22,10,12,,,,,0,0,0,,,,
2026-08-08 03:00,11,2,9,,,,,0,0,0,,,,
2026-08-08 03:15,13,3,10,,,,,0,0,0,,,,
2026-08-08 03:30,18,1,17,,,,,0,0,0,,,,
2026-08-08 03:45,6,1,5,,,,,0,0,0,,,,
2026-08-08 04:00,14,2,12,,,,,0,0,0,,,,
2026-08-08 04:15,10,1,9,,,,,0,0,0,,,,
2026-08-08 04:30,6,2,4,,,,,0,0,0,,,,
2026-08-08 04:45,6,0,6,,,,,0,0,0,,,,
2026-08-08 05:00,17,7,10,,,,,0,0,0,,,,
2026-08-08 05:15,6,2,4,,,,,0,0,0,,,,
2026-08-08 05:30,26,11,15,,,,,0,0,0,,,,
2026-08-08 05:45,11,7,4,,,,,0,0,0,,,,
2026-08-08 06:00,11,2,9,,,,,0,0,0,,,,
2026-08-08 06:15,9,3,6,,,,,0,0,0,,,,
2026-08-08 06:30,16,12,4,,,,,0,0,0,,,,
2026-08-08 06:45,19,13,6,,,,,0,0,0,,,,
2026-08-08 07:00,12,10,2,,,,,0,0,0,,,,
2026-08-08 07:15,11,6,5,,,,,0,0,0,,,,
2026-08-08 07:30,33,15,18,,,,,0,0,0,,,,
2026-08-08 07:45,28,16,12,,,,,0,0,0,,,,
2026-08-08 08:00,24,17,7,,,,,0,0,0,,,,
2026-08-08 08:15,24,14,10,,,,,0,0,0,,,,
2026-08-08 08:30,39,23,16,,,,,0,0,0,,,,
2026-08-08 08:45,65,37,28,,,,,0,0,0,,,,
2026-08-08 09:00,63,31,32,,,,,0,0,0,,,,
2026-08-08 09:15,58,43,15,,,,,0,0,0,,,,
2026-08-08 09:30,81,45,36,,,,,0,0,0,,,,
2026-08-08 09:45,111,47,64,,,,,0,0,0,,,,
2026-08-08 10:00,84,49,35,,,,,0,0,0,,,,
2026-08-08 10:15,94,53,41,,,,,0,0,0,,,,
2026-08-08 10:30,122,58,64,,,,,0,0,0,,,,
2026-08-08 10:45,135,63,72,,,,,0,0,0,,,,
2026-08-08 11:00,116,67,49,,,,,0,0,0,,,,
2026-08-08 11:15,139,74,65,,,,,0,0,0,,,,
2026-08-08 11:30,121,61,60,,,,,0,0,0,,,,
2026-08-08 11:45,131,71,60,,,,,0,0,0,,,,
2026-08-08 12:00,128,56,72,,,,,0,0,0,,,,
2026-08-08 12:15,183,93,90,,,,,0,0,0,,,,
2026-08-08 12:30,153,73,80,,,,,0,0,0,,,,
2026-08-08 12:45,138,73,65,,,,,0,0,0,,,,
2026-08-08 13:00,161,86,75,,,,,0,0,0,,,,
2026-08-08 13:15,149,72,77,,,,,0,0,0,,,,
2026-08-08 13:30,145,80,65,,,,,0,0,0,,,,
2026-08-08 13:45,187,96,91,,,,,0,0,0,,,,
2026-08-08 14:00,146,74,72,,,,,0,0,0,,,,
2026-08-08 14:15,195,94,101,,,,,0,0,0,,,,
2026-08-08 14:30,179,97,82,,,,,0,0,0,,,,
2026-08-08 14:45,168,78,90,,,,,0,0,0,,,,
2026-08-08 15:00,148,81,67,,,,,0,0,0,,,,
2026-08-08 15:15,186,101,85,,,,,0,0,0,,,,
2026-08-08 15:30,171,86,85,,,,,0,0,0,,,,
2026-08-08 15:45,194,113,81,,,,,0,0,0,,,,
2026-08-08 16:00,156,66,90,,,,,0,0,0,,,,
2026-08-08 16:15,175,110,65,,,,,0,0,0,,,,
2026-08-08 16:30,182,119,63,,,,,0,0,0,,,,
2026-08-08 16:45,134,64,70,,,,,0,0,0,,,,
2026-08-08 17:00,162,78,84,,,,,0,0,0,,,,
2026-08-08 17:15,163,94,69,,,,,0,0,0,,,,
2026-08-08 17:30,167,92,75,,,,,0,0,0,,,,
2026-08-08 17:45,155,64,91,,,,,0,0,0,,,,
2026-08-08 18:00,168,71,97,,,,,0,0,0,,,,
2026-08-08 18:15,173,91,82,,,,,0,0,0,,,,
2026-08-08 18:30,157,81,76,,,,,0,0,0,,,,
2026-08-08 18:45,159,83,76,,,,,0,0,0,,,,
2026-08-08 19:00,148,66,82,,,,,0,0,0,,,,
2026-08-08 19:15,147,56,91,,,,,0,0,0,,,,
2026-08-08 19:30,136,67,69,,,,,0,0,0,,,,
2026-08-08 19:45,138,58,80,,,,,0,0,0,,,,
2026-08-08 20:00,139,63,76,,,,,0,0,0,,,,
2026-08-08 20:15,126,57,69,,,,,0,0,0,,,,
2026-08-08 20:30,113,50,63,,,,,0,0,0,,,,
2026-08-08 20:45,117,54,63,,,,,0,0,0,,,,
2026-08-08 21:00,112,62,50,,,,,0,0,0,,,,
2026-08-08 21:15,97,60,37,,,,,0,0,0,,,,
2026-08-08 21:30,85,50,35,,,,,0,0,0,,,,
2026-08-08 21:45,78,36,42,,,,,0,0,0,,,,
2026-08-08 22:00,125,73,52,,,,,0,0,0,,,,
2026-08-08 22:15,79,49,30,,,,,0,0,0,,,,
2026-08-08 22:30,74,41,33,,,,,0,0,0,,,,
2026-08-08 22:45,57,32,25,,,,,0,0,0,,,,
2026-08-08 23:00,43,19,24,,,,,0,0,0,,,,
2026-08-08 23:15,47,28,19,,,,,0,0,0,,,,
2026-08-08 23:30,49,19,30,,,,,0,0,0,,,,
2026-08-08 23:45,80,41,39,,,,,0,0,0,,,,
2026-08-09 00:00,76,55,21,,,,,0,0,0,,,,
2026-08-09 00:15,39,11,28,,,,,0,0,0,,,,
2026-08-09 00:30,28,5,23,,,,,0,0,0,,,,
2026-08-09 00:45,43,18,25,,,,,0,0,0,,,,
2026-08-09 01:00,46,15,31,,,,,0,0,0,,,,
2026-08-09 01:15,18,8,10,,,,,0,0,0,,,,
2026-08-09 01:30,22,6,16,,,,,0,0,0,,,,
2026-08-09 01:45,21,10,11,,,,,0,0,0,,,,
2026-08-09 02:00,26,11,15,,,,,0,0,0,,,,
2026-08-09 02:15,20,5,15,,,,,0,0,0,,,,
2026-08-09 02:30,20,5,15,,,,,0,0,0,,,,
2026-08-09 02:45,18,9,9,,,,,0,0,0,,,,
2026-08-09 03:00,14,6,8,,,,,0,0,0,,,,
2026-08-09 03:15,11,6,5,,,,,0,0,0,,,,
2026-08-09 03:30,16,5,11,,,,,0,0,0,,,,
2026-08-09 03:45,10,1,9,,,,,0,0,0,,,,
2026-08-09 04:00,7,1,6,,,,,0,0,0,,,,
2026-08-09 04:15,10,3,7,,,,,0,0,0,,,,
2026-08-09 04:30,3,3,0,,,,,0,0,0,,,,
2026-08-09 04:45,4,1,3,,,,,0,0,0,,,,
2026-08-09 05:00,15,1,14,,,,,0,0,0,,,,
2026-08-09 05:15,10,2,8,,,,,0,0,0,,,,
2026-08-09 05:30,25,7,18,,,,,0,0,0,,,,
2026-08-09 05:45,11,5,6,,,,,0,0,0,,,,
2026-08-09 06:00,10,4,6,,,,,0,0,0,,,,
2026-08-09 06:15,12,3,9,,,,,0,0,0,,,,
2026-08-09 06:30,18,9,9,,,,,0,0,0,,,,
2026-08-09 06:45,14,8,6,,,,,0,0,0,,,,
2026-08-09 07:00,6,2,4,,,,,0,0,0,,,,
2026-08-09 07:15,11,6,5,,,,,0,0,0,,,,
2026-08-09 07:30,15,7,8,,,,,0,0,0,,,,
2026-08-09 07:45,27,17,10,,,,,0,0,0,,,,
2026-08-09 08:00,18,8,10,,,,,0,0,0,,,,
2026-08-09 08:15,23,8,15,,,,,0,0,0,,,,
2026-08-09 08:30,31,16,15,,,,,0,0,0,,,,
2026-08-09 08:45,42,22,20,,,,,0,0,0,,,,
2026-08-09 09:00,33,15,18,,,,,0,0,0,,,,
2026-08-09 09:15,56,25,31,,,,,0,0,0,,,,
2026-08-09 09:30,65,30,35,,,,,0,0,0,,,,
2026-08-09 09:45,83,34,49,,,,,0,0,0,,,,
2026-08-09 10:00,90,43,47,,,,,0,0,0,,,,
2026-08-09 10:15,77,37,40,,,,,0,0,0,,,,
2026-08-09 10:30,83,33,50,,,,,0,0,0,,,,
2026-08-09 10:45,101,53,48,,,,,0,0,0,,,,
2026-08-09 11:00,78,42,36,,,,,0,0,0,,,,
2026-08-09 11:15,136,71,65,,,,,0,0,0,,,,
2026-08-09 11:30,117,60,57,,,,,0,0,0,,,,
2026-08-09 11:45,109,49,60,,,,,0,0,0,,,,
2026-08-09 12:00,136,68,68,,,,,0,0,0,,,,
2026-08-09 12:15,114,57,57,,,,,0,0,0,,,,
2026-08-09 12:30,123,68,55,,,,,0,0,0,,,,
2026-08-09 12:45,149,79,70,,,,,0,0,0,,,,
2026-08-09 13:00,99,47,52,,,,,0,0,0,,,,
2026-08-09 13:15,131,77,54,,,,,0,0,0,,,,
2026-08-09 13:30,153,84,69,,,,,0,0,0,,,,
2026-08-09 13:45,139,70,69,,,,,0,0,0,,,,
2026-08-09 14:00,104,51,53,,,,,0,0,0,,,,
2026-08-09 14:15,150,79,71,,,,,0,0,0,,,,
2026-08-09 14:30,166,84,82,,,,,0,0,0,,,,
2026-08-09 14:45,163,87,76,,,,,0,0,0,,,,
2026-08-09 15:00,151,76,75,,,,,0,0,0,,,,
2026-08-09 15:15,116,57,59,,,,,0,0,0,,,,
2026-08-09 15:30,110,60,50,,,,,0,0,0,,,,
2026-08-09 15:45,144,85,59,,,,,0,0,0,,,,
2026-08-09 16:00,109,63,46,,,,,0,0,0,,,,
2026-08-09 16:15,135,63,72,,,,,0,0,0,,,,
2026-08-09 16:30,131,62,69,,,,,0,0,0,,,,
2026-08-09 16:45,122,43,79,,,,,0,0,0,,,,
2026-08-09 17:00,159,71,88,,,,,0,0,0,,,,
2026-08-09 17:15,170,93,77,,,,,0,0,0,,,,
2026-08-09 17:30,144,67,77,,,,,0,0,0,,,,
2026-08-09 17:45,152,85,67,,,,,0,0,0,,,,
2026-08-09 18:00,137,71,66,,,,,0,0,0,,,,
2026-08-09 18:15,103,56,47,,,,,0,0,0,,,,
2026-08-09 18:30,120,64,56,,,,,0,0,0,,,,
2026-08-09 18:45,125,61,64,,,,,0,0,0,,,,
2026-08-09 19:00,113,57,56,,,,,0,0,0,,,,
2026-08-09 19:15,102,33,69,,,,,0,0,0,,,,
2026-08-09 19:30,107,57,50,,,,,0,0,0,,,,
2026-08-09 19:45,124,57,67,,,,,0,0,0,,,,
2026-08-09 20:00,89,38,51,,,,,0,0,0,,,,
2026-08-09 20:15,99,41,58,,,,,0,0,0,,,,
2026-08-09 20:30,80,38,42,,,,,0,0,0,,,,
2026-08-09 20:45,64,32,32,,,,,0,0,0,,,,
2026-08-09 21:00,53,27,26,,,,,0,0,0,,,,
2026-08-09 21:15,59,20,39,,,,,0,0,0,,,,
2026-08-09 21:30,78,40,38,,,,,0,0,0,,,,
2026-08-09 21:45,50,24,26,,,,,0,0,0,,,,
2026-08-09 22:00,55,24,31,,,,,0,0,0,,,,
2026-08-09 22:15,50,14,36,,,,,0,0,0,,,,
2026-08-09 22:30,48,7,41,,,,,0,0,0,,,,
2026-08-09 22:45,26,2,24,,,,,0,0,0,,,,
2026-08-09 23:00,32,13,19,,,,,0,0,0,,,,
2026-08-09 23:15,35,12,23,,,,,0,0,0,,,,
2026-08-09 23:30,21,5,16,,,,,0,0,0,,,,
2026-08-09 23:45,19,5,14,,,,,0,0,0,,,,
2026-08-10 00:00,8,1,7,,,,,0,0,0,,,,
2026-08-10 00:15,10,2,8,,,,,0,0,0,,,,
2026-08-10 00:30,4,0,4,,,,,0,0,0,,,,
2026-08-10 00:45,7,3,4,,,,,0,0,0,,,,
2026-08-10 01:00,3,2,1,,,,,0,0,0,,,,
2026-08-10 01:15,4,4,0,,,,,0,0,0,,,,
2026-08-10 01:30,2,2,0,,,,,0,0,0,,,,
2026-08-10 01:45,3,0,3,,,,,0,0,0,,,,
2026-08-10 02:00,3,3,0,,,,,0,0,0,,,,
2026-08-10 02:15,0,0,0,,,,,0,0,0,,,,
2026-08-10 02:30,2,1,1,,,,,0,0,0,,,,
2026-08-10 02:45,1,1,0,,,,,0,0,0,,,,
2026-08-10 03:00,1,0,1,,,,,0,0,0,,,,
2026-08-10 03:15,0,0,0,,,,,0,0,0,,,,
2026-08-10 03:30,1,0,1,,,,,0,0,0,,,,
2026-08-10 03:45,1,1,0,,,,,0,0,0,,,,
2026-08-10 04:00,0,0,0,,,,,0,0,0,,,,
2026-08-10 04:15,3,1,2,,,,,0,0,0,,,,
2026-08-10 04:30,3,2,1,,,,,0,0,0,,,,
2026-08-10 04:45,10,3,7,,,,,0,0,0,,,,
2026-08-10 05:00,9,7,2,,,,,0,0,0,,,,
2026-08-10 05:15,15,5,10,,,,,0,0,0,,,,
2026-08-10 05:30,26,7,19,,,,,0,0,0,,,,
2026-08-10 05:45,39,20,19,,,,,0,0,0,,,,
2026-08-10 06:00,23,11,12,,,,,0,0,0,,,,
2026-08-10 06:15,66,29,37,,,,,0,0,0,,,,
2026-08-10 06:30,96,34,62,,,,,0,0,0,,,,
2026-08-10 06:45,131,68,63,,,,,0,0,0,,,,
2026-08-10 07:00,134,57,77,,,,,0,0,0,,,,
2026-08-10 07:15,163,66,97,,,,,0,0,0,,,,
2026-08-10 07:30,230,95,135,,,,,0,0,0,,,,
2026-08-10 07:45,218,103,115,,,,,0,0,0,,,,
2026-08-10 08:00,189,90,99,,,,,0,0,0,,,,
2026-08-10 08:15,163,88,75,,,,,0,0,0,,,,
2026-08-10 08:30,183,75,108,,,,,0,0,0,,,,
2026-08-10 08:45,158,68,90,,,,,0,0,0,,,,
2026-08-10 09:00,155,50,105,,,,,0,0,0,,,,
2026-08-10 09:15,118,60,58,,,,,0,0,0,,,,
2026-08-10 09:30,121,39,82,,,,,0,0,0,,,,
2026-08-10 09:45,137,70,67,,,,,0,0,0,,,,
2026-08-10 10:00,143,87,56,,,,,0,0,0,,,,
2026-08-10 10:15,116,75,41,,,,,0,0,0,,,,
2026-08-10 10:30,135,65,70,,,,,0,0,0,,,,
2026-08-10 10:45,146,73,73,,,,,0,0,0,,,,
2026-08-10 11:00,123,47,76,,,,,0,0,0,,,,
2026-08-10 11:15,124,75,49,,,,,0,0,0,,,,
2026-08-10 11:30,120,49,71,,,,,0,0,0,,,,
2026-08-10 11:45,171,77,94,,,,,0,0,0,,,,
2026-08-10 12:00,117,61,56,,,,,0,0,0,,,,
2026-08-10 12:15,136,63,73,,,,,0,0,0,,,,
2026-08-10 12:30,134,63,71,,,,,0,0,0,,,,
2026-08-10 12:45,164,81,83,,,,,0,0,0,,,,
2026-08-10 13:00,163,77,86,,,,,0,0,0,,,,
2026-08-10 13:15,144,73,71,,,,,0,0,0,,,,
2026-08-10 13:30,135,64,71,,,,,0,0,0,,,,
2026-08-10 13:45,161,90,71,,,,,0,0,0,,,,
2026-08-10 14:00,141,79,62,,,,,0,0,0,,,,
2026-08-10 14:15,173,88,85,,,,,0,0,0,,,,
2026-08-10 14:30,178,89,89,,,,,0,0,0,,,,
2026-08-10 14:45,202,116,86,,,,,0,0,0,,,,
2026-08-10 15:00,147,70,77,,,,,0,0,0,,,,
2026-08-10 15:15,197,103,94,,,,,0,0,0,,,,
2026-08-10 15:30,211,114,97,,,,,0,0,0,,,,
2026-08-10 15:45,252,145,107,,,,,0,0,0,,,,
2026-08-10 16:00,242,145,97,,,,,0,0,0,,,,
2026-08-10 16:15,231,130,101,,,,,0,0,0,,,,
2026-08-10 16:30,213,111,102,,,,,0,0,0,,,,
2026-08-10 16:45,283,168,115,,,,,0,0,0,,,,
2026-08-10 17:00,253,125,128,,,,,0,0,0,,,,
2026-08-10 17:15,271,133,138,,,,,0,0,0,,,,
2026-08-10 17:30,261,114,147,,,,,0,0,0,,,,
2026-08-10 17:45,255,107,148,,,,,0,0,0,,,,
2026-08-10 18:00,243,104,139,,,,,0,0,0,,,,
2026-08-10 18:15,236,95,141,,,,,0,0,0,,,,
2026-08-10 18:30,174,80,94,,,,,0,0,0,,,,
2026-08-10 18:45,206,93,113,,,,,0,0,0,,,,
2026-08-10 19:00,187,83,104,,,,,0,0,0,,,,
2026-08-10 19:15,115,58,57,,,,,0,0,0,,,,
2026-08-10 19:30,135,69,66,,,,,0,0,0,,,,
2026-08-10 19:45,141,71,70,,,,,0,0,0,,,,
2026-08-10 20:00,133,57,76,,,,,0,0,0,,,,
2026-08-10 20:15,126,56,70,,,,,0,0,0,,,,
2026-08-10 20:30,112,51,61,,,,,0,0,0,,,,
2026-08-10 20:45,91,58,33,,,,,0,0,0,,,,
2026-08-10 21:00,90,40,50,,,,,0,0,0,,,,
2026-08-10 21:15,85,46,39,,,,,0,0,0,,,,
2026-08-10 21:30,86,50,36,,,,,0,0,0,,,,
2026-08-10 21:45,59,25,34,,,,,0,0,0,,,,
2026-08-10 22:00,56,25,31,,,,,0,0,0,,,,
2026-08-10 22:15,55,24,31,,,,,0,0,0,,,,
2026-08-10 22:30,43,15,28,,,,,0,0,0,,,,
2026-08-10 22:45,51,10,41,,,,,0,0,0,,,,
2026-08-10 23:00,39,9,30,,,,,0,0,0,,,,
2026-08-10 23:15,30,12,18,,,,,0,0,0,,,,
2026-08-10 23:30,29,12,17,,,,,0,0,0,,,,
2026-08-10 23:45,38,27,11,,,,,0,0,0,,,,
2026-08-11 00:00,49,34,15,,,,,0,0,0,,,,
2026-08-11 00:15,7,4,3,,,,,0,0,0,,,,
2026-08-11 00:30,6,3,3,,,,,0,0,0,,,,
2026-08-11 00:45,10,4,6,,,,,0,0,0,,,,
2026-08-11 01:00,7,0,7,,,,,0,0,0,,,,
2026-08-11 01:15,7,4,3,,,,,0,0,0,,,,
2026-08-11 01:30,5,1,4,,,,,0,0,0,,,,
2026-08-11 01:45,4,2,2,,,,,0,0,0,,,,
2026-08-11 02:00,0,0,0,,,,,0,0,0,,,,
2026-08-11 02:15,0,0,0,,,,,0,0,0,,,,
2026-08-11 02:30,1,1,0,,,,,0,0,0,,,,
2026-08-11 02:45,0,0,0,,,,,0,0,0,,,,
2026-08-11 03:00,3,1,2,,,,,0,0,0,,,,
2026-08-11 03:15,2,1,1,,,,,0,0,0,,,,
2026-08-11 03:30,2,1,1,,,,,0,0,0,,,,
2026-08-11 03:45,0,0,0,,,,,0,0,0,,,,
2026-08-11 04:00,0,0,0,,,,,0,0,0,,,,
2026-08-11 04:15,2,0,2,,,,,0,0,0,,,,
2026-08-11 04:30,6,3,3,,,,,0,0,0,,,,
2026-08-11 04:45,8,3,5,,,,,0,0,0,,,,
2026-08-11 05:00,7,5,2,,,,,0,0,0,,,,
2026-08-11 05:15,15,4,11,,,,,0,0,0,,,,
2026-08-11 05:30,32,11,21,,,,,0,0,0,,,,
2026-08-11 05:45,34,13,21,,,,,0,0,0,,,,
2026-08-11 06:00,51,24,27,,,,,0,0,0,,,,
2026-08-11 06:15,57,26,31,,,,,0,0,0,,,,
2026-08-11 06:30,107,47,60,,,,,0,0,0,,,,
2026-08-11 06:45,151,65,86,,,,,0,0,0,,,,
2026-08-11 07:00,145,59,86,,,,,0,0,0,,,,
2026-08-11 07:15,168,77,91,,,,,0,0,0,,,,
2026-08-11 07:30,245,104,141,,,,,0,0,0,,,,
2026-08-11 07:45,240,115,125,,,,,0,0,0,,,,
2026-08-11 08:00,198,87,111,,,,,0,0,0,,,,
2026-08-11 08:15,203,112,91,,,,,0,0,0,,,,
2026-08-11 08:30,174,83,91,,,,,0,0,0,,,,
2026-08-11 08:45,218,95,123,,,,,0,0,0,,,,
2026-08-11 09:00,119,55,64,,,,,0,0,0,,,,
2026-08-11 09:15,115,59,56,,,,,0,0,0,,,,
2026-08-11 09:30,138,64,74,,,,,0,0,0,,,,
2026-08-11 09:45,156,76,80,,,,,0,0,0,,,,
2026-08-11 10:00,106,55,51,,,,,0,0,0,,,,
2026-08-11 10:15,116,49,67,,,,,0,0,0,,,,
2026-08-11 10:30,150,62,88,,,,,0,0,0,,,,
2026-08-11 10:45,122,63,59,,,,,0,0,0,,,,
2026-08-11 11:00,105,46,59,,,,,0,0,0,,,,
2026-08-11 11:15,117,55,62,,,,,0,0,0,,,,
2026-08-11 11:30,137,66,71,,,,,0,0,0,,,,
2026-08-11 11:45,166,60,106,,,,,0,0,0,,,,
2026-08-11 12:00,157,68,89,,,,,0,0,0,,,,
2026-08-11 12:15,156,64,92,,,,,0,0,0,,,,
2026-08-11 12:30,141,62,79,,,,,0,0,0,,,,
2026-08-11 12:45,163,78,85,,,,,0,0,0,,,,
2026-08-11 13:00,155,70,85,,,,,0,0,0,,,,
2026-08-11 13:15,183,96,87,,,,,0,0,0,,,,
2026-08-11 13:30,157,70,87,,,,,0,0,0,,,,
2026-08-11 13:45,168,91,77,,,,,0,0,0,,,,
2026-08-11 14:00,163,76,87,,,,,0,0,0,,,,
2026-08-11 14:15,181,96,85,,,,,0,0,0,,,,
2026-08-11 14:30,153,76,77,,,,,0,0,0,,,,
2026-08-11 14:45,188,97,91,,,,,0,0,0,,,,
2026-08-11 15:00,202,117,85,,,,,0,0,0,,,,
2026-08-11 15:15,226,134,92,,,,,0,0,0,,,,
2026-08-11 15:30,223,123,100,,,,,0,0,0,,,,
2026-08-11 15:45,265,147,118,,,,,0,0,0,,,,
2026-08-11 16:00,258,140,118,,,,,0,0,0,,,,
2026-08-11 16:15,284,161,123,,,,,0,0,0,,,,
2026-08-11 16:30,264,151,113,,,,,0,0,0,,,,
2026-08-11 16:45,300,158,142,,,,,0,0,0,,,,
2026-08-11 17:00,277,128,149,,,,,0,0,0,,,,
2026-08-11 17:15,292,139,153,,,,,0,0,0,,,,
2026-08-11 17:30,271,126,145,,,,,0,0,0,,,,
2026-08-11 17:45,299,155,144,,,,,0,0,0,,,,
2026-08-11 18:00,229,99,130,,,,,0,0,0,,,,
2026-08-11 18:15,254,113,141,,,,,0,0,0,,,,
2026-08-11 18:30,204,106,98,,,,,0,0,0,,,,
2026-08-11 18:45,235,112,123,,,,,0,0,0,,,,
2026-08-11 19:00,205,96,109,,,,,0,0,0,,,,
2026-08-11 19:15,193,95,98,,,,,0,0,0,,,,
2026-08-11 19:30,180,87,93,,,,,0,0,0,,,,
2026-08-11 19:45,148,64,84,,,,,0,0,0,,,,
2026-08-11 20:00,187,78,109,,,,,0,0,0,,,,
2026-08-11 20:15,152,69,83,,,,,0,0,0,,,,
2026-08-11 20:30,118,55,63,,,,,0,0,0,,,,
2026-08-11 20:45,111,57,54,,,,,0,0,0,,,,
2026-08-11 21:00,109,50,59,,,,,0,0,0,,,,
2026-08-11 21:15,80,43,37,,,,,0,0,0,,,,
2026-08-11 21:30,93,55,38,,,,,0,0,0,,,,
2026-08-11 21:45,73,36,37,,,,,0,0,0,,,,
2026-08-11 22:00,85,42,43,,,,,0,0,0,,,,
2026-08-11 22:15,69,33,36,,,,,0,0,0,,,,
2026-08-11 22:30,81,32,49,,,,,0,0,0,,,,
2026-08-11 22:45,44,17,27,,,,,0,0,0,,,,
2026-08-11 23:00,36,14,22,,,,,0,0,0,,,,
2026-08-11 23:15,23,7,16,,,,,0,0,0,,,,
2026-08-11 23:30,88,76,12,,,,,0,0,0,,,,
2026-08-11 23:45,18,12,6,,,,,0,0,0,,,,
2026-08-12 00:00,22,4,18,,,,,0,0,0,,,,
2026-08-12 00:15,17,4,13,,,,,0,0,0,,,,
2026-08-12 00:30,10,5,5,,,,,0,0,0,,,,
2026-08-12 00:45,7,2,5,,,,,0,0,0,,,,
2026-08-12 01:00,10,4,6,,,,,0,0,0,,,,
2026-08-12 01:15,7,2,5,,,,,0,0,0,,,,
2026-08-12 01:30,5,4,1,,,,,0,0,0,,,,
2026-08-12 01:45,10,2,8,,,,,0,0,0,,,,
2026-08-12 02:00,3,1,2,,,,,0,0,0,,,,
2026-08-12 02:15,2,0,2,,,,,0,0,0,,,,
2026-08-12 02:30,2,2,0,,,,,0,0,0,,,,
2026-08-12 02:45,1,1,0,,,,,0,0,0,,,,
2026-08-12 03:00,4,2,2,,,,,0,0,0,,,,
2026-08-12 03:15,1,1,0,,,,,0,0,0,,,,
2026-08-12 03:30,1,1,0,,,,,0,0,0,,,,
2026-08-12 03:45,0,0,0,,,,,0,0,0,,,,
2026-08-12 04:00,1,1,0,,,,,0,0,0,,,,
2026-08-12 04:15,4,2,2,,,,,0,0,0,,,,
2026-08-12 04:30,5,2,3,,,,,0,0,0,,,,
2026-08-12 04:45,12,7,5,,,,,0,0,0,,,,
2026-08-12 05:00,4,2,2,,,,,0,0,0,,,,
2026-08-12 05:15,11,5,6,,,,,0,0,0,,,,
2026-08-12 05:30,37,13,24,,,,,0,0,0,,,,
2026-08-12 05:45,32,18,14,,,,,0,0,0,,,,
2026-08-12 06:00,53,21,32,,,,,0,0,0,,,,
2026-08-12 06:15,58,27,31,,,,,0,0,0,,,,
2026-08-12 06:30,91,31,60,,,,,0,0,0,,,,
2026-08-12 06:45,125,52,73,,,,,0,0,0,,,,
2026-08-12 07:00,143,65,78,,,,,0,0,0,,,,
2026-08-12 07:15,168,77,91,,,,,0,0,0,,,,
2026-08-12 07:30,232,105,127,,,,,0,0,0,,,,
2026-08-12 07:45,256,133,123,,,,,0,0,0,,,,
2026-08-12 08:00,180,88,92,,,,,0,0,0,,,,
2026-08-12 08:15,188,102,86,,,,,0,0,0,,,,
2026-08-12 08:30,171,85,86,,,,,0,0,0,,,,
2026-08-12 08:45,209,100,109,,,,,0,0,0,,,,
2026-08-12 09:00,146,64,82,,,,,0,0,0,,,,
2026-08-12 09:15,119,59,60,,,,,0,0,0,,,,
2026-08-12 09:30,110,49,61,,,,,0,0,0,,,,
2026-08-12 09:45,158,72,86,,,,,0,0,0,,,,
2026-08-12 10:00,112,62,50,,,,,0,0,0,,,,
2026-08-12 10:15,131,68,63,,,,,0,0,0,,,,
2026-08-12 10:30,138,58,80,,,,,0,0,0,,,,
2026-08-12 10:45,141,69,72,,,,,0,0,0,,,,
2026-08-12 11:00,125,68,57,,,,,0,0,0,,,,
2026-08-12 11:15,166,82,84,,,,,0,0,0,,,,
2026-08-12 11:30,130,62,68,,,,,0,0,0,,,,
2026-08-12 11:45,159,65,94,,,,,0,0,0,,,,
2026-08-12 12:00,176,84,92,,,,,0,0,0,,,,
2026-08-12 12:15,175,79,96,,,,,0,0,0,,,,
2026-08-12 12:30,206,68,138,,,,,0,0,0,,,,
2026-08-12 12:45,160,76,84,,,,,0,0,0,,,,
2026-08-12 13:00,193,96,97,,,,,0,0,0,,,,
2026-08-12 13:15,152,66,86,,,,,0,0,0,,,,
2026-08-12 13:30,174,85,89,,,,,0,0,0,,,,
2026-08-12 13:45,186,100,86,,,,,0,0,0,,,,
2026-08-12 14:00,179,88,91,,,,,0,0,0,,,,
2026-08-12 14:15,174,70,104,,,,,0,0,0,,,,
2026-08-12 14:30,178,91,87,,,,,0,0,0,,,,
2026-08-12 14:45,197,109,88,,,,,0,0,0,,,,
2026-08-12 15:00,204,103,101,,,,,0,0,0,,,,
2026-08-12 15:15,249,143,106,,,,,0,0,0,,,,
2026-08-12 15:30,188,125,63,,,,,0,0,0,,,,
2026-08-12 15:45,261,143,118,,,,,0,0,0,,,,
2026-08-12 16:00,231,133,98,,,,,0,0,0,,,,
2026-08-12 16:15,253,129,124,,,,,0,0,0,,,,
2026-08-12 16:30,224,116,108,,,,,0,0,0,,,,
2026-08-12 16:45,268,147,121,,,,,0,0,0,,,,
2026-08-12 17:00,269,143,126,,,,,0,0,0,,,,
2026-08-12 17:15,246,110,136,,,,,0,0,0,,,,
2026-08-12 17:30,274,110,164,,,,,0,0,0,,,,
2026-08-12 17:45,282,119,163,,,,,0,0,0,,,,
2026-08-12 18:00,225,95,130,,,,,0,0,0,,,,
2026-08-12 18:15,273,94,179,,,,,0,0,0,,,,
2026-08-12 18:30,289,126,163,,,,,0,0,0,,,,
2026-08-12 18:45,282,97,185,,,,,0,0,0,,,,
2026-08-12 19:00,261,85,176,,,,,0,0,0,,,,
2026-08-12 19:15,216,82,134,,,,,0,0,0,,,,
2026-08-12 19:30,157,66,91,,,,,0,0,0,,,,
2026-08-12 19:45,161,48,113,,,,,0,0,0,,,,
2026-08-12 20:00,170,56,114,,,,,0,0,0,,,,
2026-08-12 20:15,207,142,65,,,,,0,0,0,,,,
2026-08-12 20:30,196,145,51,,,,,0,0,0,,,,
2026-08-12 20:45,178,119,59,,,,,0,0,0,,,,
2026-08-12 21:00,158,93,65,,,,,0,0,0,,,,
2026-08-12 21:15,150,109,41,,,,,0,0,0,,,,
2026-08-12 21:30,139,78,61,,,,,0,0,0,,,,
2026-08-12 21:45,110,70,40,,,,,0,0,0,,,,
2026-08-12 22:00,120,66,54,,,,,0,0,0,,,,
2026-08-12 22:15,74,32,42,,,,,0,0,0,,,,
2026-08-12 22:30,72,26,46,,,,,0,0,0,,,,
2026-08-12 22:45,58,32,26,,,,,0,0,0,,,,
2026-08-12 23:00,44,23,21,,,,,0,0,0,,,,
2026-08-12 23:15,67,47,20,,,,,0,0,0,,,,
2026-08-12 23:30,38,22,16,,,,,0,0,0,,,,
2026-08-12 23:45,31,17,14,,,,,0,0,0,,,,
2026-08-13 00:00,38,14,24,,,,,0,0,0,,,,
2026-08-13 00:15,25,12,13,,,,,0,0,0,,,,
2026-08-13 00:30,12,3,9,,,,,0,0,0,,,,
2026-08-13 00:45,16,1,15,,,,,0,0,0,,,,
2026-08-13 01:00,19,12,7,,,,,0,0,0,,,,
2026-08-13 01:15,15,7,8,,,,,0,0,0,,,,
2026-08-13 01:30,7,2,5,,,,,0,0,0,,,,
2026-08-13 01:45,9,0,9,,,,,0,0,0,,,,
2026-08-13 02:00,11,9,2,,,,,0,0,0,,,,
2026-08-13 02:15,7,5,2,,,,,0,0,0,,,,
2026-08-13 02:30,10,5,5,,,,,0,0,0,,,,
2026-08-13 02:45,8,3,5,,,,,0,0,0,,,,
2026-08-13 03:00,3,1,2,,,,,0,0,0,,,,
2026-08-13 03:15,4,3,1,,,,,0,0,0,,,,
2026-08-13 03:30,1,1,0,,,,,0,0,0,,,,
2026-08-13 03:45,1,1,0,,,,,0,0,0,,,,
2026-08-13 04:00,4,1,3,,,,,0,0,0,,,,
2026-08-13 04:15,9,6,3,,,,,0,0,0,,,,
2026-08-13 04:30,6,3,3,,,,,0,0,0,,,,
2026-08-13 04:45,6,3,3,,,,,0,0,0,,,,
2026-08-13 05:00,5,4,1,,,,,0,0,0,,,,
2026-08-13 05:15,16,3,13,,,,,0,0,0,,,,
2026-08-13 05:30,31,12,19,,,,,0,0,0,,,,
2026-08-13 05:45,45,16,29,,,,,0,0,0,,,,
2026-08-13 06:00,42,14,28,,,,,0,0,0,,,,
2026-08-13 06:15,59,27,32,,,,,0,0,0,,,,
2026-08-13 06:30,88,34,54,,,,,0,0,0,,,,
2026-08-13 06:45,112,53,59,,,,,0,0,0,,,,
2026-08-13 07:00,133,59,74,,,,,0,0,0,,,,
2026-08-13 07:15,172,74,98,,,,,0,0,0,,,,
2026-08-13 07:30,203,80,123,,,,,0,0,0,,,,
2026-08-13 07:45,218,101,117,,,,,0,0,0,,,,
2026-08-13 08:00,188,91,97,,,,,0,0,0,,,,
2026-08-13 08:15,159,87,72,,,,,0,0,0,,,,
2026-08-13 08:30,175,80,95,,,,,0,0,0,,,,
2026-08-13 08:45,179,83,96,,,,,0,0,0,,,,
2026-08-13 09:00,119,53,66,,,,,0,0,0,,,,
2026-08-13 09:15,122,58,64,,,,,0,0,0,,,,
2026-08-13 09:30,137,56,81,,,,,0,0,0,,,,
2026-08-13 09:45,141,70,71,,,,,0,0,0,,,,
2026-08-13 10:00,131,69,62,,,,,0,0,0,,,,
2026-08-13 10:15,92,49,43,,,,,0,0,0,,,,
2026-08-13 10:30,125,72,53,,,,,0,0,0,,,,
2026-08-13 10:45,125,70,55,,,,,0,0,0,,,,
2026-08-13 11:00,129,63,66,,,,,0,0,0,,,,
2026-08-13 11:15,126,52,74,,,,,0,0,0,,,,
2026-08-13 11:30,127,56,71,,,,,0,0,0,,,,
2026-08-13 11:45,154,76,78,,,,,0,0,0,,,,
2026-08-13 12:00,149,66,83,,,,,0,0,0,,,,
2026-08-13 12:15,161,69,92,,,,,0,0,0,,,,
2026-08-13 12:30,184,85,99,,,,,0,0,0,,,,
2026-08-13 12:45,186,80,106,,,,,0,0,0,,,,
2026-08-13 13:00,159,76,83,,,,,0,0,0,,,,
2026-08-13 13:15,159,82,77,,,,,0,0,0,,,,
2026-08-13 13:30,148,71,77,,,,,0,0,0,,,,
2026-08-13 13:45,153,88,65,,,,,0,0,0,,,,
2026-08-13 14:00,130,59,71,,,,,0,0,0,,,,
2026-08-13 14:15,178,106,72,,,,,0,0,0,,,,
2026-08-13 14:30,149,83,66,,,,,0,0,0,,,,
2026-08-13 14:45,203,124,79,,,,,0,0,0,,,,
2026-08-13 15:00,173,105,68,,,,,0,0,0,,,,
2026-08-13 15:15,212,144,68,,,,,0,0,0,,,,
2026-08-13 15:30,188,120,68,,,,,0,0,0,,,,
2026-08-13 15:45,235,120,115,,,,,0,0,0,,,,
2026-08-13 16:00,237,134,103,,,,,0,0,0,,,,
2026-08-13 16:15,244,155,89,,,,,0,0,0,,,,
2026-08-13 16:30,235,127,108,,,,,0,0,0,,,,
2026-08-13 16:45,222,117,105,,,,,0,0,0,,,,
2026-08-13 17:00,240,135,105,,,,,0,0,0,,,,
2026-08-13 17:15,210,114,96,,,,,0,0,0,,,,
2026-08-13 17:30,231,99,132,,,,,0,0,0,,,,
2026-08-13 17:45,228,110,118,,,,,0,0,0,,,,
2026-08-13 18:00,179,76,103,,,,,0,0,0,,,,
2026-08-13 18:15,205,91,114,,,,,0,0,0,,,,
2026-08-13 18:30,202,86,116,,,,,0,0,0,,,,
2026-08-13 18:45,179,83,96,,,,,0,0,0,,,,
2026-08-13 19:00,173,76,97,,,,,0,0,0,,,,
2026-08-13 19:15,182,106,76,,,,,0,0,0,,,,
2026-08-13 19:30,143,64,79,,,,,0,0,0,,,,
2026-08-13 19:45,188,63,125,,,,,0,0,0,,,,
2026-08-13 20:00,146,51,95,,,,,0,0,0,,,,
2026-08-13 20:15,127,61,66,,,,,0,0,0,,,,
2026-08-13 20:30,125,64,61,,,,,0,0,0,,,,
2026-08-13 20:45,127,56,71,,,,,0,0,0,,,,
2026-08-13 21:00,102,48,54,,,,,0,0,0,,,,
2026-08-13 21:15,108,46,62,,,,,0,0,0,,,,
2026-08-13 21:30,87,47,40,,,,,0,0,0,,,,
2026-08-13 21:45,96,49,47,,,,,0,0,0,,,,
2026-08-13 22:00,74,31,43,,,,,0,0,0,,,,
2026-08-13 22:15,70,36,34,,,,,0,0,0,,,,
2026-08-13 22:30,45,28,17,,,,,0,0,0,,,,
2026-08-13 22:45,54,17,37,,,,,0,0,0,,,,
2026-08-13 23:00,56,19,37,,,,,0,0,0,,,,
2026-08-13 23:15,51,15,36,,,,,0,0,0,,,,
2026-08-13 23:30,36,8,28,,,,,0,0,0,,,,
2026-08-13 23:45,32,15,17,,,,,0,0,0,,,,
2026-08-14 00:00,88,70,18,,,,,0,0,0,,,,
2026-08-14 00:15,29,20,9,,,,,0,0,0,,,,
2026-08-14 00:30,19,5,14,,,,,0,0,0,,,,
2026-08-14 00:45,16,7,9,,,,,0,0,0,,,,
2026-08-14 01:00,11,6,5,,,,,0,0,0,,,,
2026-08-14 01:15,4,2,2,,,,,0,0,0,,,,
2026-08-14 01:30,6,2,4,,,,,0,0,0,,,,
2026-08-14 01:45,9,2,7,,,,,0,0,0,,,,
2026-08-14 02:00,4,1,3,,,,,0,0,0,,,,
2026-08-14 02:15,1,1,0,,,,,0,0,0,,,,
2026-08-14 02:30,1,0,1,,,,,0,0,0,,,,
2026-08-14 02:45,2,1,1,,,,,0,0,0,,,,
2026-08-14 03:00,2,1,1,,,,,0,0,0,,,,
2026-08-14 03:15,4,4,0,,,,,0,0,0,,,,
2026-08-14 03:30,4,0,4,,,,,0,0,0,,,,
2026-08-14 03:45,2,1,1,,,,,0,0,0,,,,
2026-08-14 04:00,4,1,3,,,,,0,0,0,,,,
2026-08-14 04:15,3,2,1,,,,,0,0,0,,,,
2026-08-14 04:30,16,6,10,,,,,0,0,0,,,,
2026-08-14 04:45,5,3,2,,,,,0,0,0,,,,
2026-08-14 05:00,9,6,3,,,,,0,0,0,,,,
2026-08-14 05:15,15,4,11,,,,,0,0,0,,,,
2026-08-14 05:30,28,11,17,,,,,0,0,0,,,,
2026-08-14 05:45,36,16,20,,,,,0,0,0,,,,
2026-08-14 06:00,34,12,22,,,,,0,0,0,,,,
2026-08-14 06:15,58,23,35,,,,,0,0,0,,,,
2026-08-14 06:30,62,16,46,,,,,0,0,0,,,,
2026-08-14 06:45,98,41,57,,,,,0,0,0,,,,
2026-08-14 07:00,106,37,69,,,,,0,0,0,,,,
2026-08-14 07:15,126,48,78,,,,,0,0,0,,,,
2026-08-14 07:30,158,60,98,,,,,0,0,0,,,,
2026-08-14 07:45,173,92,81,,,,,0,0,0,,,,
2026-08-14 08:00,142,69,73,,,,,0,0,0,,,,
2026-08-14 08:15,149,73,76,,,,,0,0,0,,,,
2026-08-14 08:30,122,56,66,,,,,0,0,0,,,,
2026-08-14 08:45,145,72,73,,,,,0,0,0,,,,
2026-08-14 09:00,103,45,58,,,,,0,0,0,,,,
2026-08-14 09:15,114,61,53,,,,,0,0,0,,,,
2026-08-14 09:30,118,51,67,,,,,0,0,0,,,,
2026-08-14 09:45,131,58,73,,,,,0,0,0,,,,
2026-08-14 10:00,122,71,51,,,,,0,0,0,,,,
2026-08-14 10:15,112,61,51,,,,,0,0,0,,,,
2026-08-14 10:30,120,64,56,,,,,0,0,0,,,,
2026-08-14 10:45,138,65,73,,,,,0,0,0,,,,
2026-08-14 11:00,102,46,56,,,,,0,0,0,,,,
2026-08-14 11:15,128,65,63,,,,,0,0,0,,,,
2026-08-14 11:30,127,58,69,,,,,0,0,0,,,,
2026-08-14 11:45,136,73,63,,,,,0,0,0,,,,
2026-08-14 12:00,130,69,61,,,,,0,0,0,,,,
2026-08-14 12:15,177,99,78,,,,,0,0,0,,,,
2026-08-14 12:30,137,63,74,,,,,0,0,0,,,,
2026-08-14 12:45,138,77,61,,,,,0,0,0,,,,
2026-08-14 13:00,170,91,79,,,,,0,0,0,,,,
2026-08-14 13:15,171,76,95,,,,,0,0,0,,,,
2026-08-14 13:30,143,68,75,,,,,0,0,0,,,,
2026-08-14 13:45,148,79,69,,,,,0,0,0,,,,
2026-08-14 14:00,168,90,78,,,,,0,0,0,,,,
2026-08-14 14:15,168,102,66,,,,,0,0,0,,,,
2026-08-14 14:30,139,84,55,,,,,0,0,0,,,,
2026-08-14 14:45,148,88,60,,,,,0,0,0,,,,
2026-08-14 15:00,151,86,65,,,,,0,0,0,,,,
2026-08-14 15:15,172,98,74,,,,,0,0,0,,,,
2026-08-14 15:30,172,103,69,,,,,0,0,0,,,,
2026-08-14 15:45,155,91,64,,,,,0,0,0,,,,
2026-08-14 16:00,172,95,77,,,,,0,0,0,,,,
2026-08-14 16:15,174,104,70,,,,,0,0,0,,,,
2026-08-14 16:30,144,71,73,,,,,0,0,0,,,,
2026-08-14 16:45,151,72,79,,,,,0,0,0,,,,
2026-08-14 17:00,159,78,81,,,,,0,0,0,,,,
2026-08-14 17:15,161,78,83,,,,,0,0,0,,,,
2026-08-14 17:30,144,80,64,,,,,0,0,0,,,,
2026-08-14 17:45,129,63,66,,,,,0,0,0,,,,
2026-08-14 18:00,130,53,77,,,,,0,0,0,,,,
2026-08-14 18:15,149,78,71,,,,,0,0,0,,,,
2026-08-14 18:30,132,55,77,,,,,0,0,0,,,,
2026-08-14 18:45,191,90,101,,,,,0,0,0,,,,
2026-08-14 19:00,154,74,80,,,,,0,0,0,,,,
2026-08-14 19:15,141,53,88,,,,,0,0,0,,,,
2026-08-14 19:30,105,57,48,,,,,0,0,0,,,,
2026-08-14 19:45,163,63,100,,,,,0,0,0,,,,
2026-08-14 20:00,142,60,82,,,,,0,0,0,,,,
2026-08-14 20:15,145,64,81,,,,,0,0,0,,,,
2026-08-14 20:30,99,40,59,,,,,0,0,0,,,,
2026-08-14 20:45,97,41,56,,,,,0,0,0,,,,
2026-08-14 21:00,110,53,57,,,,,0,0,0,,,,
2026-08-14 21:15,98,43,55,,,,,0,0,0,,,,
2026-08-14 21:30,97,41,56,,,,,0,0,0,,,,
2026-08-14 21:45,86,32,54,,,,,0,0,0,,,,
2026-08-14 22:00,79,44,35,,,,,0,0,0,,,,
2026-08-14 22:15,90,53,37,,,,,0,0,0,,,,
2026-08-14 22:30,61,32,29,,,,,0,0,0,,,,
2026-08-14 22:45,51,27,24,,,,,0,0,0,,,,
2026-08-14 23:00,61,28,33,,,,,0,0,0,,,,
2026-08-14 23:15,60,22,38,,,,,0,0,0,,,,
2026-08-14 23:30,52,22,30,,,,,0,0,0,,,,
2026-08-14 23:45,81,54,27,,,,,0,0,0,,,,
2026-08-15 00:00,100,78,22,,,,,0,0,0,,,,
2026-08-15 00:15,39,12,27,,,,,0,0,0,,,,
2026-08-15 00:30,29,18,11,,,,,0,0,0,,,,
2026-08-15 00:45,46,13,33,,,,,0,0,0,,,,
2026-08-15 01:00,41,7,34,,,,,0,0,0,,,,
2026-08-15 01:15,22,6,16,,,,,0,0,0,,,,
2026-08-15 01:30,15,5,10,,,,,0,0,0,,,,
2026-08-15 01:45,18,6,12,,,,,0,0,0,,,,
2026-08-15 02:00,19,5,14,,,,,0,0,0,,,,
2026-08-15 02:15,24,15,9,,,,,0,0,0,,,,
2026-08-15 02:30,11,5,6,,,,,0,0,0,,,,
2026-08-15 02:45,5,0,5,,,,,0,0,0,,,,
2026-08-15 03:00,10,4,6,,,,,0,0,0,,,,
2026-08-15 03:15,13,7,6,,,,,0,0,0,,,,
2026-08-15 03:30,11,2,9,,,,,0,0,0,,,,
2026-08-15 03:45,5,0,5,,,,,0,0,0,,,,
2026-08-15 04:00,4,2,2,,,,,0,0,0,,,,
2026-08-15 04:15,15,3,12,,,,,0,0,0,,,,
2026-08-15 04:30,9,2,7,,,,,0,0,0,,,,
2026-08-15 04:45,10,3,7,,,,,0,0,0,,,,
2026-08-15 05:00,11,6,5,,,,,0,0,0,,,,
2026-08-15 05:15,9,0,9,,,,,0,0,0,,,,
2026-08-15 05:30,21,10,11,,,,,0,0,0,,,,
2026-08-15 05:45,28,1,27,,,,,0,0,0,,,,
2026-08-15 06:00,31,5,26,,,,,0,0,0,,,,
2026-08-15 06:15,26,7,19,,,,,0,0,0,,,,
2026-08-15 06:30,34,11,23,,,,,0,0,0,,,,
2026-08-15 06:45,33,9,24,,,,,0,0,0,,,,
2026-08-15 07:00,35,8,27,,,,,0,0,0,,,,
2026-08-15 07:15,34,8,26,,,,,0,0,0,,,,
2026-08-15 07:30,55,13,42,,,,,0,0,0,,,,
2026-08-15 07:45,59,13,46,,,,,0,0,0,,,,
2026-08-15 08:00,78,21,57,,,,,0,0,0,,,,
2026-08-15 08:15,79,19,60,,,,,0,0,0,,,,
2026-08-15 08:30,113,30,83,,,,,0,0,0,,,,
2026-08-15 08:45,122,28,94,,,,,0,0,0,,,,
2026-08-15 09:00,94,33,61,,,,,0,0,0,,,,
2026-08-15 09:15,137,52,85,,,,,0,0,0,,,,
2026-08-15 09:30,115,43,72,,,,,0,0,0,,,,
2026-08-15 09:45,159,69,90,,,,,0,0,0,,,,
2026-08-15 10:00,150,64,86,,,,,0,0,0,,,,
2026-08-15 10:15,171,71,100,,,,,0,0,0,,,,
2026-08-15 10:30,180,90,90,,,,,0,0,0,,,,
2026-08-15 10:45,207,105,102,,,,,0,0,0,,,,
2026-08-15 11:00,204,101,103,,,,,0,0,0,,,,
2026-08-15 11:15,170,81,89,,,,,0,0,0,,,,
2026-08-15 11:30,168,82,86,,,,,0,0,0,,,,
2026-08-15 11:45,176,83,93,,,,,0,0,0,,,,
2026-08-15 12:00,203,95,108,,,,,0,0,0,,,,
2026-08-15 12:15,225,88,137,,,,,0,0,0,,,,
2026-08-15 12:30,215,99,116,,,,,0,0,0,,,,
2026-08-15 12:45,280,107,173,,,,,0,0,0,,,,
2026-08-15 13:00,245,99,146,,,,,0,0,0,,,,
2026-08-15 13:15,209,105,104,,,,,0,0,0,,,,
2026-08-15 13:30,226,132,94,,,,,0,0,0,,,,
2026-08-15 13:45,226,139,87,,,,,0,0,0,,,,
2026-08-15 14:00,206,117,89,,,,,0,0,0,,,,
2026-08-15 14:15,192,99,93,,,,,0,0,0,,,,
2026-08-15 14:30,201,110,91,,,,,0,0,0,,,,
2026-08-15 14:45,196,113,83,,,,,0,0,0,,,,
2026-08-15 15:00,179,115,64,,,,,0,0,0,,,,
2026-08-15 15:15,173,116,57,,,,,0,0,0,,,,
2026-08-15 15:30,194,125,69,,,,,0,0,0,,,,
2026-08-15 15:45,168,112,56,,,,,0,0,0,,,,
2026-08-15 16:00,193,114,79,,,,,0,0,0,,,,
2026-08-15 16:15,184,99,85,,,,,0,0,0,,,,
2026-08-15 16:30,175,73,102,,,,,0,0,0,,,,
2026-08-15 16:45,155,86,69,,,,,0,0,0,,,,
2026-08-15 17:00,121,48,73,,,,,0,0,0,,,,
2026-08-15 17:15,114,50,64,,,,,0,0,0,,,,
2026-08-15 17:30,114,59,55,,,,,0,0,0,,,,
2026-08-15 17:45,90,51,39,,,,,0,0,0,,,,
2026-08-15 18:00,105,54,51,,,,,0,0,0,,,,
2026-08-15 18:15,86,42,44,,,,,0,0,0,,,,
2026-08-15 18:30,102,63,39,,,,,0,0,0,,,,
2026-08-15 18:45,99,56,43,,,,,0,0,0,,,,
2026-08-15 19:00,94,54,40,,,,,0,0,0,,,,
2026-08-15 19:15,84,53,31,,,,,0,0,0,,,,
2026-08-15 19:30,73,47,26,,,,,0,0,0,,,,
2026-08-15 19:45,76,34,42,,,,,0,0,0,,,,
2026-08-15 20:00,90,49,41,,,,,0,0,0,,,,
2026-08-15 20:15,85,53,32,,,,,0,0,0,,,,
2026-08-15 20:30,68,38,30,,,,,0,0,0,,,,
2026-08-15 20:45,72,28,44,,,,,0,0,0,,,,
2026-08-15 21:00,61,31,30,,,,,0,0,0,,,,
2026-08-15 21:15,80,38,42,,,,,0,0,0,,,,
2026-08-15 21:30,43,25,18,,,,,0,0,0,,,,
2026-08-15 21:45,57,30,27,,,,,0,0,0,,,,
2026-08-15 22:00,51,30,21,,,,,0,0,0,,,,
2026-08-15 22:15,40,13,27,,,,,0,0,0,,,,
2026-08-15 22:30,40,23,17,,,,,0,0,0,,,,
2026-08-15 22:45,54,11,43,,,,,0,0,0,,,,
2026-08-15 23:00,48,26,22,,,,,0,0,0,,,,
2026-08-15 23:15,40,21,19,,,,,0,0,0,,,,
2026-08-15 23:30,39,18,21,,,,,0,0,0,,,,
2026-08-15 23:45,50,35,15,,,,,0,0,0,,,,
2026-08-16 00:00,45,28,17,,,,,0,0,0,,,,
2026-08-16 00:15,27,10,17,,,,,0,0,0,,,,
2026-08-16 00:30,33,12,21,,,,,0,0,0,,,,
2026-08-16 00:45,21,7,14,,,,,0,0,0,,,,
2026-08-16 01:00,31,12,19,,,,,0,0,0,,,,
2026-08-16 01:15,25,6,19,,,,,0,0,0,,,,
2026-08-16 01:30,23,7,16,,,,,0,0,0,,,,
2026-08-16 01:45,13,2,11,,,,,0,0,0,,,,
2026-08-16 02:00,22,4,18,,,,,0,0,0,,,,
2026-08-16 02:15,14,1,13,,,,,0,0,0,,,,
2026-08-16 02:30,11,1,10,,,,,0,0,0,,,,
2026-08-16 02:45,21,2,19,,,,,0,0,0,,,,
2026-08-16 03:00,17,2,15,,,,,0,0,0,,,,
2026-08-16 03:15,17,8,9,,,,,0,0,0,,,,
2026-08-16 03:30,16,3,13,,,,,0,0,0,,,,
2026-08-16 03:45,13,0,13,,,,,0,0,0,,,,
2026-08-16 04:00,14,0,14,,,,,0,0,0,,,,
2026-08-16 04:15,11,1,10,,,,,0,0,0,,,,
2026-08-16 04:30,8,1,7,,,,,0,0,0,,,,
2026-08-16 04:45,5,0,5,,,,,0,0,0,,,,
2026-08-16 05:00,7,1,6,,,,,0,0,0,,,,
2026-08-16 05:15,10,3,7,,,,,0,0,0,,,,
2026-08-16 05:30,12,5,7,,,,,0,0,0,,,,
2026-08-16 05:45,12,4,8,,,,,0,0,0,,,,
2026-08-16 06:00,6,2,4,,,,,0,0,0,,,,
2026-08-16 06:15,5,0,5,,,,,0,0,0,,,,
2026-08-16 06:30,14,7,7,,,,,0,0,0,,,,
2026-08-16 06:45,13,7,6,,,,,0,0,0,,,,
2026-08-16 07:00,9,4,5,,,,,0,0,0,,,,
2026-08-16 07:15,13,7,6,,,,,0,0,0,,,,
2026-08-16 07:30,10,3,7,,,,,0,0,0,,,,
2026-08-16 07:45,11,6,5,,,,,0,0,0,,,,
2026-08-16 08:00,15,10,5,,,,,0,0,0,,,,
2026-08-16 08:15,19,9,10,,,,,0,0,0,,,,
2026-08-16 08:30,24,10,14,,,,,0,0,0,,,,
2026-08-16 08:45,39,18,21,,,,,0,0,0,,,,
2026-08-16 09:00,33,15,18,,,,,0,0,0,,,,
2026-08-16 09:15,46,30,16,,,,,0,0,0,,,,
2026-08-16 09:30,59,21,38,,,,,0,0,0,,,,
2026-08-16 09:45,79,31,48,,,,,0,0,0,,,,
2026-08-16 10:00,91,41,50,,,,,0,0,0,,,,
2026-08-16 10:15,72,37,35,,,,,0,0,0,,,,
2026-08-16 10:30,87,34,53,,,,,0,0,0,,,,
2026-08-16 10:45,73,33,40,,,,,0,0,0,,,,
2026-08-16 11:00,86,42,44,,,,,0,0,0,,,,
2026-08-16 11:15,111,46,65,,,,,0,0,0,,,,
2026-08-16 11:30,96,49,47,,,,,0,0,0,,,,
2026-08-16 11:45,99,49,50,,,,,0,0,0,,,,
2026-08-16 12:00,121,67,54,,,,,0,0,0,,,,
2026-08-16 12:15,103,48,55,,,,,0,0,0,,,,
2026-08-16 12:30,87,38,49,,,,,0,0,0,,,,
2026-08-16 12:45,132,61,71,,,,,0,0,0,,,,
2026-08-16 13:00,143,69,74,,,,,0,0,0,,,,
2026-08-16 13:15,137,71,66,,,,,0,0,0,,,,
2026-08-16 13:30,126,77,49,,,,,0,0,0,,,,
2026-08-16 13:45,163,87,76,,,,,0,0,0,,,,
2026-08-16 14:00,176,79,97,,,,,0,0,0,,,,
2026-08-16 14:15,139,61,78,,,,,0,0,0,,,,
2026-08-16 14:30,134,74,60,,,,,0,0,0,,,,
2026-08-16 14:45,153,74,79,,,,,0,0,0,,,,
2026-08-16 15:00,157,82,75,,,,,0,0,0,,,,
2026-08-16 15:15,181,81,100,,,,,0,0,0,,,,
2026-08-16 15:30,166,79,87,,,,,0,0,0,,,,
2026-08-16 15:45,173,74,99,,,,,0,0,0,,,,
2026-08-16 16:00,152,62,90,,,,,0,0,0,,,,
2026-08-16 16:15,162,89,73,,,,,0,0,0,,,,
2026-08-16 16:30,150,67,83,,,,,0,0,0,,,,
2026-08-16 16:45,153,72,81,,,,,0,0,0,,,,
2026-08-16 17:00,145,66,79,,,,,0,0,0,,,,
2026-08-16 17:15,149,76,73,,,,,0,0,0,,,,
2026-08-16 17:30,167,93,74,,,,,0,0,0,,,,
2026-08-16 17:45,161,90,71,,,,,0,0,0,,,,
2026-08-16 18:00,130,83,47,,,,,0,0,0,,,,
2026-08-16 18:15,136,74,62,,,,,0,0,0,,,,
2026-08-16 18:30,123,74,49,,,,,0,0,0,,,,
2026-08-16 18:45,123,61,62,,,,,0,0,0,,,,
2026-08-16 19:00,108,47,61,,,,,0,0,0,,,,
2026-08-16 19:15,135,62,73,,,,,0,0,0,,,,
2026-08-16 19:30,90,46,44,,,,,0,0,0,,,,
2026-08-16 19:45,107,40,67,,,,,0,0,0,,,,
2026-08-16 20:00,95,45,50,,,,,0,0,0,,,,
2026-08-16 20:15,94,36,58,,,,,0,0,0,,,,
2026-08-16 20:30,71,40,31,,,,,0,0,0,,,,
2026-08-16 20:45,72,33,39,,,,,0,0,0,,,,
2026-08-16 21:00,72,38,34,,,,,0,0,0,,,,
2026-08-16 21:15,54,22,32,,,,,0,0,0,,,,
2026-08-16 21:30,52,24,28,,,,,0,0,0,,,,
2026-08-16 21:45,34,12,22,,,,,0,0,0,,,,
2026-08-16 22:00,70,18,52,,,,,0,0,0,,,,
2026-08-16 22:15,29,12,17,,,,,0,0,0,,,,
2026-08-16 22:30,35,20,15,,,,,0,0,0,,,,
2026-08-16 22:45,22,9,13,,,,,0,0,0,,,,
2026-08-16 23:00,24,10,14,,,,,0,0,0,,,,
2026-08-16 23:15,20,11,9,,,,,0,0,0,,,,
2026-08-16 23:30,10,4,6,,,,,0,0,0,,,,
2026-08-16 23:45,10,5,5,,,,,0,0,0,,,,
2026-08-17 00:00,6,3,3,,,,,0,0,0,,,,
2026-08-17 00:15,8,2,6,,,,,0,0,0,,,,
2026-08-17 00:30,4,1,3,,,,,0,0,0,,,,
2026-08-17 00:45,1,0,1,,,,,0,0,0,,,,
2026-08-17 01:00,4,0,4,,,,,0,0,0,,,,
2026-08-17 01:15,0,0,0,,,,,0,0,0,,,,
2026-08-17 01:30,1,0,1,,,,,0,0,0,,,,
2026-08-17 01:45,3,1,2,,,,,0,0,0,,,,
2026-08-17 02:00,3,0,3,,,,,0,0,0,,,,
2026-08-17 02:15,2,1,1,,,,,0,0,0,,,,
2026-08-17 02:30,3,3,0,,,,,0,0,0,,,,
2026-08-17 02:45,0,0,0,,,,,0,0,0,,,,
2026-08-17 03:00,4,2,2,,,,,0,0,0,,,,
2026-08-17 03:15,0,0,0,,,,,0,0,0,,,,
2026-08-17 03:30,1,1,0,,,,,0,0,0,,,,
2026-08-17 03:45,2,1,1,,,,,0,0,0,,,,
2026-08-17 04:00,4,4,0,,,,,0,0,0,,,,
2026-08-17 04:15,1,0,1,,,,,0,0,0,,,,
2026-08-17 04:30,4,0,4,,,,,0,0,0,,,,
2026-08-17 04:45,8,7,1,,,,,0,0,0,,,,
2026-08-17 05:00,5,2,3,,,,,0,0,0,,,,
2026-08-17 05:15,14,7,7,,,,,0,0,0,,,,
2026-08-17 05:30,36,11,25,,,,,0,0,0,,,,
2026-08-17 05:45,42,19,23,,,,,0,0,0,,,,
2026-08-17 06:00,41,18,23,,,,,0,0,0,,,,
2026-08-17 06:15,62,30,32,,,,,0,0,0,,,,
2026-08-17 06:30,96,39,57,,,,,0,0,0,,,,
2026-08-17 06:45,120,72,48,,,,,0,0,0,,,,
2026-08-17 07:00,131,55,76,,,,,0,0,0,,,,
2026-08-17 07:15,149,78,71,,,,,0,0,0,,,,
2026-08-17 07:30,170,70,100,,,,,0,0,0,,,,
2026-08-17 07:45,195,84,111,,,,,0,0,0,,,,
2026-08-17 08:00,146,68,78,,,,,0,0,0,,,,
2026-08-17 08:15,108,51,57,,,,,0,0,0,,,,
2026-08-17 08:30,111,40,71,,,,,0,0,0,,,,
2026-08-17 08:45,125,70,55,,,,,0,0,0,,,,
2026-08-17 09:00,78,29,49,,,,,0,0,0,,,,
2026-08-17 09:15,57,23,34,,,,,0,0,0,,,,
2026-08-17 09:30,80,38,42,,,,,0,0,0,,,,
2026-08-17 09:45,72,29,43,,,,,0,0,0,,,,
2026-08-17 10:00,63,24,39,,,,,0,0,0,,,,
2026-08-17 10:15,52,32,20,,,,,0,0,0,,,,
2026-08-17 10:30,62,31,31,,,,,0,0,0,,,,
2026-08-17 10:45,86,47,39,,,,,0,0,0,,,,
2026-08-17 11:00,71,28,43,,,,,0,0,0,,,,
2026-08-17 11:15,51,21,30,,,,,0,0,0,,,,
2026-08-17 11:30,51,30,21,,,,,0,0,0,,,,
2026-08-17 11:45,79,28,51,,,,,0,0,0,,,,
2026-08-17 12:00,71,32,39,,,,,0,0,0,,,,
2026-08-17 12:15,78,27,51,,,,,0,0,0,,,,
2026-08-17 12:30,115,46,69,,,,,0,0,0,,,,
2026-08-17 12:45,85,41,44,,,,,0,0,0,,,,
2026-08-17 13:00,104,37,67,,,,,0,0,0,,,,
2026-08-17 13:15,95,46,49,,,,,0,0,0,,,,
2026-08-17 13:30,122,73,49,,,,,0,0,0,,,,
2026-08-17 13:45,107,58,49,,,,,0,0,0,,,,
2026-08-17 14:00,97,58,39,,,,,0,0,0,,,,
2026-08-17 14:15,128,67,61,,,,,0,0,0,,,,
2026-08-17 14:30,114,65,49,,,,,0,0,0,,,,
2026-08-17 14:45,141,76,65,,,,,0,0,0,,,,
2026-08-17 15:00,151,78,73,,,,,0,0,0,,,,
2026-08-17 15:15,168,92,76,,,,,0,0,0,,,,
2026-08-17 15:30,161,104,57,,,,,0,0,0,,,,
2026-08-17 15:45,200,116,84,,,,,0,0,0,,,,
2026-08-17 16:00,189,97,92,,,,,0,0,0,,,,
2026-08-17 16:15,197,103,94,,,,,0,0,0,,,,
2026-08-17 16:30,178,88,90,,,,,0,0,0,,,,
2026-08-17 16:45,193,102,91,,,,,0,0,0,,,,
2026-08-17 17:00,218,101,117,,,,,0,0,0,,,,
2026-08-17 17:15,198,92,106,,,,,0,0,0,,,,
2026-08-17 17:30,190,99,91,,,,,0,0,0,,,,
2026-08-17 17:45,177,90,87,,,,,0,0,0,,,,
2026-08-17 18:00,170,90,80,,,,,0,0,0,,,,
2026-08-17 18:15,168,73,95,,,,,0,0,0,,,,
2026-08-17 18:30,163,62,101,,,,,0,0,0,,,,
2026-08-17 18:45,154,67,87,,,,,0,0,0,,,,
2026-08-17 19:00,138,54,84,,,,,0,0,0,,,,
2026-08-17 19:15,126,64,62,,,,,0,0,0,,,,
2026-08-17 19:30,126,74,52,,,,,0,0,0,,,,
2026-08-17 19:45,116,58,58,,,,,0,0,0,,,,
2026-08-17 20:00,112,47,65,,,,,0,0,0,,,,
2026-08-17 20:15,84,24,60,,,,,0,0,0,,,,
2026-08-17 20:30,64,28,36,,,,,0,0,0,,,,
2026-08-17 20:45,65,29,36,,,,,0,0,0,,,,
2026-08-17 21:00,55,26,29,,,,,0,0,0,,,,
2026-08-17 21:15,50,27,23,,,,,0,0,0,,,,
2026-08-17 21:30,46,27,19,,,,,0,0,0,,,,
2026-08-17 21:45,42,15,27,,,,,0,0,0,,,,
2026-08-17 22:00,36,17,19,,,,,0,0,0,,,,
2026-08-17 22:15,44,21,23,,,,,0,0,0,,,,
2026-08-17 22:30,31,15,16,,,,,0,0,0,,,,
2026-08-17 22:45,35,18,17,,,,,0,0,0,,,,
2026-08-17 23:00,25,14,11,,,,,0,0,0,,,,
2026-08-17 23:15,19,6,13,,,,,0,0,0,,,,
2026-08-17 23:30,45,36,9,,,,,0,0,0,,,,
2026-08-17 23:45,15,9,6,,,,,0,0,0,,,,
2026-08-18 00:00,5,1,4,,,,,0,0,0,,,,
2026-08-18 00:15,5,4,1,,,,,0,0,0,,,,
2026-08-18 00:30,10,4,6,,,,,0,0,0,,,,
2026-08-18 00:45,6,3,3,,,,,0,0,0,,,,
2026-08-18 01:00,4,2,2,,,,,0,0,0,,,,
2026-08-18 01:15,7,3,4,,,,,0,0,0,,,,
2026-08-18 01:30,6,1,5,,,,,0,0,0,,,,
2026-08-18 01:45,3,2,1,,,,,0,0,0,,,,
2026-08-18 02:00,1,1,0,,,,,0,0,0,,,,
2026-08-18 02:15,2,1,1,,,,,0,0,0,,,,
2026-08-18 02:30,0,0,0,,,,,0,0,0,,,,
2026-08-18 02:45,2,0,2,,,,,0,0,0,,,,
2026-08-18 03:00,2,2,0,,,,,0,0,0,,,,
2026-08-18 03:15,1,1,0,,,,,0,0,0,,,,
2026-08-18 03:30,4,0,4,,,,,0,0,0,,,,
2026-08-18 03:45,2,2,0,,,,,0,0,0,,,,
2026-08-18 04:00,1,1,0,,,,,0,0,0,,,,
2026-08-18 04:15,2,1,1,,,,,0,0,0,,,,
2026-08-18 04:30,7,4,3,,,,,0,0,0,,,,
2026-08-18 04:45,7,3,4,,,,,0,0,0,,,,
2026-08-18 05:00,4,1,3,,,,,0,0,0,,,,
2026-08-18 05:15,8,5,3,,,,,0,0,0,,,,
2026-08-18 05:30,25,11,14,,,,,0,0,0,,,,
2026-08-18 05:45,38,16,22,,,,,0,0,0,,,,
2026-08-18 06:00,45,19,26,,,,,0,0,0,,,,
2026-08-18 06:15,70,29,41,,,,,0,0,0,,,,
2026-08-18 06:30,80,23,57,,,,,0,0,0,,,,
2026-08-18 06:45,81,44,37,,,,,0,0,0,,,,
2026-08-18 07:00,129,49,80,,,,,0,0,0,,,,
2026-08-18 07:15,124,55,69,,,,,0,0,0,,,,
2026-08-18 07:30,161,65,96,,,,,0,0,0,,,,
2026-08-18 07:45,202,96,106,,,,,0,0,0,,,,
2026-08-18 08:00,175,91,84,,,,,0,0,0,,,,
2026-08-18 08:15,162,80,82,,,,,0,0,0,,,,
2026-08-18 08:30,117,54,63,,,,,0,0,0,,,,
2026-08-18 08:45,146,55,91,,,,,0,0,0,,,,
2026-08-18 09:00,100,35,65,,,,,0,0,0,,,,
2026-08-18 09:15,62,28,34,,,,,0,0,0,,,,
2026-08-18 09:30,68,31,37,,,,,0,0,0,,,,
2026-08-18 09:45,74,33,41,,,,,0,0,0,,,,
2026-08-18 10:00,47,24,23,,,,,0,0,0,,,,
2026-08-18 10:15,45,22,23,,,,,0,0,0,,,,
2026-08-18 10:30,55,26,29,,,,,0,0,0,,,,
2026-08-18 10:45,35,19,16,,,,,0,0,0,,,,
2026-08-18 11:00,62,20,42,,,,,0,0,0,,,,
2026-08-18 11:15,54,22,32,,,,,0,0,0,,,,
2026-08-18 11:30,55,26,29,,,,,0,0,0,,,,
2026-08-18 11:45,59,27,32,,,,,0,0,0,,,,
2026-08-18 12:00,71,25,46,,,,,0,0,0,,,,
2026-08-18 12:15,86,36,50,,,,,0,0,0,,,,
2026-08-18 12:30,68,29,39,,,,,0,0,0,,,,
2026-08-18 12:45,71,32,39,,,,,0,0,0,,,,
2026-08-18 13:00,68,32,36,,,,,0,0,0,,,,
2026-08-18 13:15,90,45,45,,,,,0,0,0,,,,
2026-08-18 13:30,75,34,41,,,,,0,0,0,,,,
2026-08-18 13:45,86,54,32,,,,,0,0,0,,,,
2026-08-18 14:00,78,42,36,,,,,0,0,0,,,,
2026-08-18 14:15,95,59,36,,,,,0,0,0,,,,
2026-08-18 14:30,106,62,44,,,,,0,0,0,,,,
2026-08-18 14:45,150,88,62,,,,,0,0,0,,,,
2026-08-18 15:00,101,56,45,,,,,0,0,0,,,,
2026-08-18 15:15,133,78,55,,,,,0,0,0,,,,
2026-08-18 15:30,112,65,47,,,,,0,0,0,,,,
2026-08-18 15:45,158,103,55,,,,,0,0,0,,,,
2026-08-18 16:00,147,85,62,,,,,0,0,0,,,,
2026-08-18 16:15,164,91,73,,,,,0,0,0,,,,
2026-08-18 16:30,159,81,78,,,,,0,0,0,,,,
2026-08-18 16:45,176,92,84,,,,,0,0,0,,,,
2026-08-18 17:00,185,79,106,,,,,0,0,0,,,,
2026-08-18 17:15,165,83,82,,,,,0,0,0,,,,
2026-08-18 17:30,175,81,94,,,,,0,0,0,,,,
2026-08-18 17:45,194,99,95,,,,,0,0,0,,,,
2026-08-18 18:00,129,67,62,,,,,0,0,0,,,,
2026-08-18 18:15,156,84,72,,,,,0,0,0,,,,
2026-08-18 18:30,117,50,67,,,,,0,0,0,,,,
2026-08-18 18:45,114,50,64,,,,,0,0,0,,,,
2026-08-18 19:00,128,60,68,,,,,0,0,0,,,,
2026-08-18 19:15,115,57,58,,,,,0,0,0,,,,
2026-08-18 19:30,116,55,61,,,,,0,0,0,,,,
2026-08-18 19:45,123,52,71,,,,,0,0,0,,,,
2026-08-18 20:00,82,37,45,,,,,0,0,0,,,,
2026-08-18 20:15,88,36,52,,,,,0,0,0,,,,
2026-08-18 20:30,62,20,42,,,,,0,0,0,,,,
2026-08-18 20:45,61,22,39,,,,,0,0,0,,,,
2026-08-18 21:00,79,44,35,,,,,0,0,0,,,,
2026-08-18 21:15,76,45,31,,,,,0,0,0,,,,
2026-08-18 21:30,44,17,27,,,,,0,0,0,,,,
2026-08-18 21:45,67,32,35,,,,,0,0,0,,,,
2026-08-18 22:00,52,23,29,,,,,0,0,0,,,,
2026-08-18 22:15,52,27,25,,,,,0,0,0,,,,
2026-08-18 22:30,45,20,25,,,,,0,0,0,,,,
2026-08-18 22:45,30,12,18,,,,,0,0,0,,,,
2026-08-18 23:00,33,13,20,,,,,0,0,0,,,,
2026-08-18 23:15,71,57,14,,,,,0,0,0,,,,
2026-08-18 23:30,29,21,8,,,,,0,0,0,,,,
2026-08-18 23:45,18,5,13,,,,,0,0,0,,,,
2026-08-19 00:00,13,9,4,,,,,0,0,0,,,,
2026-08-19 00:15,9,4,5,,,,,0,0,0,,,,
2026-08-19 00:30,10,3,7,,,,,0,0,0,,,,
2026-08-19 00:45,7,1,6,,,,,0,0,0,,,,
2026-08-19 01:00,2,0,2,,,,,0,0,0,,,,
2026-08-19 01:15,3,2,1,,,,,0,0,0,,,,
2026-08-19 01:30,5,3,2,,,,,0,0,0,,,,
2026-08-19 01:45,3,1,2,,,,,0,0,0,,,,
2026-08-19 02:00,1,0,1,,,,,0,0,0,,,,
2026-08-19 02:15,6,2,4,,,,,0,0,0,,,,
2026-08-19 02:30,0,0,0,,,,,0,0,0,,,,
2026-08-19 02:45,1,0,1,,,,,0,0,0,,,,
2026-08-19 03:00,1,1,0,,,,,0,0,0,,,,
2026-08-19 03:15,2,2,0,,,,,0,0,0,,,,
2026-08-19 03:30,0,0,0,,,,,0,0,0,,,,
2026-08-19 03:45,3,1,2,,,,,0,0,0,,,,
2026-08-19 04:00,1,1,0,,,,,0,0,0,,,,
2026-08-19 04:15,3,2,1,,,,,0,0,0,,,,
2026-08-19 04:30,5,1,4,,,,,0,0,0,,,,
2026-08-19 04:45,5,4,1,,,,,0,0,0,,,,
2026-08-19 05:00,10,7,3,,,,,0,0,0,,,,
2026-08-19 05:15,15,6,9,,,,,0,0,0,,,,
2026-08-19 05:30,34,11,23,,,,,0,0,0,,,,
2026-08-19 05:45,25,11,14,,,,,0,0,0,,,,
2026-08-19 06:00,42,14,28,,,,,0,0,0,,,,
2026-08-19 06:15,50,21,29,,,,,0,0,0,,,,
2026-08-19 06:30,76,21,55,,,,,0,0,0,,,,
2026-08-19 06:45,103,55,48,,,,,0,0,0,,,,
2026-08-19 07:00,116,47,69,,,,,0,0,0,,,,
2026-08-19 07:15,128,66,62,,,,,0,0,0,,,,
2026-08-19 07:30,170,75,95,,,,,0,0,0,,,,
2026-08-19 07:45,202,97,105,,,,,0,0,0,,,,
2026-08-19 08:00,174,83,91,,,,,0,0,0,,,,
2026-08-19 08:15,174,91,83,,,,,0,0,0,,,,
2026-08-19 08:30,148,67,81,,,,,0,0,0,,,,
2026-08-19 08:45,137,70,67,,,,,0,0,0,,,,
2026-08-19 09:00,111,47,64,,,,,0,0,0,,,,
2026-08-19 09:15,63,33,30,,,,,0,0,0,,,,
2026-08-19 09:30,64,24,40,,,,,0,0,0,,,,
2026-08-19 09:45,84,41,43,,,,,0,0,0,,,,
2026-08-19 10:00,71,31,40,,,,,0,0,0,,,,
2026-08-19 10:15,58,25,33,,,,,0,0,0,,,,
2026-08-19 10:30,74,24,50,,,,,0,0,0,,,,
2026-08-19 10:45,69,36,33,,,,,0,0,0,,,,
2026-08-19 11:00,65,33,32,,,,,0,0,0,,,,
2026-08-19 11:15,66,33,33,,,,,0,0,0,,,,
2026-08-19 11:30,75,29,46,,,,,0,0,0,,,,
2026-08-19 11:45,44,25,19,,,,,0,0,0,,,,
2026-08-19 12:00,51,14,37,,,,,0,0,0,,,,
2026-08-19 12:15,63,28,35,,,,,0,0,0,,,,
2026-08-19 12:30,77,32,45,,,,,0,0,0,,,,
2026-08-19 12:45,122,59,63,,,,,0,0,0,,,,
2026-08-19 13:00,110,47,63,,,,,0,0,0,,,,
2026-08-19 13:15,96,44,52,,,,,0,0,0,,,,
2026-08-19 13:30,98,33,65,,,,,0,0,0,,,,
2026-08-19 13:45,102,52,50,,,,,0,0,0,,,,
2026-08-19 14:00,122,56,66,,,,,0,0,0,,,,
2026-08-19 14:15,123,67,56,,,,,0,0,0,,,,
2026-08-19 14:30,101,56,45,,,,,0,0,0,,,,
2026-08-19 14:45,126,62,64,,,,,0,0,0,,,,
2026-08-19 15:00,122,69,53,,,,,0,0,0,,,,
2026-08-19 15:15,146,98,48,,,,,0,0,0,,,,
2026-08-19 15:30,145,88,57,,,,,0,0,0,,,,
2026-08-19 15:45,161,91,70,,,,,0,0,0,,,,
2026-08-19 16:00,147,81,66,,,,,0,0,0,,,,
2026-08-19 16:15,168,92,76,,,,,0,0,0,,,,
2026-08-19 16:30,176,94,82,,,,,0,0,0,,,,
2026-08-19 16:45,199,98,101,,,,,0,0,0,,,,
2026-08-19 17:00,176,93,83,,,,,0,0,0,,,,
2026-08-19 17:15,171,83,88,,,,,0,0,0,,,,
2026-08-19 17:30,125,45,80,,,,,0,0,0,,,,
2026-08-19 17:45,143,84,59,,,,,0,0,0,,,,
2026-08-19 18:00,138,71,67,,,,,0,0,0,,,,
2026-08-19 18:15,137,68,69,,,,,0,0,0,,,,
2026-08-19 18:30,118,48,70,,,,,0,0,0,,,,
2026-08-19 18:45,100,55,45,,,,,0,0,0,,,,
2026-08-19 19:00,85,36,49,,,,,0,0,0,,,,
2026-08-19 19:15,77,42,35,,,,,0,0,0,,,,
2026-08-19 19:30,71,32,39,,,,,0,0,0,,,,
2026-08-19 19:45,82,31,51,,,,,0,0,0,,,,
2026-08-19 20:00,58,33,25,,,,,0,0,0,,,,
2026-08-19 20:15,57,29,28,,,,,0,0,0,,,,
2026-08-19 20:30,51,28,23,,,,,0,0,0,,,,
2026-08-19 20:45,38,17,21,,,,,0,0,0,,,,
2026-08-19 21:00,62,26,36,,,,,0,0,0,,,,
2026-08-19 21:15,68,26,42,,,,,0,0,0,,,,
2026-08-19 21:30,25,8,17,,,,,0,0,0,,,,
2026-08-19 21:45,44,19,25,,,,,0,0,0,,,,
2026-08-19 22:00,33,17,16,,,,,0,0,0,,,,
2026-08-19 22:15,25,7,18,,,,,0,0,0,,,,
2026-08-19 22:30,38,18,20,,,,,0,0,0,,,,
2026-08-19 22:45,32,13,19,,,,,0,0,0,,,,
2026-08-19 23:00,27,9,18,,,,,0,0,0,,,,
2026-08-19 23:15,25,7,18,,,,,0,0,0,,,,
2026-08-19 23:30,18,4,14,,,,,0,0,0,,,,
2026-08-19 23:45,15,11,4,,,,,0,0,0,,,,
2026-08-20 00:00,10,6,4,,,,,0,0,0,,,,
2026-08-20 00:15,16,5,11,,,,,0,0,0,,,,
2026-08-20 00:30,10,5,5,,,,,0,0,0,,,,
2026-08-20 00:45,4,2,2,,,,,0,0,0,,,,
2026-08-20 01:00,14,5,9,,,,,0,0,0,,,,
2026-08-20 01:15,7,4,3,,,,,0,0,0,,,,
2026-08-20 01:30,4,0,4,,,,,0,0,0,,,,
2026-08-20 01:45,4,1,3,,,,,0,0,0,,,,
2026-08-20 02:00,8,5,3,,,,,0,0,0,,,,
2026-08-20 02:15,0,0,0,,,,,0,0,0,,,,
2026-08-20 02:30,3,0,3,,,,,0,0,0,,,,
2026-08-20 02:45,5,5,0,,,,,0,0,0,,,,
2026-08-20 03:00,2,2,0,,,,,0,0,0,,,,
2026-08-20 03:15,1,1,0,,,,,0,0,0,,,,
2026-08-20 03:30,2,0,2,,,,,0,0,0,,,,
2026-08-20 03:45,4,1,3,,,,,0,0,0,,,,
2026-08-20 04:00,3,2,1,,,,,0,0,0,,,,
2026-08-20 04:15,3,2,1,,,,,0,0,0,,,,
2026-08-20 04:30,3,1,2,,,,,0,0,0,,,,
2026-08-20 04:45,7,3,4,,,,,0,0,0,,,,
2026-08-20 05:00,7,5,2,,,,,0,0,0,,,,
2026-08-20 05:15,14,6,8,,,,,0,0,0,,,,
2026-08-20 05:30,31,12,19,,,,,0,0,0,,,,
2026-08-20 05:45,36,16,20,,,,,0,0,0,,,,
2026-08-20 06:00,42,17,25,,,,,0,0,0,,,,
2026-08-20 06:15,47,22,25,,,,,0,0,0,,,,
2026-08-20 06:30,80,26,54,,,,,0,0,0,,,,
2026-08-20 06:45,99,44,55,,,,,0,0,0,,,,
2026-08-20 07:00,119,53,66,,,,,0,0,0,,,,
2026-08-20 07:15,141,66,75,,,,,0,0,0,,,,
2026-08-20 07:30,171,67,104,,,,,0,0,0,,,,
2026-08-20 07:45,220,109,111,,,,,0,0,0,,,,
2026-08-20 08:00,156,82,74,,,,,0,0,0,,,,
2026-08-20 08:15,175,88,87,,,,,0,0,0,,,,
2026-08-20 08:30,150,82,68,,,,,0,0,0,,,,
2026-08-20 08:45,191,88,103,,,,,0,0,0,,,,
2026-08-20 09:00,123,57,66,,,,,0,0,0,,,,
2026-08-20 09:15,102,42,60,,,,,0,0,0,,,,
2026-08-20 09:30,100,42,58,,,,,0,0,0,,,,
2026-08-20 09:45,130,68,62,,,,,0,0,0,,,,
2026-08-20 10:00,119,54,65,,,,,0,0,0,,,,
2026-08-20 10:15,98,53,45,,,,,0,0,0,,,,
2026-08-20 10:30,112,52,60,,,,,0,0,0,,,,
2026-08-20 10:45,115,69,46,,,,,0,0,0,,,,
2026-08-20 11:00,113,62,51,,,,,0,0,0,,,,
2026-08-20 11:15,104,43,61,,,,,0,0,0,,,,
2026-08-20 11:30,107,48,59,,,,,0,0,0,,,,
2026-08-20 11:45,137,54,83,,,,,0,0,0,,,,
2026-08-20 12:00,128,56,72,,,,,0,0,0,,,,
2026-08-20 12:15,150,61,89,,,,,0,0,0,,,,
2026-08-20 12:30,170,85,85,,,,,0,0,0,,,,
2026-08-20 12:45,166,71,95,,,,,0,0,0,,,,
2026-08-20 13:00,121,50,71,,,,,0,0,0,,,,
2026-08-20 13:15,125,57,68,,,,,0,0,0,,,,
2026-08-20 13:30,156,60,96,,,,,0,0,0,,,,
2026-08-20 13:45,173,91,82,,,,,0,0,0,,,,
2026-08-20 14:00,142,64,78,,,,,0,0,0,,,,
2026-08-20 14:15,175,70,105,,,,,0,0,0,,,,
2026-08-20 14:30,164,84,80,,,,,0,0,0,,,,
2026-08-20 14:45,172,92,80,,,,,0,0,0,,,,
2026-08-20 15:00,152,90,62,,,,,0,0,0,,,,
2026-08-20 15:15,171,104,67,,,,,0,0,0,,,,
2026-08-20 15:30,160,96,64,,,,,0,0,0,,,,
2026-08-20 15:45,211,124,87,,,,,0,0,0,,,,
2026-08-20 16:00,231,123,108,,,,,0,0,0,,,,
2026-08-20 16:15,238,133,105,,,,,0,0,0,,,,
2026-08-20 16:30,208,98,110,,,,,0,0,0,,,,
2026-08-20 16:45,212,111,101,,,,,0,0,0,,,,
2026-08-20 17:00,205,116,89,,,,,0,0,0,,,,
2026-08-20 17:15,197,95,102,,,,,0,0,0,,,,
2026-08-20 17:30,177,75,102,,,,,0,0,0,,,,
2026-08-20 17:45,213,107,106,,,,,0,0,0,,,,
2026-08-20 18:00,199,89,110,,,,,0,0,0,,,,
2026-08-20 18:15,197,100,97,,,,,0,0,0,,,,
2026-08-20 18:30,117,57,60,,,,,0,0,0,,,,
2026-08-20 18:45,162,70,92,,,,,0,0,0,,,,
2026-08-20 19:00,111,52,59,,,,,0,0,0,,,,
2026-08-20 19:15,114,51,63,,,,,0,0,0,,,,
2026-08-20 19:30,126,65,61,,,,,0,0,0,,,,
2026-08-20 19:45,87,40,47,,,,,0,0,0,,,,
2026-08-20 20:00,107,50,57,,,,,0,0,0,,,,
2026-08-20 20:15,101,39,62,,,,,0,0,0,,,,
2026-08-20 20:30,98,49,49,,,,,0,0,0,,,,
2026-08-20 20:45,90,42,48,,,,,0,0,0,,,,
2026-08-20 21:00,65,25,40,,,,,0,0,0,,,,
2026-08-20 21:15,55,32,23,,,,,0,0,0,,,,
2026-08-20 21:30,76,41,35,,,,,0,0,0,,,,
2026-08-20 21:45,59,24,35,,,,,0,0,0,,,,
2026-08-20 22:00,42,17,25,,,,,0,0,0,,,,
2026-08-20 22:15,56,27,29,,,,,0,0,0,,,,
2026-08-20 22:30,59,29,30,,,,,0,0,0,,,,
2026-08-20 22:45,42,19,23,,,,,0,0,0,,,,
2026-08-20 23:00,35,12,23,,,,,0,0,0,,,,
2026-08-20 23:15,29,5,24,,,,,0,0,0,,,,
2026-08-20 23:30,29,7,22,,,,,0,0,0,,,,
2026-08-20 23:45,54,40,14,,,,,0,0,0,,,,
2026-08-21 00:00,26,13,13,,,,,0,0,0,,,,
2026-08-21 00:15,16,3,13,,,,,0,0,0,,,,
2026-08-21 00:30,7,2,5,,,,,0,0,0,,,,
2026-08-21 00:45,8,4,4,,,,,0,0,0,,,,
2026-08-21 01:00,7,1,6,,,,,0,0,0,,,,
2026-08-21 01:15,6,1,5,,,,,0,0,0,,,,
2026-08-21 01:30,1,0,1,,,,,0,0,0,,,,
2026-08-21 01:45,1,0,1,,,,,0,0,0,,,,
2026-08-21 02:00,2,1,1,,,,,0,0,0,,,,
2026-08-21 02:15,1,0,1,,,,,0,0,0,,,,
2026-08-21 02:30,0,0,0,,,,,0,0,0,,,,
2026-08-21 02:45,3,1,2,,,,,0,0,0,,,,
2026-08-21 03:00,0,0,0,,,,,0,0,0,,,,
2026-08-21 03:15,4,2,2,,,,,0,0,0,,,,
2026-08-21 03:30,2,1,1,,,,,0,0,0,,,,
2026-08-21 03:45,1,1,0,,,,,0,0,0,,,,
2026-08-21 04:00,4,2,2,,,,,0,0,0,,,,
2026-08-21 04:15,2,0,2,,,,,0,0,0,,,,
2026-08-21 04:30,1,0,1,,,,,0,0,0,,,,
2026-08-21 04:45,6,2,4,,,,,0,0,0,,,,
2026-08-21 05:00,4,2,2,,,,,0,0,0,,,,
2026-08-21 05:15,11,7,4,,,,,0,0,0,,,,
2026-08-21 05:30,28,9,19,,,,,0,0,0,,,,
2026-08-21 05:45,30,15,15,,,,,0,0,0,,,,
2026-08-21 06:00,39,15,24,,,,,0,0,0,,,,
2026-08-21 06:15,46,23,23,,,,,0,0,0,,,,
2026-08-21 06:30,70,20,50,,,,,0,0,0,,,,
2026-08-21 06:45,101,42,59,,,,,0,0,0,,,,
2026-08-21 07:00,108,39,69,,,,,0,0,0,,,,
2026-08-21 07:15,112,47,65,,,,,0,0,0,,,,
2026-08-21 07:30,159,56,103,,,,,0,0,0,,,,
2026-08-21 07:45,178,87,91,,,,,0,0,0,,,,
2026-08-21 08:00,118,57,61,,,,,0,0,0,,,,
2026-08-21 08:15,120,62,58,,,,,0,0,0,,,,
2026-08-21 08:30,127,59,68,,,,,0,0,0,,,,
2026-08-21 08:45,173,70,103,,,,,0,0,0,,,,
2026-08-21 09:00,106,58,48,,,,,0,0,0,,,,
2026-08-21 09:15,121,64,57,,,,,0,0,0,,,,
2026-08-21 09:30,98,46,52,,,,,0,0,0,,,,
2026-08-21 09:45,107,53,54,,,,,0,0,0,,,,
2026-08-21 10:00,98,38,60,,,,,0,0,0,,,,
2026-08-21 10:15,102,53,49,,,,,0,0,0,,,,
2026-08-21 10:30,108,60,48,,,,,0,0,0,,,,
2026-08-21 10:45,116,60,56,,,,,0,0,0,,,,
2026-08-21 11:00,96,37,59,,,,,0,0,0,,,,
2026-08-21 11:15,106,50,56,,,,,0,0,0,,,,
2026-08-21 11:30,110,48,62,,,,,0,0,0,,,,
2026-08-21 11:45,141,75,66,,,,,0,0,0,,,,
2026-08-21 12:00,142,66,76,,,,,0,0,0,,,,
2026-08-21 12:15,140,70,70,,,,,0,0,0,,,,
2026-08-21 12:30,142,71,71,,,,,0,0,0,,,,
2026-08-21 12:45,187,87,100,,,,,0,0,0,,,,
2026-08-21 13:00,171,80,91,,,,,0,0,0,,,,
2026-08-21 13:15,195,99,96,,,,,0,0,0,,,,
2026-08-21 13:30,127,54,73,,,,,0,0,0,,,,
2026-08-21 13:45,180,106,74,,,,,0,0,0,,,,
2026-08-21 14:00,200,109,91,,,,,0,0,0,,,,
2026-08-21 14:15,202,101,101,,,,,0,0,0,,,,
2026-08-21 14:30,177,94,83,,,,,0,0,0,,,,
2026-08-21 14:45,176,88,88,,,,,0,0,0,,,,
2026-08-21 15:00,177,87,90,,,,,0,0,0,,,,
2026-08-21 15:15,192,108,84,,,,,0,0,0,,,,
2026-08-21 15:30,153,92,61,,,,,0,0,0,,,,
2026-08-21 15:45,187,98,89,,,,,0,0,0,,,,
2026-08-21 16:00,181,103,78,,,,,0,0,0,,,,
2026-08-21 16:15,197,105,92,,,,,0,0,0,,,,
2026-08-21 16:30,170,100,70,,,,,0,0,0,,,,
2026-08-21 16:45,195,111,84,,,,,0,0,0,,,,
2026-08-21 17:00,132,72,60,,,,,0,0,0,,,,
2026-08-21 17:15,161,88,73,,,,,0,0,0,,,,
2026-08-21 17:30,130,71,59,,,,,0,0,0,,,,
2026-08-21 17:45,128,81,47,,,,,0,0,0,,,,
2026-08-21 18:00,118,65,53,,,,,0,0,0,,,,
2026-08-21 18:15,132,67,65,,,,,0,0,0,,,,
2026-08-21 18:30,102,50,52,,,,,0,0,0,,,,
2026-08-21 18:45,109,60,49,,,,,0,0,0,,,,
2026-08-21 19:00,123,64,59,,,,,0,0,0,,,,
2026-08-21 19:15,113,61,52,,,,,0,0,0,,,,
2026-08-21 19:30,76,36,40,,,,,0,0,0,,,,
2026-08-21 19:45,101,41,60,,,,,0,0,0,,,,
2026-08-21 20:00,77,28,49,,,,,0,0,0,,,,
2026-08-21 20:15,97,38,59,,,,,0,0,0,,,,
2026-08-21 20:30,95,39,56,,,,,0,0,0,,,,
2026-08-21 20:45,70,38,32,,,,,0,0,0,,,,
2026-08-21 21:00,66,28,38,,,,,0,0,0,,,,
2026-08-21 21:15,67,36,31,,,,,0,0,0,,,,
2026-08-21 21:30,61,27,34,,,,,0,0,0,,,,
2026-08-21 21:45,72,31,41,,,,,0,0,0,,,,
2026-08-21 22:00,64,39,25,,,,,0,0,0,,,,
2026-08-21 22:15,46,17,29,,,,,0,0,0,,,,
2026-08-21 22:30,64,26,38,,,,,0,0,0,,,,
2026-08-21 22:45,39,15,24,,,,,0,0,0,,,,
2026-08-21 23:00,58,31,27,,,,,0,0,0,,,,
2026-08-21 23:15,38,13,25,,,,,0,0,0,,,,
2026-08-21 23:30,28,13,15,,,,,0,0,0,,,,
2026-08-21 23:45,26,9,17,,,,,0,0,0,,,,
2026-08-22 00:00,35,4,31,,,,,0,0,0,,,,
2026-08-22 00:15,39,13,26,,,,,0,0,0,,,,
2026-08-22 00:30,27,11,16,,,,,0,0,0,,,,
2026-08-22 00:45,19,9,10,,,,,0,0,0,,,,
2026-08-22 01:00,29,8,21,,,,,0,0,0,,,,
2026-08-22 01:15,13,7,6,,,,,0,0,0,,,,
2026-08-22 01:30,10,7,3,,,,,0,0,0,,,,
2026-08-22 01:45,25,6,19,,,,,0,0,0,,,,
2026-08-22 02:00,12,2,10,,,,,0,0,0,,,,
2026-08-22 02:15,7,0,7,,,,,0,0,0,,,,
2026-08-22 02:30,3,0,3,,,,,0,0,0,,,,
2026-08-22 02:45,12,0,12,,,,,0,0,0,,,,
2026-08-22 03:00,7,1,6,,,,,0,0,0,,,,
2026-08-22 03:15,14,7,7,,,,,0,0,0,,,,
2026-08-22 03:30,14,6,8,,,,,0,0,0,,,,
2026-08-22 03:45,6,3,3,,,,,0,0,0,,,,
2026-08-22 04:00,7,1,6,,,,,0,0,0,,,,
2026-08-22 04:15,3,1,2,,,,,0,0,0,,,,
2026-08-22 04:30,9,1,8,,,,,0,0,0,,,,
2026-08-22 04:45,3,2,1,,,,,0,0,0,,,,
2026-08-22 05:00,4,2,2,,,,,0,0,0,,,,
2026-08-22 05:15,10,2,8,,,,,0,0,0,,,,
2026-08-22 05:30,13,5,8,,,,,0,0,0,,,,
2026-08-22 05:45,11,9,2,,,,,0,0,0,,,,
2026-08-22 06:00,9,6,3,,,,,0,0,0,,,,
2026-08-22 06:15,13,5,8,,,,,0,0,0,,,,
2026-08-22 06:30,19,15,4,,,,,0,0,0,,,,
2026-08-22 06:45,12,6,6,,,,,0,0,0,,,,
2026-08-22 07:00,14,7,7,,,,,0,0,0,,,,
2026-08-22 07:15,16,6,10,,,,,0,0,0,,,,
2026-08-22 07:30,17,12,5,,,,,0,0,0,,,,
2026-08-22 07:45,20,12,8,,,,,0,0,0,,,,
2026-08-22 08:00,18,7,11,,,,,0,0,0,,,,
2026-08-22 08:15,36,21,15,,,,,0,0,0,,,,
2026-08-22 08:30,44,23,21,,,,,0,0,0,,,,
2026-08-22 08:45,37,30,7,,,,,0,0,0,,,,
2026-08-22 09:00,53,25,28,,,,,0,0,0,,,,
2026-08-22 09:15,68,31,37,,,,,0,0,0,,,,
2026-08-22 09:30,66,32,34,,,,,0,0,0,,,,
2026-08-22 09:45,101,56,45,,,,,0,0,0,,,,
2026-08-22 10:00,74,38,36,,,,,0,0,0,,,,
2026-08-22 10:15,96,44,52,,,,,0,0,0,,,,
2026-08-22 10:30,110,68,42,,,,,0,0,0,,,,
2026-08-22 10:45,99,50,49,,,,,0,0,0,,,,
2026-08-22 11:00,147,81,66,,,,,0,0,0,,,,
2026-08-22 11:15,74,47,27,,,,,0,0,0,,,,
2026-08-22 11:30,98,43,55,,,,,0,0,0,,,,
2026-08-22 11:45,132,68,64,,,,,0,0,0,,,,
2026-08-22 12:00,117,57,60,,,,,0,0,0,,,,
2026-08-22 12:15,136,62,74,,,,,0,0,0,,,,
2026-08-22 12:30,126,69,57,,,,,0,0,0,,,,
2026-08-22 12:45,140,80,60,,,,,0,0,0,,,,
2026-08-22 13:00,151,72,79,,,,,0,0,0,,,,
2026-08-22 13:15,109,57,52,,,,,0,0,0,,,,
2026-08-22 13:30,160,72,88,,,,,0,0,0,,,,
2026-08-22 13:45,179,95,84,,,,,0,0,0,,,,
2026-08-22 14:00,164,90,74,,,,,0,0,0,,,,
2026-08-22 14:15,137,64,73,,,,,0,0,0,,,,
2026-08-22 14:30,113,54,59,,,,,0,0,0,,,,
2026-08-22 14:45,132,77,55,,,,,0,0,0,,,,
2026-08-22 15:00,133,68,65,,,,,0,0,0,,,,
2026-08-22 15:15,156,88,68,,,,,0,0,0,,,,
2026-08-22 15:30,137,66,71,,,,,0,0,0,,,,
2026-08-22 15:45,142,78,64,,,,,0,0,0,,,,
2026-08-22 16:00,144,72,72,,,,,0,0,0,,,,
2026-08-22 16:15,158,86,72,,,,,0,0,0,,,,
2026-08-22 16:30,133,65,68,,,,,0,0,0,,,,
2026-08-22 16:45,151,71,80,,,,,0,0,0,,,,
2026-08-22 17:00,155,69,86,,,,,0,0,0,,,,
2026-08-22 17:15,136,68,68,,,,,0,0,0,,,,
2026-08-22 17:30,140,79,61,,,,,0,0,0,,,,
2026-08-22 17:45,144,86,58,,,,,0,0,0,,,,
2026-08-22 18:00,133,61,72,,,,,0,0,0,,,,
2026-08-22 18:15,133,77,56,,,,,0,0,0,,,,
2026-08-22 18:30,110,63,47,,,,,0,0,0,,,,
2026-08-22 18:45,125,70,55,,,,,0,0,0,,,,
2026-08-22 19:00,121,74,47,,,,,0,0,0,,,,
2026-08-22 19:15,92,53,39,,,,,0,0,0,,,,
2026-08-22 19:30,99,59,40,,,,,0,0,0,,,,
2026-08-22 19:45,100,48,52,,,,,0,0,0,,,,
2026-08-22 20:00,88,32,56,,,,,0,0,0,,,,
2026-08-22 20:15,72,37,35,,,,,0,0,0,,,,
2026-08-22 20:30,69,41,28,,,,,0,0,0,,,,
2026-08-22 20:45,66,31,35,,,,,0,0,0,,,,
2026-08-22 21:00,63,21,42,,,,,0,0,0,,,,
2026-08-22 21:15,49,27,22,,,,,0,0,0,,,,
2026-08-22 21:30,69,34,35,,,,,0,0,0,,,,
2026-08-22 21:45,31,19,12,,,,,0,0,0,,,,
2026-08-22 22:00,38,11,27,,,,,0,0,0,,,,
2026-08-22 22:15,32,19,13,,,,,0,0,0,,,,
2026-08-22 22:30,31,6,25,,,,,0,0,0,,,,
2026-08-22 22:45,42,16,26,,,,,0,0,0,,,,
2026-08-22 23:00,59,24,35,,,,,0,0,0,,,,
2026-08-22 23:15,27,8,19,,,,,0,0,0,,,,
2026-08-22 23:30,35,10,25,,,,,0,0,0,,,,
2026-08-22 23:45,34,7,27,,,,,0,0,0,,,,
2026-08-23 00:00,28,12,16,,,,,0,0,0,,,,
2026-08-23 00:15,27,8,19,,,,,0,0,0,,,,
2026-08-23 00:30,30,13,17,,,,,0,0,0,,,,
2026-08-23 00:45,22,7,15,,,,,0,0,0,,,,
2026-08-23 01:00,31,5,26,,,,,0,0,0,,,,
2026-08-23 01:15,22,9,13,,,,,0,0,0,,,,
2026-08-23 01:30,29,8,21,,,,,0,0,0,,,,
2026-08-23 01:45,14,7,7,,,,,0,0,0,,,,
2026-08-23 02:00,15,7,8,,,,,0,0,0,,,,
2026-08-23 02:15,13,2,11,,,,,0,0,0,,,,
2026-08-23 02:30,15,6,9,,,,,0,0,0,,,,
2026-08-23 02:45,6,3,3,,,,,0,0,0,,,,
2026-08-23 03:00,13,2,11,,,,,0,0,0,,,,
2026-08-23 03:15,8,4,4,,,,,0,0,0,,,,
2026-08-23 03:30,16,5,11,,,,,0,0,0,,,,
2026-08-23 03:45,3,1,2,,,,,0,0,0,,,,
2026-08-23 04:00,4,1,3,,,,,0,0,0,,,,
2026-08-23 04:15,4,0,4,,,,,0,0,0,,,,
2026-08-23 04:30,10,1,9,,,,,0,0,0,,,,
2026-08-23 04:45,6,1,5,,,,,0,0,0,,,,
2026-08-23 05:00,7,1,6,,,,,0,0,0,,,,
2026-08-23 05:15,3,1,2,,,,,0,0,0,,,,
2026-08-23 05:30,19,6,13,,,,,0,0,0,,,,
2026-08-23 05:45,4,4,0,,,,,0,0,0,,,,
2026-08-23 06:00,11,6,5,,,,,0,0,0,,,,
2026-08-23 06:15,9,5,4,,,,,0,0,0,,,,
2026-08-23 06:30,20,16,4,,,,,0,0,0,,,,
2026-08-23 06:45,11,7,4,,,,,0,0,0,,,,
2026-08-23 07:00,10,2,8,,,,,0,0,0,,,,
2026-08-23 07:15,12,5,7,,,,,0,0,0,,,,
2026-08-23 07:30,9,5,4,,,,,0,0,0,,,,
2026-08-23 07:45,16,8,8,,,,,0,0,0,,,,
2026-08-23 08:00,16,7,9,,,,,0,0,0,,,,
2026-08-23 08:15,23,12,11,,,,,0,0,0,,,,
2026-08-23 08:30,22,8,14,,,,,0,0,0,,,,
2026-08-23 08:45,31,17,14,,,,,0,0,0,,,,
2026-08-23 09:00,28,17,11,,,,,0,0,0,,,,
2026-08-23 09:15,39,25,14,,,,,0,0,0,,,,
2026-08-23 09:30,48,20,28,,,,,0,0,0,,,,
2026-08-23 09:45,66,34,32,,,,,0,0,0,,,,
2026-08-23 10:00,80,36,44,,,,,0,0,0,,,,
2026-08-23 10:15,73,29,44,,,,,0,0,0,,,,
2026-08-23 10:30,82,31,51,,,,,0,0,0,,,,
2026-08-23 10:45,93,48,45,,,,,0,0,0,,,,
2026-08-23 11:00,117,56,61,,,,,0,0,0,,,,
2026-08-23 11:15,118,53,65,,,,,0,0,0,,,,
2026-08-23 11:30,114,52,62,,,,,0,0,0,,,,
2026-08-23 11:45,140,57,83,,,,,0,0,0,,,,
2026-08-23 12:00,107,57,50,,,,,0,0,0,,,,
2026-08-23 12:15,118,58,60,,,,,0,0,0,,,,
2026-08-23 12:30,112,43,69,,,,,0,0,0,,,,
2026-08-23 12:45,132,52,80,,,,,0,0,0,,,,
2026-08-23 13:00,109,65,44,,,,,0,0,0,,,,
2026-08-23 13:15,122,49,73,,,,,0,0,0,,,,
2026-08-23 13:30,102,57,45,,,,,0,0,0,,,,
2026-08-23 13:45,106,38,68,,,,,0,0,0,,,,
2026-08-23 14:00,113,55,58,,,,,0,0,0,,,,
2026-08-23 14:15,140,73,67,,,,,0,0,0,,,,
2026-08-23 14:30,140,77,63,,,,,0,0,0,,,,
2026-08-23 14:45,139,64,75,,,,,0,0,0,,,,
2026-08-23 15:00,105,57,48,,,,,0,0,0,,,,
2026-08-23 15:15,115,58,57,,,,,0,0,0,,,,
2026-08-23 15:30,132,70,62,,,,,0,0,0,,,,
2026-08-23 15:45,147,66,81,,,,,0,0,0,,,,
2026-08-23 16:00,124,57,67,,,,,0,0,0,,,,
2026-08-23 16:15,129,62,67,,,,,0,0,0,,,,
2026-08-23 16:30,117,51,66,,,,,0,0,0,,,,
2026-08-23 16:45,153,82,71,,,,,0,0,0,,,,
2026-08-23 17:00,137,71,66,,,,,0,0,0,,,,
2026-08-23 17:15,146,75,71,,,,,0,0,0,,,,
2026-08-23 17:30,128,75,53,,,,,0,0,0,,,,
2026-08-23 17:45,178,86,92,,,,,0,0,0,,,,
2026-08-23 18:00,110,69,41,,,,,0,0,0,,,,
2026-08-23 18:15,106,58,48,,,,,0,0,0,,,,
2026-08-23 18:30,100,50,50,,,,,0,0,0,,,,
2026-08-23 18:45,91,37,54,,,,,0,0,0,,,,
2026-08-23 19:00,76,36,40,,,,,0,0,0,,,,
2026-08-23 19:15,90,52,38,,,,,0,0,0,,,,
2026-08-23 19:30,72,36,36,,,,,0,0,0,,,,
2026-08-23 19:45,110,61,49,,,,,0,0,0,,,,
2026-08-23 20:00,83,35,48,,,,,0,0,0,,,,
2026-08-23 20:15,80,31,49,,,,,0,0,0,,,,
2026-08-23 20:30,67,42,25,,,,,0,0,0,,,,
2026-08-23 20:45,58,31,27,,,,,0,0,0,,,,
2026-08-23 21:00,69,29,40,,,,,0,0,0,,,,
2026-08-23 21:15,44,22,22,,,,,0,0,0,,,,
2026-08-23 21:30,42,16,26,,,,,0,0,0,,,,
2026-08-23 21:45,43,19,24,,,,,0,0,0,,,,
2026-08-23 22:00,39,21,18,,,,,0,0,0,,,,
2026-08-23 22:15,22,8,14,,,,,0,0,0,,,,
2026-08-23 22:30,26,7,19,,,,,0,0,0,,,,
2026-08-23 22:45,20,6,14,,,,,0,0,0,,,,
2026-08-23 23:00,14,6,8,,,,,0,0,0,,,,
2026-08-23 23:15,19,7,12,,,,,0,0,0,,,,
2026-08-23 23:30,21,2,19,,,,,0,0,0,,,,
2026-08-23 23:45,9,3,6,,,,,0,0,0,,,,
2026-08-24 00:00,7,1,6,,,,,0,0,0,,,,
2026-08-24 00:15,4,2,2,,,,,0,0,0,,,,
2026-08-24 00:30,5,2,3,,,,,0,0,0,,,,
2026-08-24 00:45,3,3,0,,,,,0,0,0,,,,
2026-08-24 01:00,4,2,2,,,,,0,0,0,,,,
2026-08-24 01:15,2,1,1,,,,,0,0,0,,,,
2026-08-24 01:30,0,0,0,,,,,0,0,0,,,,
2026-08-24 01:45,1,0,1,,,,,0,0,0,,,,
2026-08-24 02:00,3,1,2,,,,,0,0,0,,,,
2026-08-24 02:15,1,1,0,,,,,0,0,0,,,,
2026-08-24 02:30,3,2,1,,,,,0,0,0,,,,
2026-08-24 02:45,3,2,1,,,,,0,0,0,,,,
2026-08-24 03:00,1,1,0,,,,,0,0,0,,,,
2026-08-24 03:15,0,0,0,,,,,0,0,0,,,,
2026-08-24 03:30,0,0,0,,,,,0,0,0,,,,
2026-08-24 03:45,2,2,0,,,,,0,0,0,,,,
2026-08-24 04:00,1,1,0,,,,,0,0,0,,,,
2026-08-24 04:15,4,1,3,,,,,0,0,0,,,,
2026-08-24 04:30,4,2,2,,,,,0,0,0,,,,
2026-08-24 04:45,13,5,8,,,,,0,0,0,,,,
2026-08-24 05:00,12,8,4,,,,,0,0,0,,,,
2026-08-24 05:15,14,5,9,,,,,0,0,0,,,,
2026-08-24 05:30,41,16,25,,,,,0,0,0,,,,
2026-08-24 05:45,38,20,18,,,,,0,0,0,,,,
2026-08-24 06:00,48,25,23,,,,,0,0,0,,,,
2026-08-24 06:15,80,36,44,,,,,0,0,0,,,,
2026-08-24 06:30,97,36,61,,,,,0,0,0,,,,
2026-08-24 06:45,127,66,61,,,,,0,0,0,,,,
2026-08-24 07:00,152,67,85,,,,,0,0,0,,,,
2026-08-24 07:15,180,72,108,,,,,0,0,0,,,,
2026-08-24 07:30,211,82,129,,,,,0,0,0,,,,
2026-08-24 07:45,217,116,101,,,,,0,0,0,,,,
2026-08-24 08:00,194,98,96,,,,,0,0,0,,,,
2026-08-24 08:15,197,87,110,,,,,0,0,0,,,,
2026-08-24 08:30,177,84,93,,,,,0,0,0,,,,
2026-08-24 08:45,174,88,86,,,,,0,0,0,,,,
2026-08-24 09:00,155,64,91,,,,,0,0,0,,,,
2026-08-24 09:15,100,44,56,,,,,0,0,0,,,,
2026-08-24 09:30,115,57,58,,,,,0,0,0,,,,
2026-08-24 09:45,157,65,92,,,,,0,0,0,,,,
2026-08-24 10:00,119,69,50,,,,,0,0,0,,,,
2026-08-24 10:15,103,44,59,,,,,0,0,0,,,,
2026-08-24 10:30,101,45,56,,,,,0,0,0,,,,
2026-08-24 10:45,132,68,64,,,,,0,0,0,,,,
2026-08-24 11:00,127,54,73,,,,,0,0,0,,,,
2026-08-24 11:15,103,45,58,,,,,0,0,0,,,,
2026-08-24 11:30,115,49,66,,,,,0,0,0,,,,
2026-08-24 11:45,138,70,68,,,,,0,0,0,,,,
2026-08-24 12:00,125,64,61,,,,,0,0,0,,,,
2026-08-24 12:15,151,69,82,,,,,0,0,0,,,,
2026-08-24 12:30,152,61,91,,,,,0,0,0,,,,
2026-08-24 12:45,162,68,94,,,,,0,0,0,,,,
2026-08-24 13:00,140,50,90,,,,,0,0,0,,,,
2026-08-24 13:15,162,81,81,,,,,0,0,0,,,,
2026-08-24 13:30,145,63,82,,,,,0,0,0,,,,
2026-08-24 13:45,172,86,86,,,,,0,0,0,,,,
2026-08-24 14:00,179,86,93,,,,,0,0,0,,,,
2026-08-24 14:15,188,101,87,,,,,0,0,0,,,,
2026-08-24 14:30,165,88,77,,,,,0,0,0,,,,
2026-08-24 14:45,196,101,95,,,,,0,0,0,,,,
2026-08-24 15:00,183,104,79,,,,,0,0,0,,,,
2026-08-24 15:15,228,136,92,,,,,0,0,0,,,,
2026-08-24 15:30,227,123,104,,,,,0,0,0,,,,
2026-08-24 15:45,254,139,115,,,,,0,0,0,,,,
2026-08-24 16:00,261,143,118,,,,,0,0,0,,,,
2026-08-24 16:15,281,136,145,,,,,0,0,0,,,,
2026-08-24 16:30,257,134,123,,,,,0,0,0,,,,
2026-08-24 16:45,294,162,132,,,,,0,0,0,,,,
2026-08-24 17:00,282,129,153,,,,,0,0,0,,,,
2026-08-24 17:15,283,140,143,,,,,0,0,0,,,,
2026-08-24 17:30,248,113,135,,,,,0,0,0,,,,
2026-08-24 17:45,251,130,121,,,,,0,0,0,,,,
2026-08-24 18:00,217,91,126,,,,,0,0,0,,,,
2026-08-24 18:15,230,91,139,,,,,0,0,0,,,,
2026-08-24 18:30,198,93,105,,,,,0,0,0,,,,
2026-08-24 18:45,215,103,112,,,,,0,0,0,,,,
2026-08-24 19:00,140,69,71,,,,,0,0,0,,,,
2026-08-24 19:15,138,68,70,,,,,0,0,0,,,,
2026-08-24 19:30,117,46,71,,,,,0,0,0,,,,
2026-08-24 19:45,118,63,55,,,,,0,0,0,,,,
2026-08-24 20:00,152,57,95,,,,,0,0,0,,,,
2026-08-24 20:15,123,71,52,,,,,0,0,0,,,,
2026-08-24 20:30,99,54,45,,,,,0,0,0,,,,
2026-08-24 20:45,82,46,36,,,,,0,0,0,,,,
2026-08-24 21:00,69,46,23,,,,,0,0,0,,,,
2026-08-24 21:15,86,39,47,,,,,0,0,0,,,,
2026-08-24 21:30,54,28,26,,,,,0,0,0,,,,
2026-08-24 21:45,44,22,22,,,,,0,0,0,,,,
2026-08-24 22:00,50,21,29,,,,,0,0,0,,,,
2026-08-24 22:15,48,23,25,,,,,0,0,0,,,,
2026-08-24 22:30,37,12,25,,,,,0,0,0,,,,
2026-08-24 22:45,38,8,30,,,,,0,0,0,,,,
2026-08-24 23:00,27,13,14,,,,,0,0,0,,,,
2026-08-24 23:15,20,7,13,,,,,0,0,0,,,,
2026-08-24 23:30,17,4,13,,,,,0,0,0,,,,
2026-08-24 23:45,14,4,10,,,,,0,0,0,,,,
2026-08-25 00:00,8,4,4,,,,,0,0,0,,,,
2026-08-25 00:15,8,5,3,,,,,0,0,0,,,,
2026-08-25 00:30,4,1,3,,,,,0,0,0,,,,
2026-08-25 00:45,4,1,3,,,,,0,0,0,,,,
2026-08-25 01:00,5,2,3,,,,,0,0,0,,,,
2026-08-25 01:15,4,3,1,,,,,0,0,0,,,,
2026-08-25 01:30,4,2,2,,,,,0,0,0,,,,
2026-08-25 01:45,4,1,3,,,,,0,0,0,,,,
2026-08-25 02:00,0,0,0,,,,,0,0,0,,,,
2026-08-25 02:15,3,2,1,,,,,0,0,0,,,,
2026-08-25 02:30,1,0,1,,,,,0,0,0,,,,
2026-08-25 02:45,0,0,0,,,,,0,0,0,,,,
2026-08-25 03:00,1,0,1,,,,,0,0,0,,,,
2026-08-25 03:15,3,2,1,,,,,0,0,0,,,,
2026-08-25 03:30,0,0,0,,,,,0,0,0,,,,
2026-08-25 03:45,2,1,1,,,,,0,0,0,,,,
2026-08-25 04:00,3,2,1,,,,,0,0,0,,,,
2026-08-25 04:15,4,3,1,,,,,0,0,0,,,,
2026-08-25 04:30,6,3,3,,,,,0,0,0,,,,
2026-08-25 04:45,8,4,4,,,,,0,0,0,,,,
2026-08-25 05:00,10,5,5,,,,,0,0,0,,,,
2026-08-25 05:15,13,4,9,,,,,0,0,0,,,,
2026-08-25 05:30,33,12,21,,,,,0,0,0,,,,
2026-08-25 05:45,43,25,18,,,,,0,0,0,,,,
2026-08-25 06:00,56,33,23,,,,,0,0,0,,,,
2026-08-25 06:15,77,36,41,,,,,0,0,0,,,,
2026-08-25 06:30,95,43,52,,,,,0,0,0,,,,
2026-08-25 06:45,140,67,73,,,,,0,0,0,,,,
2026-08-25 07:00,174,75,99,,,,,0,0,0,,,,
2026-08-25 07:15,176,77,99,,,,,0,0,0,,,,
2026-08-25 07:30,236,85,151,,,,,0,0,0,,,,
2026-08-25 07:45,278,146,132,,,,,0,0,0,,,,
2026-08-25 08:00,207,95,112,,,,,0,0,0,,,,
2026-08-25 08:15,233,128,105,,,,,0,0,0,,,,
2026-08-25 08:30,188,76,112,,,,,0,0,0,,,,
2026-08-25 08:45,224,106,118,,,,,0,0,0,,,,
2026-08-25 09:00,148,71,77,,,,,0,0,0,,,,
2026-08-25 09:15,151,68,83,,,,,0,0,0,,,,
2026-08-25 09:30,121,51,70,,,,,0,0,0,,,,
2026-08-25 09:45,161,79,82,,,,,0,0,0,,,,
2026-08-25 10:00,134,73,61,,,,,0,0,0,,,,
2026-08-25 10:15,99,37,62,,,,,0,0,0,,,,
2026-08-25 10:30,118,60,58,,,,,0,0,0,,,,
2026-08-25 10:45,142,80,62,,,,,0,0,0,,,,
2026-08-25 11:00,145,72,73,,,,,0,0,0,,,,
2026-08-25 11:15,129,54,75,,,,,0,0,0,,,,
2026-08-25 11:30,125,54,71,,,,,0,0,0,,,,
2026-08-25 11:45,175,74,101,,,,,0,0,0,,,,
2026-08-25 12:00,157,81,76,,,,,0,0,0,,,,
2026-08-25 12:15,186,77,109,,,,,0,0,0,,,,
2026-08-25 12:30,178,59,119,,,,,0,0,0,,,,
2026-08-25 12:45,167,84,83,,,,,0,0,0,,,,
2026-08-25 13:00,150,65,85,,,,,0,0,0,,,,
2026-08-25 13:15,204,99,105,,,,,0,0,0,,,,
2026-08-25 13:30,180,89,91,,,,,0,0,0,,,,
2026-08-25 13:45,198,120,78,,,,,0,0,0,,,,
2026-08-25 14:00,165,85,80,,,,,0,0,0,,,,
2026-08-25 14:15,185,88,97,,,,,0,0,0,,,,
2026-08-25 14:30,190,102,88,,,,,0,0,0,,,,
2026-08-25 14:45,258,138,120,,,,,0,0,0,,,,
2026-08-25 15:00,195,101,94,,,,,0,0,0,,,,
2026-08-25 15:15,206,112,94,,,,,0,0,0,,,,
2026-08-25 15:30,228,116,112,,,,,0,0,0,,,,
2026-08-25 15:45,282,155,127,,,,,0,0,0,,,,
2026-08-25 16:00,275,165,110,,,,,0,0,0,,,,
2026-08-25 16:15,303,171,132,,,,,0,0,0,,,,
2026-08-25 16:30,296,147,149,,,,,0,0,0,,,,
2026-08-25 16:45,300,146,154,,,,,0,0,0,,,,
2026-08-25 17:00,273,130,143,,,,,0,0,0,,,,
2026-08-25 17:15,288,131,157,,,,,0,0,0,,,,
2026-08-25 17:30,265,144,121,,,,,0,0,0,,,,
2026-08-25 17:45,270,134,136,,,,,0,0,0,,,,
2026-08-25 18:00,252,119,133,,,,,0,0,0,,,,
2026-08-25 18:15,224,116,108,,,,,0,0,0,,,,
2026-08-25 18:30,182,82,100,,,,,0,0,0,,,,
2026-08-25 18:45,204,95,109,,,,,0,0,0,,,,
2026-08-25 19:00,167,86,81,,,,,0,0,0,,,,
2026-08-25 19:15,135,68,67,,,,,0,0,0,,,,
2026-08-25 19:30,110,59,51,,,,,0,0,0,,,,
2026-08-25 19:45,132,55,77,,,,,0,0,0,,,,
2026-08-25 20:00,142,77,65,,,,,0,0,0,,,,
2026-08-25 20:15,114,62,52,,,,,0,0,0,,,,
2026-08-25 20:30,100,50,50,,,,,0,0,0,,,,
2026-08-25 20:45,84,47,37,,,,,0,0,0,,,,
2026-08-25 21:00,87,49,38,,,,,0,0,0,,,,
2026-08-25 21:15,65,28,37,,,,,0,0,0,,,,
2026-08-25 21:30,77,38,39,,,,,0,0,0,,,,
2026-08-25 21:45,56,23,33,,,,,0,0,0,,,,
2026-08-25 22:00,67,32,35,,,,,0,0,0,,,,
2026-08-25 22:15,60,27,33,,,,,0,0,0,,,,
2026-08-25 22:30,64,26,38,,,,,0,0,0,,,,
2026-08-25 22:45,36,13,23,,,,,0,0,0,,,,
2026-08-25 23:00,35,14,21,,,,,0,0,0,,,,
2026-08-25 23:15,18,4,14,,,,,0,0,0,,,,
2026-08-25 23:30,20,14,6,,,,,0,0,0,,,,
2026-08-25 23:45,21,12,9,,,,,0,0,0,,,,
2026-08-26 00:00,10,4,6,,,,,0,0,0,,,,
2026-08-26 00:15,21,7,14,,,,,0,0,0,,,,
2026-08-26 00:30,6,4,2,,,,,0,0,0,,,,
2026-08-26 00:45,13,6,7,,,,,0,0,0,,,,
2026-08-26 01:00,11,1,10,,,,,0,0,0,,,,
2026-08-26 01:15,8,3,5,,,,,0,0,0,,,,
2026-08-26 01:30,4,3,1,,,,,0,0,0,,,,
2026-08-26 01:45,4,1,3,,,,,0,0,0,,,,
2026-08-26 02:00,4,0,4,,,,,0,0,0,,,,
2026-08-26 02:15,3,0,3,,,,,0,0,0,,,,
2026-08-26 02:30,5,0,5,,,,,0,0,0,,,,
2026-08-26 02:45,0,0,0,,,,,0,0,0,,,,
2026-08-26 03:00,4,0,4,,,,,0,0,0,,,,
2026-08-26 03:15,3,3,0,,,,,0,0,0,,,,
2026-08-26 03:30,1,1,0,,,,,0,0,0,,,,
2026-08-26 03:45,5,2,3,,,,,0,0,0,,,,
2026-08-26 04:00,0,0,0,,,,,0,0,0,,,,
2026-08-26 04:15,3,2,1,,,,,0,0,0,,,,
2026-08-26 04:30,4,1,3,,,,,0,0,0,,,,
2026-08-26 04:45,8,5,3,,,,,0,0,0,,,,
2026-08-26 05:00,7,6,1,,,,,0,0,0,,,,
2026-08-26 05:15,10,2,8,,,,,0,0,0,,,,
2026-08-26 05:30,26,12,14,,,,,0,0,0,,,,
2026-08-26 05:45,49,26,23,,,,,0,0,0,,,,
2026-08-26 06:00,40,21,19,,,,,0,0,0,,,,
2026-08-26 06:15,79,35,44,,,,,0,0,0,,,,
2026-08-26 06:30,100,30,70,,,,,0,0,0,,,,
2026-08-26 06:45,137,73,64,,,,,0,0,0,,,,
2026-08-26 07:00,160,71,89,,,,,0,0,0,,,,
2026-08-26 07:15,167,85,82,,,,,0,0,0,,,,
2026-08-26 07:30,207,97,110,,,,,0,0,0,,,,
2026-08-26 07:45,280,139,141,,,,,0,0,0,,,,
2026-08-26 08:00,222,110,112,,,,,0,0,0,,,,
2026-08-26 08:15,247,139,108,,,,,0,0,0,,,,
2026-08-26 08:30,190,85,105,,,,,0,0,0,,,,
2026-08-26 08:45,250,115,135,,,,,0,0,0,,,,
2026-08-26 09:00,155,76,79,,,,,0,0,0,,,,
2026-08-26 09:15,140,83,57,,,,,0,0,0,,,,
2026-08-26 09:30,153,70,83,,,,,0,0,0,,,,
2026-08-26 09:45,172,82,90,,,,,0,0,0,,,,
2026-08-26 10:00,143,80,63,,,,,0,0,0,,,,
2026-08-26 10:15,169,91,78,,,,,0,0,0,,,,
2026-08-26 10:30,136,67,69,,,,,0,0,0,,,,
2026-08-26 10:45,194,110,84,,,,,0,0,0,,,,
2026-08-26 11:00,135,68,67,,,,,0,0,0,,,,
2026-08-26 11:15,101,41,60,,,,,0,0,0,,,,
2026-08-26 11:30,135,73,62,,,,,0,0,0,,,,
2026-08-26 11:45,150,81,69,,,,,0,0,0,,,,
2026-08-26 12:00,179,83,96,,,,,0,0,0,,,,
2026-08-26 12:15,181,87,94,,,,,0,0,0,,,,
2026-08-26 12:30,170,78,92,,,,,0,0,0,,,,
2026-08-26 12:45,210,91,119,,,,,0,0,0,,,,
2026-08-26 13:00,205,111,94,,,,,0,0,0,,,,
2026-08-26 13:15,200,117,83,,,,,0,0,0,,,,
2026-08-26 13:30,182,79,103,,,,,0,0,0,,,,
2026-08-26 13:45,203,105,98,,,,,0,0,0,,,,
2026-08-26 14:00,176,91,85,,,,,0,0,0,,,,
2026-08-26 14:15,193,93,100,,,,,0,0,0,,,,
2026-08-26 14:30,198,103,95,,,,,0,0,0,,,,
2026-08-26 14:45,251,149,102,,,,,0,0,0,,,,
2026-08-26 15:00,221,111,110,,,,,0,0,0,,,,
2026-08-26 15:15,241,131,110,,,,,0,0,0,,,,
2026-08-26 15:30,254,122,132,,,,,0,0,0,,,,
2026-08-26 15:45,269,177,92,,,,,0,0,0,,,,
2026-08-26 16:00,270,147,123,,,,,0,0,0,,,,
2026-08-26 16:15,308,164,144,,,,,0,0,0,,,,
2026-08-26 16:30,269,154,115,,,,,0,0,0,,,,
2026-08-26 16:45,323,172,151,,,,,0,0,0,,,,
2026-08-26 17:00,278,129,149,,,,,0,0,0,,,,
2026-08-26 17:15,316,175,141,,,,,0,0,0,,,,
2026-08-26 17:30,267,125,142,,,,,0,0,0,,,,
2026-08-26 17:45,275,135,140,,,,,0,0,0,,,,
2026-08-26 18:00,221,118,103,,,,,0,0,0,,,,
2026-08-26 18:15,245,115,130,,,,,0,0,0,,,,
2026-08-26 18:30,216,105,111,,,,,0,0,0,,,,
2026-08-26 18:45,231,102,129,,,,,0,0,0,,,,
2026-08-26 19:00,194,109,85,,,,,0,0,0,,,,
2026-08-26 19:15,166,86,80,,,,,0,0,0,,,,
2026-08-26 19:30,149,69,80,,,,,0,0,0,,,,
2026-08-26 19:45,121,57,64,,,,,0,0,0,,,,
2026-08-26 20:00,129,66,63,,,,,0,0,0,,,,
2026-08-26 20:15,134,67,67,,,,,0,0,0,,,,
2026-08-26 20:30,119,68,51,,,,,0,0,0,,,,
2026-08-26 20:45,97,57,40,,,,,0,0,0,,,,
2026-08-26 21:00,110,58,52,,,,,0,0,0,,,,
2026-08-26 21:15,101,47,54,,,,,0,0,0,,,,
2026-08-26 21:30,90,36,54,,,,,0,0,0,,,,
2026-08-26 21:45,73,44,29,,,,,0,0,0,,,,
2026-08-26 22:00,86,40,46,,,,,0,0,0,,,,
2026-08-26 22:15,53,24,29,,,,,0,0,0,,,,
2026-08-26 22:30,77,34,43,,,,,0,0,0,,,,
2026-08-26 22:45,49,19,30,,,,,0,0,0,,,,
2026-08-26 23:00,41,11,30,,,,,0,0,0,,,,
2026-08-26 23:15,54,29,25,,,,,0,0,0,,,,
2026-08-26 23:30,46,11,35,,,,,0,0,0,,,,
2026-08-26 23:45,19,8,11,,,,,0,0,0,,,,
2026-08-27 00:00,17,5,12,,,,,0,0,0,,,,
2026-08-27 00:15,30,11,19,,,,,0,0,0,,,,
2026-08-27 00:30,12,2,10,,,,,0,0,0,,,,
2026-08-27 00:45,19,8,11,,,,,0,0,0,,,,
2026-08-27 01:00,5,2,3,,,,,0,0,0,,,,
2026-08-27 01:15,12,3,9,,,,,0,0,0,,,,
2026-08-27 01:30,10,4,6,,,,,0,0,0,,,,
2026-08-27 01:45,9,4,5,,,,,0,0,0,,,,
2026-08-27 02:00,7,1,6,,,,,0,0,0,,,,
2026-08-27 02:15,9,5,4,,,,,0,0,0,,,,
2026-08-27 02:30,4,1,3,,,,,0,0,0,,,,
2026-08-27 02:45,3,0,3,,,,,0,0,0,,,,
2026-08-27 03:00,2,1,1,,,,,0,0,0,,,,
2026-08-27 03:15,1,1,0,,,,,0,0,0,,,,
2026-08-27 03:30,5,4,1,,,,,0,0,0,,,,
2026-08-27 03:45,6,4,2,,,,,0,0,0,,,,
2026-08-27 04:00,5,4,1,,,,,0,0,0,,,,
2026-08-27 04:15,4,2,2,,,,,0,0,0,,,,
2026-08-27 04:30,6,2,4,,,,,0,0,0,,,,
2026-08-27 04:45,6,4,2,,,,,0,0,0,,,,
2026-08-27 05:00,12,7,5,,,,,0,0,0,,,,
2026-08-27 05:15,10,5,5,,,,,0,0,0,,,,
2026-08-27 05:30,48,14,34,,,,,0,0,0,,,,
2026-08-27 05:45,50,27,23,,,,,0,0,0,,,,
2026-08-27 06:00,46,19,27,,,,,0,0,0,,,,
2026-08-27 06:15,65,31,34,,,,,0,0,0,,,,
2026-08-27 06:30,109,39,70,,,,,0,0,0,,,,
2026-08-27 06:45,128,65,63,,,,,0,0,0,,,,
2026-08-27 07:00,157,74,83,,,,,0,0,0,,,,
2026-08-27 07:15,177,77,100,,,,,0,0,0,,,,
2026-08-27 07:30,220,85,135,,,,,0,0,0,,,,
2026-08-27 07:45,284,127,157,,,,,0,0,0,,,,
2026-08-27 08:00,210,104,106,,,,,0,0,0,,,,
2026-08-27 08:15,237,122,115,,,,,0,0,0,,,,
2026-08-27 08:30,232,112,120,,,,,0,0,0,,,,
2026-08-27 08:45,206,97,109,,,,,0,0,0,,,,
2026-08-27 09:00,175,93,82,,,,,0,0,0,,,,
2026-08-27 09:15,145,88,57,,,,,0,0,0,,,,
2026-08-27 09:30,142,62,80,,,,,0,0,0,,,,
2026-08-27 09:45,192,101,91,,,,,0,0,0,,,,
2026-08-27 10:00,158,75,83,,,,,0,0,0,,,,
2026-08-27 10:15,121,42,79,,,,,0,0,0,,,,
2026-08-27 10:30,127,63,64,,,,,0,0,0,,,,
2026-08-27 10:45,145,82,63,,,,,0,0,0,,,,
2026-08-27 11:00,128,70,58,,,,,0,0,0,,,,
2026-08-27 11:15,147,64,83,,,,,0,0,0,,,,
2026-08-27 11:30,151,67,84,,,,,0,0,0,,,,
2026-08-27 11:45,159,70,89,,,,,0,0,0,,,,
2026-08-27 12:00,173,82,91,,,,,0,0,0,,,,
2026-08-27 12:15,171,83,88,,,,,0,0,0,,,,
2026-08-27 12:30,185,83,102,,,,,0,0,0,,,,
2026-08-27 12:45,199,108,91,,,,,0,0,0,,,,
2026-08-27 13:00,196,86,110,,,,,0,0,0,,,,
2026-08-27 13:15,187,84,103,,,,,0,0,0,,,,
2026-08-27 13:30,233,130,103,,,,,0,0,0,,,,
2026-08-27 13:45,203,120,83,,,,,0,0,0,,,,
2026-08-27 14:00,188,83,105,,,,,0,0,0,,,,
2026-08-27 14:15,206,111,95,,,,,0,0,0,,,,
2026-08-27 14:30,234,104,130,,,,,0,0,0,,,,
2026-08-27 14:45,229,121,108,,,,,0,0,0,,,,
2026-08-27 15:00,254,149,105,,,,,0,0,0,,,,
2026-08-27 15:15,246,138,108,,,,,0,0,0,,,,
2026-08-27 15:30,250,131,119,,,,,0,0,0,,,,
2026-08-27 15:45,277,156,121,,,,,0,0,0,,,,
2026-08-27 16:00,267,148,119,,,,,0,0,0,,,,
2026-08-27 16:15,311,176,135,,,,,0,0,0,,,,
2026-08-27 16:30,241,124,117,,,,,0,0,0,,,,
2026-08-27 16:45,262,127,135,,,,,0,0,0,,,,
2026-08-27 17:00,268,128,140,,,,,0,0,0,,,,
2026-08-27 17:15,293,152,141,,,,,0,0,0,,,,
2026-08-27 17:30,292,141,151,,,,,0,0,0,,,,
2026-08-27 17:45,266,145,121,,,,,0,0,0,,,,
2026-08-27 18:00,261,132,129,,,,,0,0,0,,,,
2026-08-27 18:15,240,103,137,,,,,0,0,0,,,,
2026-08-27 18:30,197,90,107,,,,,0,0,0,,,,
2026-08-27 18:45,217,104,113,,,,,0,0,0,,,,
2026-08-27 19:00,167,80,87,,,,,0,0,0,,,,
2026-08-27 19:15,140,58,82,,,,,0,0,0,,,,
2026-08-27 19:30,152,68,84,,,,,0,0,0,,,,
2026-08-27 19:45,153,70,83,,,,,0,0,0,,,,
2026-08-27 20:00,144,72,72,,,,,0,0,0,,,,
2026-08-27 20:15,123,53,70,,,,,0,0,0,,,,
2026-08-27 20:30,105,66,39,,,,,0,0,0,,,,
2026-08-27 20:45,105,59,46,,,,,0,0,0,,,,
2026-08-27 21:00,115,67,48,,,,,0,0,0,,,,
2026-08-27 21:15,81,53,28,,,,,0,0,0,,,,
2026-08-27 21:30,58,25,33,,,,,0,0,0,,,,
2026-08-27 21:45,63,30,33,,,,,0,0,0,,,,
2026-08-27 22:00,87,37,50,,,,,0,0,0,,,,
2026-08-27 22:15,71,41,30,,,,,0,0,0,,,,
2026-08-27 22:30,64,20,44,,,,,0,0,0,,,,
2026-08-27 22:45,63,22,41,,,,,0,0,0,,,,
2026-08-27 23:00,46,11,35,,,,,0,0,0,,,,
2026-08-27 23:15,44,16,28,,,,,0,0,0,,,,
2026-08-27 23:30,29,9,20,,,,,0,0,0,,,,
2026-08-27 23:45,25,10,15,,,,,0,0,0,,,,
